date,adj_close
2003-04-14,7.1993
2003-04-15,7.2848
2003-04-16,7.3689
2003-04-17,7.4217
2003-04-21,7.4188
2003-04-22,7.4438
2003-04-23,7.4787
2003-04-24,7.3312
2003-04-25,7.2100
2003-04-28,7.3290
2003-04-29,7.5379
2003-04-30,7.5165
2003-05-01,7.4873
2003-05-02,7.6020
2003-05-05,7.6840
2003-05-06,7.7232
2003-05-07,7.7089
2003-05-08,7.6412
2003-05-09,7.7310
2003-05-12,7.8387
2003-05-13,7.7945
2003-05-14,7.7553
2003-05-15,7.7709
2003-05-16,7.7767
2003-05-19,7.5913
2003-05-20,7.6291
2003-05-21,7.6355
2003-05-22,7.7047
2003-05-23,7.7838
2003-05-27,8.0625
2003-05-28,8.0974
2003-05-29,8.1081
2003-05-30,8.2022
2003-06-02,8.2614
2003-06-03,8.1986
2003-06-04,8.3041
2003-06-05,8.3127
2003-06-06,8.3904
2003-06-09,8.3184
2003-06-10,8.4039
2003-06-11,8.4110
2003-06-12,8.4745
2003-06-13,8.4716
2003-06-16,8.5629
2003-06-17,8.7389
2003-06-18,8.7069
2003-06-19,8.7069
2003-06-20,8.7069
2003-06-23,8.4930
2003-06-24,8.4303
2003-06-25,8.5001
2003-06-26,8.5921
2003-06-27,8.5522
2003-06-30,8.5465
2003-07-01,8.6391
2003-07-02,8.8423
2003-07-03,8.8672
2003-07-07,9.0868
2003-07-08,9.1124
2003-07-09,9.0911
2003-07-10,8.9314
2003-07-11,9.0062
2003-07-14,9.1645
2003-07-15,9.0490
2003-07-16,9.0561
2003-07-17,8.8195
2003-07-18,8.9371
2003-07-21,8.8188
2003-07-22,8.9243
2003-07-23,8.8672
2003-07-24,8.9100
2003-07-25,9.0561
2003-07-28,9.1060
2003-07-29,9.0547
2003-07-30,8.9884
2003-07-31,9.0312
2003-08-01,9.0511
2003-08-04,9.0112
2003-08-05,8.9143
2003-08-06,8.8744
2003-08-07,8.9392
2003-08-08,8.9991
2003-08-11,9.0383
2003-08-12,9.0739
2003-08-13,9.2023
2003-08-14,9.3234
2003-08-15,9.2308
2003-08-18,9.4275
2003-08-19,9.4738
2003-08-20,9.4753
2003-08-21,9.6492
2003-08-22,9.6984
2003-08-25,9.6228
2003-08-26,9.5052
2003-08-27,9.6157
2003-08-28,9.6827
2003-08-29,9.7525
2003-09-02,9.8972
2003-09-03,9.9756
2003-09-04,10.0113
2003-09-05,10.0020
2003-09-08,10.1916
2003-09-09,10.0148
2003-09-10,9.8480
2003-09-11,9.8366
2003-09-12,9.9065
2003-09-15,9.7604
2003-09-16,9.9614
2003-09-17,9.9186
2003-09-18,10.0327
2003-09-19,9.9863
2003-09-22,9.8231
2003-09-23,9.8473
2003-09-24,9.8652
2003-09-25,9.7190
2003-09-26,9.6513
2003-09-29,9.7197
2003-09-30,9.6891
2003-10-01,9.9436
2003-10-02,10.0861
2003-10-03,10.1859
2003-10-06,10.2251
2003-10-07,10.2144
2003-10-08,10.2907
2003-10-09,10.4639
2003-10-10,10.5922
2003-10-13,10.7526
2003-10-14,10.5473
2003-10-15,10.6749
2003-10-16,10.6720
2003-10-17,10.6072
2003-10-20,10.6663
2003-10-21,10.7198
2003-10-22,10.5623
2003-10-23,10.4069
2003-10-24,10.3520
2003-10-27,10.4710
2003-10-28,10.6143
2003-10-29,10.7027
2003-10-30,10.6642
2003-10-31,10.5787
2003-11-03,10.8310
2003-11-04,10.8609
2003-11-05,10.8752
2003-11-06,10.7975
2003-11-07,10.8089
2003-11-10,10.6599
2003-11-11,10.5231
2003-11-12,10.7105
2003-11-13,10.7932
2003-11-14,10.7383
2003-11-17,10.5288
2003-11-18,10.5494
2003-11-19,10.4810
2003-11-20,10.3456
2003-11-21,10.4354
2003-11-24,10.5487
2003-11-25,10.5851
2003-11-26,10.6820
2003-11-28,10.7775
2003-12-01,11.0862
2003-12-02,11.0370
2003-12-03,10.9985
2003-12-04,10.9229
2003-12-05,10.9023
2003-12-08,10.9237
2003-12-09,10.8780
2003-12-10,10.8346
2003-12-11,11.0320
2003-12-12,11.0826
2003-12-15,11.0912
2003-12-16,11.0448
2003-12-17,10.9165
2003-12-18,11.0926
2003-12-19,11.1197
2003-12-22,11.2767
2003-12-23,11.3075
2003-12-24,11.3440
2003-12-26,11.3726
2003-12-29,11.5445
2003-12-30,11.5996
2003-12-31,11.7458
2004-01-02,12.0074
2004-01-05,12.4287
2004-01-06,12.2882
2004-01-07,12.3169
2004-01-08,12.3635
2004-01-09,12.3413
2004-01-12,12.3305
2004-01-13,12.2603
2004-01-14,12.2797
2004-01-15,12.0289
2004-01-16,12.0805
2004-01-20,12.4316
2004-01-21,12.4480
2004-01-22,12.4165
2004-01-23,12.3957
2004-01-26,12.4781
2004-01-27,12.4151
2004-01-28,12.2395
2004-01-29,12.0468
2004-01-30,12.0303
2004-02-02,12.0332
2004-02-03,11.9658
2004-02-04,11.8583
2004-02-05,11.8548
2004-02-06,12.1249
2004-02-09,12.2997
2004-02-10,12.2890
2004-02-11,12.4796
2004-02-12,12.4731
2004-02-13,12.4817
2004-02-17,12.7325
2004-02-18,12.5591
2004-02-19,12.4495
2004-02-20,12.3097
2004-02-23,12.2023
2004-02-24,12.1378
2004-02-25,12.2703
2004-02-26,12.3312
2004-02-27,12.5061
2004-03-01,12.7912
2004-03-02,12.6895
2004-03-03,12.6107
2004-03-04,12.6967
2004-03-05,12.7432
2004-03-08,12.6214
2004-03-09,12.5390
2004-03-10,12.2524
2004-03-11,11.9873
2004-03-12,12.0876
2004-03-15,11.8619
2004-03-16,12.0088
2004-03-17,12.1736
2004-03-18,12.2453
2004-03-19,12.0840
2004-03-22,11.8906
2004-03-23,12.0102
2004-03-24,12.0196
2004-03-25,12.1371
2004-03-26,12.1149
2004-03-29,12.2703
2004-03-30,12.4208
2004-03-31,12.5749
2004-04-01,12.6773
2004-04-02,12.8041
2004-04-05,12.8937
2004-04-06,12.9654
2004-04-07,12.9188
2004-04-08,12.9295
2004-04-12,13.0291
2004-04-13,12.8772
2004-04-14,12.6873
2004-04-15,12.5820
2004-04-16,12.6752
2004-04-19,12.6967
2004-04-20,12.5856
2004-04-21,12.4925
2004-04-22,12.4889
2004-04-23,12.5820
2004-04-26,12.4029
2004-04-27,12.3370
2004-04-28,11.9837
2004-04-29,11.5889
2004-04-30,11.3425
2004-05-03,11.4564
2004-05-04,11.6806
2004-05-05,11.7093
2004-05-06,11.4664
2004-05-07,11.2085
2004-05-10,10.6675
2004-05-11,10.9842
2004-05-12,10.9878
2004-05-13,10.9591
2004-05-14,10.6704
2004-05-17,10.2433
2004-05-18,10.5478
2004-05-19,10.8395
2004-05-20,10.7728
2004-05-21,10.9498
2004-05-24,11.1203
2004-05-25,11.3654
2004-05-26,11.3210
2004-05-27,11.5001
2004-05-28,11.4750
2004-06-01,11.3955
2004-06-02,11.3955
2004-06-03,11.1425
2004-06-04,11.3066
2004-06-07,11.6971
2004-06-08,11.5345
2004-06-09,11.2737
2004-06-10,11.2866
2004-06-14,10.8516
2004-06-15,11.0616
2004-06-16,10.9133
2004-06-17,10.9677
2004-06-18,10.9054
2004-06-21,10.9555
2004-06-22,11.0716
2004-06-23,11.2686
2004-06-24,11.3138
2004-06-25,11.4284
2004-06-28,11.3310
2004-06-29,11.4177
2004-06-30,11.5810
2004-07-01,11.4363
2004-07-02,11.4356
2004-07-06,11.3131
2004-07-07,11.4607
2004-07-08,11.2973
2004-07-09,11.3575
2004-07-12,11.3281
2004-07-13,11.3797
2004-07-14,11.2708
2004-07-15,11.2120
2004-07-16,11.3353
2004-07-19,11.3181
2004-07-20,11.3661
2004-07-21,11.2350
2004-07-22,11.2350
2004-07-23,11.0415
2004-07-26,10.9391
2004-07-27,11.1476
2004-07-28,11.1440
2004-07-29,11.2135
2004-07-30,11.1597
2004-08-02,11.1038
2004-08-03,11.1167
2004-08-04,11.1275
2004-08-05,11.0558
2004-08-06,10.9756
2004-08-09,11.0673
2004-08-10,11.1920
2004-08-11,11.0881
2004-08-12,10.9641
2004-08-13,10.9813
2004-08-16,11.1311
2004-08-17,11.2056
2004-08-18,11.3382
2004-08-19,11.3503
2004-08-20,11.4069
2004-08-23,11.4686
2004-08-24,11.4356
2004-08-25,11.5717
2004-08-26,11.5875
2004-08-27,11.5660
2004-08-30,11.5037
2004-08-31,11.5538
2004-09-01,11.6491
2004-09-02,11.7939
2004-09-03,11.6685
2004-09-07,11.7580
2004-09-08,11.7509
2004-09-09,11.7867
2004-09-10,11.8985
2004-09-13,12.0074
2004-09-14,12.0031
2004-09-15,11.9501
2004-09-16,12.0998
2004-09-17,12.1808
2004-09-20,12.1930
2004-09-21,12.3205
2004-09-22,12.1342
2004-09-23,12.1879
2004-09-24,12.1535
2004-09-27,12.0812
2004-09-28,12.2309
2004-09-29,12.2954
2004-09-30,12.3599
2004-10-01,12.5964
2004-10-04,12.8113
2004-10-05,12.7167
2004-10-06,12.8636
2004-10-07,12.7540
2004-10-08,12.6608
2004-10-11,12.7268
2004-10-12,12.5261
2004-10-13,12.3563
2004-10-14,12.1879
2004-10-15,12.3506
2004-10-18,12.4817
2004-10-19,12.4215
2004-10-20,12.3434
2004-10-21,12.5211
2004-10-22,12.4316
2004-10-25,12.4652
2004-10-26,12.5104
2004-10-27,12.7253
2004-10-28,12.6623
2004-10-29,12.7117
2004-11-01,12.8063
2004-11-02,12.8357
2004-11-03,13.0227
2004-11-04,13.2197
2004-11-05,13.2699
2004-11-08,13.1201
2004-11-09,13.2047
2004-11-10,13.2197
2004-11-11,13.3702
2004-11-12,13.5959
2004-11-15,13.6088
2004-11-16,13.4533
2004-11-17,13.7571
2004-11-18,13.7822
2004-11-19,13.5851
2004-11-22,13.6382
2004-11-23,13.6618
2004-11-24,13.8073
2004-11-26,14.0366
2004-11-29,13.9506
2004-11-30,13.9764
2004-12-01,14.0831
2004-12-02,14.0623
2004-12-03,14.1261
2004-12-06,14.1061
2004-12-07,13.8897
2004-12-08,13.8166
2004-12-09,13.5916
2004-12-10,13.5780
2004-12-13,13.7843
2004-12-14,13.9112
2004-12-15,14.1039
2004-12-16,14.0330
2004-12-17,14.0007
2004-12-20,14.1834
2004-12-21,14.3196
2004-12-22,14.3160
2004-12-23,14.4134
2004-12-27,14.4025
2004-12-28,14.4772
2004-12-29,14.5570
2004-12-30,14.5200
2004-12-31,14.6397
2005-01-03,14.4874
2005-01-04,14.0413
2005-01-05,13.8694
2005-01-06,13.8600
2005-01-07,13.8868
2005-01-10,13.9043
2005-01-11,13.8781
2005-01-12,14.0486
2005-01-13,13.9906
2005-01-14,14.2408
2005-01-18,14.2154
2005-01-19,14.0196
2005-01-20,13.8455
2005-01-21,14.0341
2005-01-24,14.0123
2005-01-25,14.1392
2005-01-26,14.3459
2005-01-27,14.3597
2005-01-28,14.3728
2005-01-31,14.5621
2005-02-01,14.6868
2005-02-02,14.7332
2005-02-03,14.7180
2005-02-04,14.9479
2005-02-07,14.9951
2005-02-08,15.0241
2005-02-09,14.9755
2005-02-10,15.0480
2005-02-11,15.1945
2005-02-14,15.3033
2005-02-15,15.3396
2005-02-16,15.2924
2005-02-17,15.2670
2005-02-18,15.4549
2005-02-22,15.3983
2005-02-23,15.4694
2005-02-24,15.7095
2005-02-25,15.9989
2005-02-28,15.9720
2005-03-01,16.0170
2005-03-02,15.7530
2005-03-03,15.7965
2005-03-04,15.9851
2005-03-07,16.0902
2005-03-08,15.9677
2005-03-09,15.8763
2005-03-10,15.7240
2005-03-11,15.6355
2005-03-14,15.5158
2005-03-15,15.1292
2005-03-16,15.0009
2005-03-17,15.2743
2005-03-18,15.2054
2005-03-21,14.9856
2005-03-22,14.7086
2005-03-23,14.5222
2005-03-24,14.5062
2005-03-28,14.6063
2005-03-29,14.2284
2005-03-30,14.5526
2005-03-31,14.7086
2005-04-01,14.7956
2005-04-04,14.8282
2005-04-05,14.8246
2005-04-06,15.0277
2005-04-07,15.1793
2005-04-08,15.1075
2005-04-11,14.9624
2005-04-12,15.1510
2005-04-13,14.8493
2005-04-14,14.4692
2005-04-15,14.1646
2005-04-18,14.3322
2005-04-19,14.5722
2005-04-20,14.2284
2005-04-21,14.6382
2005-04-22,14.4765
2005-04-25,14.7506
2005-04-26,14.5998
2005-04-27,14.4678
2005-04-28,14.2372
2005-04-29,14.5251
2005-05-02,14.6216
2005-05-03,14.6078
2005-05-04,15.0059
2005-05-05,15.0850
2005-05-06,15.1256
2005-05-09,15.1394
2005-05-10,14.7992
2005-05-11,14.8681
2005-05-12,14.6143
2005-05-13,14.4642
2005-05-16,14.6361
2005-05-17,14.6397
2005-05-18,14.9312
2005-05-19,14.9856
2005-05-20,14.9479
2005-05-23,14.9972
2005-05-24,14.9537
2005-05-25,14.8464
2005-05-26,15.0132
2005-05-27,15.1147
2005-05-31,14.9842
2005-06-01,15.1612
2005-06-02,15.2765
2005-06-03,15.1974
2005-06-06,15.3505
2005-06-07,15.2743
2005-06-08,15.2163
2005-06-09,15.2961
2005-06-10,15.3396
2005-06-13,15.4005
2005-06-14,15.4636
2005-06-15,15.5789
2005-06-16,15.7182
2005-06-17,15.9075
2005-06-20,15.7639
2005-06-21,15.6877
2005-06-22,15.8357
2005-06-23,15.5572
2005-06-24,15.5028
2005-06-27,15.6007
2005-06-28,15.7182
2005-06-29,15.6268
2005-06-30,15.5789
2005-07-01,15.6355
2005-07-05,15.7051
2005-07-06,15.6290
2005-07-07,15.6747
2005-07-08,15.8378
2005-07-11,16.0794
2005-07-12,16.2708
2005-07-13,16.2599
2005-07-14,16.3535
2005-07-15,16.2643
2005-07-18,16.2143
2005-07-19,16.3992
2005-07-20,16.4014
2005-07-21,16.5798
2005-07-22,16.5406
2005-07-25,16.3970
2005-07-26,16.4906
2005-07-27,16.5798
2005-07-28,16.7865
2005-07-29,16.7756
2005-08-01,17.0498
2005-08-02,17.3522
2005-08-03,17.3087
2005-08-04,17.1564
2005-08-05,16.8409
2005-08-08,16.9562
2005-08-09,17.2978
2005-08-10,17.4828
2005-08-11,17.3848
2005-08-12,17.1999
2005-08-15,17.3196
2005-08-16,17.0193
2005-08-17,17.0302
2005-08-18,16.7169
2005-08-19,16.6516
2005-08-22,16.8583
2005-08-23,16.6995
2005-08-24,16.4819
2005-08-25,16.6668
2005-08-26,16.6451
2005-08-29,16.8278
2005-08-30,16.6516
2005-08-31,16.9976
2005-09-01,17.2325
2005-09-02,17.3848
2005-09-06,17.6024
2005-09-07,17.6242
2005-09-08,17.5959
2005-09-09,17.8548
2005-09-12,17.8287
2005-09-13,17.6285
2005-09-14,17.5654
2005-09-15,17.6677
2005-09-16,17.9397
2005-09-19,17.9136
2005-09-20,17.9614
2005-09-21,18.1312
2005-09-22,17.9506
2005-09-23,17.9353
2005-09-26,18.0942
2005-09-27,17.9745
2005-09-28,18.1790
2005-09-29,18.4989
2005-09-30,18.4684
2005-10-03,18.5859
2005-10-04,18.4118
2005-10-05,17.8526
2005-10-06,17.2282
2005-10-07,17.6546
2005-10-10,17.5959
2005-10-11,17.6721
2005-10-12,17.1303
2005-10-13,17.0237
2005-10-14,16.9584
2005-10-17,17.1455
2005-10-18,16.7103
2005-10-19,17.0367
2005-10-20,16.3513
2005-10-21,16.7865
2005-10-24,17.2391
2005-10-25,16.8996
2005-10-26,16.9606
2005-10-27,16.5580
2005-10-28,16.9932
2005-10-31,17.2978
2005-11-01,17.6024
2005-11-02,17.8744
2005-11-03,17.8940
2005-11-04,17.8570
2005-11-07,17.8701
2005-11-08,17.7025
2005-11-09,17.9680
2005-11-10,17.9963
2005-11-11,18.0354
2005-11-14,17.9876
2005-11-15,17.8853
2005-11-16,18.0376
2005-11-17,18.3031
2005-11-18,18.3531
2005-11-21,18.3640
2005-11-22,18.3553
2005-11-23,18.5489
2005-11-25,18.5359
2005-11-28,18.4184
2005-11-29,18.2552
2005-11-30,18.2987
2005-12-01,18.7774
2005-12-02,18.7556
2005-12-05,18.9079
2005-12-06,19.0820
2005-12-07,18.9014
2005-12-08,18.7600
2005-12-09,18.9514
2005-12-12,19.0602
2005-12-13,19.3105
2005-12-14,19.1821
2005-12-15,19.1038
2005-12-16,19.0385
2005-12-19,18.9950
2005-12-20,19.1581
2005-12-21,19.4693
2005-12-22,19.4736
2005-12-23,19.5898
2005-12-27,19.3720
2005-12-28,19.4248
2005-12-29,19.4270
2005-12-30,19.4160
2006-01-03,20.1420
2006-01-04,20.3246
2006-01-05,20.4280
2006-01-06,20.8549
2006-01-09,21.0595
2006-01-10,20.8065
2006-01-11,21.0507
2006-01-12,20.7581
2006-01-13,20.7801
2006-01-17,20.4170
2006-01-18,20.4060
2006-01-19,21.0661
2006-01-20,20.4391
2006-01-23,21.0331
2006-01-24,21.3631
2006-01-25,21.3741
2006-01-26,21.8801
2006-01-27,22.1309
2006-01-30,22.0275
2006-01-31,22.1727
2006-02-01,22.1617
2006-02-02,21.5919
2006-02-03,21.2971
2006-02-06,21.8031
2006-02-07,21.2311
2006-02-08,21.2971
2006-02-09,21.3521
2006-02-10,21.3191
2006-02-13,20.7933
2006-02-14,21.3191
2006-02-15,21.2091
2006-02-16,21.7591
2006-02-17,21.7305
2006-02-21,21.5391
2006-02-22,21.6557
2006-02-23,21.6491
2006-02-24,21.6909
2006-02-27,21.8889
2006-02-28,21.3191
2006-03-01,21.9087
2006-03-02,21.9263
2006-03-03,21.5611
2006-03-06,21.2311
2006-03-07,20.4831
2006-03-08,20.6041
2006-03-09,20.3950
2006-03-10,20.8241
2006-03-13,20.8021
2006-03-14,21.4511
2006-03-15,21.6997
2006-03-16,21.5061
2006-03-17,21.6579
2006-03-20,21.7811
2006-03-21,21.3411
2006-03-22,21.5765
2006-03-23,21.3763
2006-03-24,21.5611
2006-03-27,21.6931
2006-03-28,21.2971
2006-03-29,21.7041
2006-03-30,21.8141
2006-03-31,21.7811
2006-04-03,22.3971
2006-04-04,22.5292
2006-04-05,22.7602
2006-04-06,22.6436
2006-04-07,22.2981
2006-04-10,22.2211
2006-04-11,22.0319
2006-04-12,22.1595
2006-04-13,22.2651
2006-04-17,22.5292
2006-04-18,23.2772
2006-04-19,23.4202
2006-04-20,23.3366
2006-04-21,23.5192
2006-04-24,23.2112
2006-04-25,22.8922
2006-04-26,23.3432
2006-04-27,22.9758
2006-04-28,23.2002
2006-05-01,23.1936
2006-05-02,23.6028
2006-05-03,23.6292
2006-05-04,23.8602
2006-05-05,24.2452
2006-05-08,24.4213
2006-05-09,24.4433
2006-05-10,24.1792
2006-05-11,23.5632
2006-05-12,22.9472
2006-05-15,22.3971
2006-05-16,22.5094
2006-05-17,21.7371
2006-05-18,21.3191
2006-05-19,21.7789
2006-05-22,20.7537
2006-05-23,20.5271
2006-05-24,20.3840
2006-05-25,21.2509
2006-05-26,21.1871
2006-05-30,20.2740
2006-05-31,20.6151
2006-06-01,21.0375
2006-06-02,21.2531
2006-06-05,20.3510
2006-06-06,20.2014
2006-06-07,19.7570
2006-06-08,19.4050
2006-06-09,19.1520
2006-06-12,18.4391
2006-06-13,18.0299
2006-06-14,18.5470
2006-06-15,19.6272
2006-06-16,19.5150
2006-06-19,18.7890
2006-06-20,19.0200
2006-06-21,19.6360
2006-06-22,19.2840
2006-06-23,19.2510
2006-06-26,19.2510
2006-06-27,18.8880
2006-06-28,19.4798
2006-06-29,20.6371
2006-06-30,20.6591
2006-07-03,21.1167
2006-07-05,20.4611
2006-07-06,20.8791
2006-07-07,20.4831
2006-07-10,20.6481
2006-07-11,20.7471
2006-07-12,20.2850
2006-07-13,19.4820
2006-07-14,19.5810
2006-07-17,19.2730
2006-07-18,19.5414
2006-07-19,20.7471
2006-07-20,20.1508
2006-07-21,19.7592
2006-07-24,20.6481
2006-07-25,20.7031
2006-07-26,20.6151
2006-07-27,20.8989
2006-07-28,21.3477
2006-07-31,21.1431
2006-08-01,20.8021
2006-08-02,21.0771
2006-08-03,21.0551
2006-08-04,21.0991
2006-08-07,20.9671
2006-08-08,20.9671
2006-08-09,21.0463
2006-08-10,21.2619
2006-08-11,21.0045
2006-08-14,21.0881
2006-08-15,21.6051
2006-08-16,21.8163
2006-08-17,21.8471
2006-08-18,21.6403
2006-08-21,21.5281
2006-08-22,21.5215
2006-08-23,21.1321
2006-08-24,21.0749
2006-08-25,21.1343
2006-08-28,21.3741
2006-08-29,21.4467
2006-08-30,21.5391
2006-08-31,21.4775
2006-09-01,21.7173
2006-09-05,21.8361
2006-09-06,21.2091
2006-09-07,20.9671
2006-09-08,21.1387
2006-09-11,20.6833
2006-09-12,21.0375
2006-09-13,21.3521
2006-09-14,21.1761
2006-09-15,21.3015
2006-09-18,21.5413
2006-09-19,21.2091
2006-09-20,21.6447
2006-09-21,21.1167
2006-09-22,20.8483
2006-09-25,21.0903
2006-09-26,21.3389
2006-09-27,21.2905
2006-09-28,21.4621
2006-09-29,21.2905
2006-10-02,21.2553
2006-10-03,20.9671
2006-10-04,21.5281
2006-10-05,21.8141
2006-10-06,21.7591
2006-10-09,21.6777
2006-10-10,21.8735
2006-10-11,21.7569
2006-10-12,22.2871
2006-10-13,22.4192
2006-10-16,22.4808
2006-10-17,22.1859
2006-10-18,22.4038
2006-10-19,22.5028
2006-10-20,22.3971
2006-10-23,22.3773
2006-10-24,22.5050
2006-10-25,22.7668
2006-10-26,22.8218
2006-10-27,22.4412
2006-10-30,22.3641
2006-10-31,22.7932
2006-11-01,22.5644
2006-11-02,22.6348
2006-11-03,22.7052
2006-11-06,23.2442
2006-11-07,23.1452
2006-11-08,23.2046
2006-11-09,23.2838
2006-11-10,23.3168
2006-11-13,23.3960
2006-11-14,23.7612
2006-11-15,23.8052
2006-11-16,23.5654
2006-11-17,23.5390
2006-11-20,23.4466
2006-11-21,23.8206
2006-11-22,23.9878
2006-11-24,23.9834
2006-11-27,23.5302
2006-11-28,23.6666
2006-11-29,24.0494
2006-11-30,24.1572
2006-12-01,24.0582
2006-12-04,24.5599
2006-12-05,24.9889
2006-12-06,24.8173
2006-12-07,24.7293
2006-12-08,24.6193
2006-12-11,24.6303
2006-12-12,24.3333
2006-12-13,24.4653
2006-12-14,24.8833
2006-12-15,24.9933
2006-12-18,24.8195
2006-12-19,24.6633
2006-12-20,24.9362
2006-12-21,24.8915
2006-12-22,24.9808
2006-12-26,25.2129
2006-12-27,25.5721
2006-12-28,25.5230
2006-12-29,25.4762
2007-01-03,25.6926
2007-01-04,25.3378
2007-01-05,24.5970
2007-01-08,24.7755
2007-01-09,24.2221
2007-01-10,24.1663
2007-01-11,24.4720
2007-01-12,24.9696
2007-01-16,25.0589
2007-01-17,24.9540
2007-01-18,24.6907
2007-01-19,25.1348
2007-01-22,25.1058
2007-01-23,25.6770
2007-01-24,25.9001
2007-01-25,25.1035
2007-01-26,25.2575
2007-01-29,24.9228
2007-01-30,25.3088
2007-01-31,25.5052
2007-02-01,25.8176
2007-02-02,25.7395
2007-02-05,25.7640
2007-02-06,26.0184
2007-02-07,25.9180
2007-02-08,25.7797
2007-02-09,25.4717
2007-02-12,25.2977
2007-02-13,25.6993
2007-02-14,26.2527
2007-02-15,26.2683
2007-02-16,26.3286
2007-02-20,26.3978
2007-02-21,26.4759
2007-02-22,26.4089
2007-02-23,26.2192
2007-02-26,26.2081
2007-02-27,24.0771
2007-02-28,24.6796
2007-03-01,24.3248
2007-03-02,24.0994
2007-03-05,23.4813
2007-03-06,24.5122
2007-03-07,24.3627
2007-03-08,24.9920
2007-03-09,25.0366
2007-03-12,25.1593
2007-03-13,24.4274
2007-03-14,24.6282
2007-03-15,24.8291
2007-03-16,24.6171
2007-03-19,25.1571
2007-03-20,25.3222
2007-03-21,26.0809
2007-03-22,25.9693
2007-03-23,26.0898
2007-03-26,26.0742
2007-03-27,25.9582
2007-03-28,25.4940
2007-03-29,26.0006
2007-03-30,25.9961
2007-04-02,26.1746
2007-04-03,26.6030
2007-04-04,26.7704
2007-04-05,26.7949
2007-04-09,26.9489
2007-04-10,27.0761
2007-04-11,26.8262
2007-04-12,27.2747
2007-04-13,27.4086
2007-04-16,27.7344
2007-04-17,27.5849
2007-04-18,27.3796
2007-04-19,27.1587
2007-04-20,27.4822
2007-04-23,27.3729
2007-04-24,27.3684
2007-04-25,27.7076
2007-04-26,27.6340
2007-04-27,27.4956
2007-04-30,26.9645
2007-05-01,27.0717
2007-05-02,27.6094
2007-05-03,27.8415
2007-05-04,27.8326
2007-05-07,28.0133
2007-05-08,27.6496
2007-05-09,28.0959
2007-05-10,27.4086
2007-05-11,28.1048
2007-05-14,27.8259
2007-05-15,27.8593
2007-05-16,28.2632
2007-05-17,28.1606
2007-05-18,28.3056
2007-05-21,28.3569
2007-05-22,28.3614
2007-05-23,28.3168
2007-05-24,27.6362
2007-05-25,28.0602
2007-05-29,27.9642
2007-05-30,28.2498
2007-05-31,28.3302
2007-06-01,29.0375
2007-06-04,28.9081
2007-06-05,28.8077
2007-06-06,28.0825
2007-06-07,27.6496
2007-06-08,28.1383
2007-06-11,28.3793
2007-06-12,27.8861
2007-06-13,28.4440
2007-06-14,28.8903
2007-06-15,29.5485
2007-06-18,29.5753
2007-06-19,29.6088
2007-06-20,29.3566
2007-06-21,29.7226
2007-06-22,29.3298
2007-06-25,29.1067
2007-06-26,28.8523
2007-06-27,29.2629
2007-06-28,29.2696
2007-06-29,29.3722
2007-07-02,29.9680
2007-07-03,30.2068
2007-07-05,30.3407
2007-07-06,30.8606
2007-07-09,31.1596
2007-07-10,30.5460
2007-07-11,30.7981
2007-07-12,31.4742
2007-07-13,31.8647
2007-07-16,31.5523
2007-07-17,31.5278
2007-07-18,31.1418
2007-07-19,31.4519
2007-07-20,31.2355
2007-07-23,32.1392
2007-07-24,31.0391
2007-07-25,31.2176
2007-07-26,29.6266
2007-07-27,29.2428
2007-07-30,30.2001
2007-07-31,29.5820
2007-08-01,29.4660
2007-08-02,29.7918
2007-08-03,28.5064
2007-08-06,29.0152
2007-08-07,29.2317
2007-08-08,30.2135
2007-08-09,28.9639
2007-08-10,28.4618
2007-08-13,28.7430
2007-08-14,27.9999
2007-08-15,26.8998
2007-08-16,26.4424
2007-08-17,27.2792
2007-08-20,27.3350
2007-08-21,27.2345
2007-08-22,28.4060
2007-08-23,28.5511
2007-08-24,29.2317
2007-08-27,29.3656
2007-08-28,28.1717
2007-08-29,29.2875
2007-08-30,29.1379
2007-08-31,29.8899
2007-09-04,30.3942
2007-09-05,29.9346
2007-09-06,30.1689
2007-09-07,29.4883
2007-09-10,29.5106
2007-09-11,30.1064
2007-09-12,30.2135
2007-09-13,30.5482
2007-09-14,30.6085
2007-09-17,30.4143
2007-09-18,31.8871
2007-09-19,32.0321
2007-09-20,31.9317
2007-09-21,32.3557
2007-09-24,32.7573
2007-09-25,32.6346
2007-09-26,33.0697
2007-09-27,33.5606
2007-09-28,33.3486
2007-10-01,34.3974
2007-10-02,34.6317
2007-10-03,33.5829
2007-10-04,33.9177
2007-10-05,35.0490
2007-10-08,34.6763
2007-10-09,35.2163
2007-10-10,35.2632
2007-10-11,34.9530
2007-10-12,35.5912
2007-10-15,35.1561
2007-10-16,34.5045
2007-10-17,35.3011
2007-10-18,35.4796
2007-10-19,33.9623
2007-10-22,34.2077
2007-10-23,35.1561
2007-10-24,34.9263
2007-10-25,35.3703
2007-10-26,36.3722
2007-10-29,37.2090
2007-10-30,36.5061
2007-10-31,37.3072
2007-11-01,35.8010
2007-11-02,36.0040
2007-11-05,34.7522
2007-11-06,36.0710
2007-11-07,34.9218
2007-11-08,35.1003
2007-11-09,34.2747
2007-11-12,32.3780
2007-11-13,34.6652
2007-11-14,34.6987
2007-11-15,33.8998
2007-11-16,34.3193
2007-11-19,32.7372
2007-11-20,33.6365
2007-11-21,31.9428
2007-11-23,32.8867
2007-11-26,31.5814
2007-11-27,32.7908
2007-11-28,34.5871
2007-11-29,34.1631
2007-11-30,34.4532
2007-12-03,34.1542
2007-12-04,34.0649
2007-12-05,35.5778
2007-12-06,36.1379
2007-12-07,35.7095
2007-12-10,35.7206
2007-12-11,34.2077
2007-12-12,35.2342
2007-12-13,34.2658
2007-12-14,33.4491
2007-12-17,32.0232
2007-12-18,32.9024
2007-12-19,33.1166
2007-12-20,33.2973
2007-12-21,34.3015
2007-12-24,34.8816
2007-12-26,35.0624
2007-12-27,34.2533
2007-12-28,34.3821
2007-12-31,33.9685
2008-01-02,33.4081
2008-01-03,33.7086
2008-01-04,32.6961
2008-01-07,32.9357
2008-01-08,32.6803
2008-01-09,33.7516
2008-01-10,34.1494
2008-01-11,33.1888
2008-01-14,33.6770
2008-01-15,32.1537
2008-01-16,30.8158
2008-01-17,29.9185
2008-01-18,30.6011
2008-01-22,29.8327
2008-01-23,30.0225
2008-01-24,30.6056
2008-01-25,30.1400
2008-01-28,30.8858
2008-01-29,30.7344
2008-01-30,30.3299
2008-01-31,30.9378
2008-02-01,31.5548
2008-02-04,31.6520
2008-02-05,29.9479
2008-02-06,29.4575
2008-02-07,29.9570
2008-02-08,29.9005
2008-02-11,30.2711
2008-02-12,30.7593
2008-02-13,31.4509
2008-02-14,31.0463
2008-02-15,31.2678
2008-02-19,31.6769
2008-02-20,31.9413
2008-02-21,31.4938
2008-02-22,31.9164
2008-02-25,32.5108
2008-02-26,32.9402
2008-02-27,33.2182
2008-02-28,32.8611
2008-02-29,31.5548
2008-03-03,31.7266
2008-03-04,30.9898
2008-03-05,31.6407
2008-03-06,30.5559
2008-03-07,30.1332
2008-03-10,29.6044
2008-03-11,31.5955
2008-03-12,31.0101
2008-03-13,30.7276
2008-03-14,29.6383
2008-03-17,28.9060
2008-03-18,30.4090
2008-03-19,28.5829
2008-03-20,29.0643
2008-03-24,30.1784
2008-03-25,30.6418
2008-03-26,30.3932
2008-03-27,30.2463
2008-03-28,30.1920
2008-03-31,30.3706
2008-04-01,31.5367
2008-04-02,31.5594
2008-04-03,31.9436
2008-04-04,31.8147
2008-04-07,32.2374
2008-04-08,32.0611
2008-04-09,31.5616
2008-04-10,32.0136
2008-04-11,31.4915
2008-04-14,31.4170
2008-04-15,31.7853
2008-04-16,32.7255
2008-04-17,32.4882
2008-04-18,32.9786
2008-04-21,33.1459
2008-04-22,32.8385
2008-04-23,33.3109
2008-04-24,32.8837
2008-04-25,33.1256
2008-04-28,33.0623
2008-04-29,32.4769
2008-04-30,33.1459
2008-05-01,33.4985
2008-05-02,33.8194
2008-05-05,33.7945
2008-05-06,34.1720
2008-05-07,33.1549
2008-05-08,33.4962
2008-05-09,33.2227
2008-05-12,33.6499
2008-05-13,33.8103
2008-05-14,33.8917
2008-05-15,34.6127
2008-05-16,35.0534
2008-05-19,35.0602
2008-05-20,34.4522
2008-05-21,34.1019
2008-05-22,34.2013
2008-05-23,33.6047
2008-05-27,33.5504
2008-05-28,34.0025
2008-05-29,34.0770
2008-05-30,34.1946
2008-06-02,33.7877
2008-06-03,33.1775
2008-06-04,32.8882
2008-06-05,33.9346
2008-06-06,32.7052
2008-06-09,32.6216
2008-06-10,31.8690
2008-06-11,31.3921
2008-06-12,31.5752
2008-06-13,31.9164
2008-06-16,32.0249
2008-06-17,32.1605
2008-06-18,32.0046
2008-06-19,32.0543
2008-06-20,31.0079
2008-06-23,31.0983
2008-06-24,30.9604
2008-06-25,31.5804
2008-06-26,30.4968
2008-06-27,30.7917
2008-06-30,31.0249
2008-07-01,30.4717
2008-07-02,29.6030
2008-07-03,29.5185
2008-07-07,29.4133
2008-07-08,29.7745
2008-07-09,29.1733
2008-07-10,29.7013
2008-07-11,29.5025
2008-07-14,29.4659
2008-07-15,28.9744
2008-07-16,29.8111
2008-07-17,29.9505
2008-07-18,29.6922
2008-07-21,30.0602
2008-07-22,30.0785
2008-07-23,30.1219
2008-07-24,29.0087
2008-07-25,29.2076
2008-07-28,28.7138
2008-07-29,30.3048
2008-07-30,29.9893
2008-07-31,29.3173
2008-08-01,29.1184
2008-08-04,28.2269
2008-08-05,28.5904
2008-08-06,29.1596
2008-08-07,28.1583
2008-08-08,28.2269
2008-08-11,27.9320
2008-08-12,27.6988
2008-08-13,27.6920
2008-08-14,28.0555
2008-08-15,27.6165
2008-08-18,27.1502
2008-08-19,26.9239
2008-08-20,27.6097
2008-08-21,27.5685
2008-08-22,27.5480
2008-08-25,26.9788
2008-08-26,27.0268
2008-08-27,27.6028
2008-08-28,27.7948
2008-08-29,27.4657
2008-09-02,26.6359
2008-09-03,26.1970
2008-09-04,24.9900
2008-09-05,25.3466
2008-09-08,25.6621
2008-09-09,24.2219
2008-09-10,24.6128
2008-09-11,24.2493
2008-09-12,25.0586
2008-09-15,23.0904
2008-09-16,23.2892
2008-09-17,21.6365
2008-09-18,23.4607
2008-09-19,26.3821
2008-09-22,24.6608
2008-09-23,23.8927
2008-09-24,24.1670
2008-09-25,25.4083
2008-09-26,24.5442
2008-09-29,21.6776
2008-09-30,23.4333
2008-10-01,23.7144
2008-10-02,21.6365
2008-10-03,21.0673
2008-10-06,19.4831
2008-10-07,17.9676
2008-10-08,17.9676
2008-10-09,16.6440
2008-10-10,16.8360
2008-10-13,20.6695
2008-10-14,19.6409
2008-10-15,16.4657
2008-10-16,17.2749
2008-10-17,16.7331
2008-10-20,17.9058
2008-10-21,16.4794
2008-10-22,14.7444
2008-10-23,15.1558
2008-10-24,13.5922
2008-10-27,13.2356
2008-10-28,16.0062
2008-10-29,15.4987
2008-10-30,17.5904
2008-10-31,17.4395
2008-11-03,17.2818
2008-11-04,18.8591
2008-11-05,16.4588
2008-11-06,15.6290
2008-11-07,16.8977
2008-11-10,17.0555
2008-11-11,15.9925
2008-11-12,14.8061
2008-11-13,16.8566
2008-11-14,15.2381
2008-11-17,14.9844
2008-11-18,14.7649
2008-11-19,13.4894
2008-11-20,12.5224
2008-11-21,14.3260
2008-11-24,15.1970
2008-11-25,14.9090
2008-11-26,16.0474
2008-11-28,15.7388
2008-12-01,14.2232
2008-12-02,15.1215
2008-12-03,15.2450
2008-12-04,14.5935
2008-12-05,15.4576
2008-12-08,16.4451
2008-12-09,16.2188
2008-12-10,17.1858
2008-12-11,16.7469
2008-12-12,16.9800
2008-12-15,16.7537
2008-12-16,18.0910
2008-12-17,17.7755
2008-12-18,17.3846
2008-12-19,17.4464
2008-12-22,16.7949
2008-12-23,16.6558
2008-12-24,16.7740
2008-12-26,16.7184
2008-12-29,16.6905
2008-12-30,17.1356
2008-12-31,17.3651
2009-01-02,18.1927
2009-01-05,18.4291
2009-01-06,18.8464
2009-01-07,17.7615
2009-01-08,17.6850
2009-01-09,17.3025
2009-01-12,16.5723
2009-01-13,16.6210
2009-01-14,15.8143
2009-01-15,15.9951
2009-01-16,16.1690
2009-01-20,14.9659
2009-01-21,15.7795
2009-01-22,15.2579
2009-01-23,15.4527
2009-01-26,15.6335
2009-01-27,15.9117
2009-01-28,16.7184
2009-01-29,15.8699
2009-01-30,15.7517
2009-02-02,15.5917
2009-02-03,16.0577
2009-02-04,16.1759
2009-02-05,16.5167
2009-02-06,17.3443
2009-02-09,17.2539
2009-02-10,16.2107
2009-02-11,16.6975
2009-02-12,16.5932
2009-02-13,16.6766
2009-02-17,15.6126
2009-02-18,15.5013
2009-02-19,15.3553
2009-02-20,14.9659
2009-02-23,14.5973
2009-02-24,15.3970
2009-02-25,15.1328
2009-02-26,15.0006
2009-02-27,14.7642
2009-03-02,13.8671
2009-03-03,14.0618
2009-03-04,15.0493
2009-03-05,14.4304
2009-03-06,14.6738
2009-03-09,14.3886
2009-03-10,15.5570
2009-03-11,15.5570
2009-03-12,16.1551
2009-03-13,16.2455
2009-03-16,16.2594
2009-03-17,16.6140
2009-03-18,16.9618
2009-03-19,16.8505
2009-03-20,16.6210
2009-03-23,18.1579
2009-03-24,17.5946
2009-03-25,17.8589
2009-03-26,18.3457
2009-03-27,17.8032
2009-03-30,16.8853
2009-03-31,17.2539
2009-04-01,17.8241
2009-04-02,18.7908
2009-04-03,19.0203
2009-04-06,18.7838
2009-04-07,18.3526
2009-04-08,18.6239
2009-04-09,19.4375
2009-04-13,19.5558
2009-04-14,19.2428
2009-04-15,19.5210
2009-04-16,19.6879
2009-04-17,19.5488
2009-04-20,18.5961
2009-04-21,18.9925
2009-04-22,18.8325
2009-04-23,19.1246
2009-04-24,19.4862
2009-04-27,18.8325
2009-04-28,18.7699
2009-04-29,19.7574
2009-04-30,19.9383
2009-05-01,20.2303
2009-05-04,21.6282
2009-05-05,21.4334
2009-05-06,21.8020
2009-05-07,21.2596
2009-05-08,21.9689
2009-05-11,21.4543
2009-05-12,21.6073
2009-05-13,20.8145
2009-05-14,21.1135
2009-05-15,20.9188
2009-05-18,22.0802
2009-05-19,22.3306
2009-05-20,22.4001
2009-05-21,21.9828
2009-05-22,22.0802
2009-05-26,22.3445
2009-05-27,22.0872
2009-05-28,22.7687
2009-05-29,23.1164
2009-06-01,24.0900
2009-06-02,23.7423
2009-06-03,22.9008
2009-06-04,23.3250
2009-06-05,23.3737
2009-06-08,23.0121
2009-06-09,23.0538
2009-06-10,23.3459
2009-06-11,23.8466
2009-06-12,23.4641
2009-06-15,22.6226
2009-06-16,22.2819
2009-06-17,22.0315
2009-06-18,21.9689
2009-06-19,22.0802
2009-06-22,21.2804
2009-06-23,21.4186
2009-06-24,21.8883
2009-06-25,22.5403
2009-06-26,22.6595
2009-06-29,22.8278
2009-06-30,22.5964
2009-07-01,23.0101
2009-07-02,22.3791
2009-07-06,22.3300
2009-07-07,21.8042
2009-07-08,21.5518
2009-07-09,21.9374
2009-07-10,21.6780
2009-07-13,21.8322
2009-07-14,22.0706
2009-07-15,23.2554
2009-07-16,23.2975
2009-07-17,23.5359
2009-07-20,24.3772
2009-07-21,24.3071
2009-07-22,24.2510
2009-07-23,24.9381
2009-07-24,24.8189
2009-07-27,25.0362
2009-07-28,24.9241
2009-07-29,24.3632
2009-07-30,24.9661
2009-07-31,25.0853
2009-08-03,26.0248
2009-08-04,25.7864
2009-08-05,25.5691
2009-08-06,25.3587
2009-08-07,25.6111
2009-08-10,25.3237
2009-08-11,24.8469
2009-08-12,25.0713
2009-08-13,25.5060
2009-08-14,25.0432
2009-08-17,24.0617
2009-08-18,24.5875
2009-08-19,24.6506
2009-08-20,25.0783
2009-08-21,25.4569
2009-08-24,25.5691
2009-08-25,25.5130
2009-08-26,25.4359
2009-08-27,25.3868
2009-08-28,25.2536
2009-08-31,24.7558
2009-09-01,24.2861
2009-09-02,24.5455
2009-09-03,25.0362
2009-09-04,25.5200
2009-09-08,26.0458
2009-09-09,26.1860
2009-09-10,26.5296
2009-09-11,26.5436
2009-09-14,26.4454
2009-09-15,26.7609
2009-09-16,27.4340
2009-09-17,27.2868
2009-09-18,27.3639
2009-09-21,27.1255
2009-09-22,27.5392
2009-09-23,27.1255
2009-09-24,26.5927
2009-09-25,26.7049
2009-09-28,27.0484
2009-09-29,27.1115
2009-09-30,27.2797
2009-10-01,26.5366
2009-10-02,26.5436
2009-10-05,27.1606
2009-10-06,27.6093
2009-10-07,27.5812
2009-10-08,27.9178
2009-10-09,27.9388
2009-10-12,28.1701
2009-10-13,28.2192
2009-10-14,29.1306
2009-10-15,28.9694
2009-10-16,28.5698
2009-10-19,29.1166
2009-10-20,28.7310
2009-10-21,28.5768
2009-10-22,28.8152
2009-10-23,28.5768
2009-10-26,28.2192
2009-10-27,27.7284
2009-10-28,26.4595
2009-10-29,27.6303
2009-10-30,26.3403
2009-11-02,26.7329
2009-11-03,26.7750
2009-11-04,27.2727
2009-11-05,27.8336
2009-11-06,27.7986
2009-11-09,28.8222
2009-11-10,28.6889
2009-11-11,28.9343
2009-11-12,28.2893
2009-11-13,28.7731
2009-11-16,29.4952
2009-11-17,29.3901
2009-11-18,29.1587
2009-11-19,28.6188
2009-11-20,28.4996
2009-11-23,29.0956
2009-11-24,28.9343
2009-11-25,29.2709
2009-11-27,28.1351
2009-11-30,28.4085
2009-12-01,29.2218
2009-12-02,29.3410
2009-12-03,29.0676
2009-12-04,29.3340
2009-12-07,29.0816
2009-12-08,28.5417
2009-12-09,28.7170
2009-12-10,28.8853
2009-12-11,28.9904
2009-12-14,29.1867
2009-12-15,28.8853
2009-12-16,29.0535
2009-12-17,28.2192
2009-12-18,28.2963
2009-12-21,28.2613
2009-12-22,28.5461
2009-12-23,28.8288
2009-12-24,29.1186
2009-12-28,29.2175
2009-12-29,29.1129
2009-12-30,29.2402
2009-12-31,29.3391
2010-01-04,30.1946
2010-01-05,30.4137
2010-01-06,30.4774
2010-01-07,30.3006
2010-01-08,30.5410
2010-01-11,30.4774
2010-01-12,29.9895
2010-01-13,30.0814
2010-01-14,30.0037
2010-01-15,29.6573
2010-01-19,30.2582
2010-01-20,29.5300
2010-01-21,28.6392
2010-01-22,28.0030
2010-01-25,28.2080
2010-01-26,27.6212
2010-01-27,27.5505
2010-01-28,27.3596
2010-01-29,27.0627
2010-02-01,27.7909
2010-02-02,28.0171
2010-02-03,27.8545
2010-02-04,26.5961
2010-02-05,26.2992
2010-02-08,26.0376
2010-02-09,26.8860
2010-02-10,26.8153
2010-02-11,27.5222
2010-02-12,27.1758
2010-02-16,27.8757
2010-02-17,27.9747
2010-02-18,28.0807
2010-02-19,27.8404
2010-02-22,27.8757
2010-02-23,27.2324
2010-02-24,27.4939
2010-02-25,27.2677
2010-02-26,27.5434
2010-03-01,28.0100
2010-03-02,28.3282
2010-03-03,28.3635
2010-03-04,28.2151
2010-03-05,28.9503
2010-03-08,28.9715
2010-03-09,29.1341
2010-03-10,29.3391
2010-03-11,29.3462
2010-03-12,29.2472
2010-03-15,29.0351
2010-03-16,29.4098
2010-03-17,29.7280
2010-03-18,29.5017
2010-03-19,29.1200
2010-03-22,29.2260
2010-03-23,29.4310
2010-03-24,28.9927
2010-03-25,28.9150
2010-03-26,29.0564
2010-03-29,29.5795
2010-03-30,29.6926
2010-03-31,29.7775
2010-04-01,30.5551
2010-04-05,30.8308
2010-04-06,30.9227
2010-04-07,30.6541
2010-04-08,30.7601
2010-04-09,30.9510
2010-04-12,30.7036
2010-04-13,30.6399
2010-04-14,31.0924
2010-04-15,30.9227
2010-04-16,30.0178
2010-04-19,29.8976
2010-04-20,30.2511
2010-04-21,30.1521
2010-04-22,30.2794
2010-04-23,30.4420
2010-04-26,30.4420
2010-04-27,29.3533
2010-04-28,29.6007
2010-04-29,30.0885
2010-04-30,29.7280
2010-05-03,29.8906
2010-05-04,28.5191
2010-05-05,28.0030
2010-05-06,26.8577
2010-05-07,26.9991
2010-05-10,28.9432
2010-05-11,28.4201
2010-05-12,28.7736
2010-05-13,28.5049
2010-05-14,27.9181
2010-05-17,27.7485
2010-05-18,27.1687
2010-05-19,26.9072
2010-05-20,25.5710
2010-05-21,26.3982
2010-05-24,26.1224
2010-05-25,25.8396
2010-05-26,25.8255
2010-05-27,27.3879
2010-05-28,26.9354
2010-06-01,26.4406
2010-06-02,27.3667
2010-06-03,27.2677
2010-06-04,26.2992
2010-06-07,25.8891
2010-06-08,26.4830
2010-06-09,26.3416
2010-06-10,27.2607
2010-06-11,27.4020
2010-06-14,27.4091
2010-06-15,28.2363
2010-06-16,28.2363
2010-06-17,28.0949
2010-06-18,28.2221
2010-06-21,28.7099
2010-06-22,28.1585
2010-06-23,28.2311
2010-06-24,27.7329
2010-06-25,28.0603
2010-06-28,27.8682
2010-06-29,26.7366
2010-06-30,26.5587
2010-07-01,26.7509
2010-07-02,26.8647
2010-07-06,27.3629
2010-07-07,27.9678
2010-07-08,28.1030
2010-07-09,28.4446
2010-07-12,28.2169
2010-07-13,28.5442
2010-07-14,28.4873
2010-07-15,28.3521
2010-07-16,27.5052
2010-07-19,27.8682
2010-07-20,28.5229
2010-07-21,28.2311
2010-07-22,29.0851
2010-07-23,29.2843
2010-07-26,29.4836
2010-07-27,29.4338
2010-07-28,29.2701
2010-07-29,29.3199
2010-07-30,29.4622
2010-08-02,30.2237
2010-08-03,30.0814
2010-08-04,30.1241
2010-08-05,29.9889
2010-08-06,29.9462
2010-08-09,30.1027
2010-08-10,29.6900
2010-08-11,28.7435
2010-08-12,28.7933
2010-08-13,28.9499
2010-08-16,29.2203
2010-08-17,29.5263
2010-08-18,29.5049
2010-08-19,29.2772
2010-08-20,29.1918
2010-08-23,28.9285
2010-08-24,28.5584
2010-08-25,28.3734
2010-08-26,28.1955
2010-08-27,28.8146
2010-08-30,28.3378
2010-08-31,28.5086
2010-09-01,29.5120
2010-09-02,29.5619
2010-09-03,29.9106
2010-09-07,29.4765
2010-09-08,29.7967
2010-09-09,29.9675
2010-09-10,30.0743
2010-09-13,30.7930
2010-09-14,30.7788
2010-09-15,30.8215
2010-09-16,30.6649
2010-09-17,30.6151
2010-09-20,31.0990
2010-09-21,31.0065
2010-09-22,31.0279
2010-09-23,30.8286
2010-09-24,31.3979
2010-09-27,31.3410
2010-09-28,31.5687
2010-09-29,31.6755
2010-09-30,31.8605
2010-10-01,32.3302
2010-10-04,32.2306
2010-10-05,32.8141
2010-10-06,32.7999
2010-10-07,32.5081
2010-10-08,32.8995
2010-10-11,32.8782
2010-10-12,32.7429
2010-10-13,33.3478
2010-10-14,33.2909
2010-10-15,33.2482
2010-10-18,33.2625
2010-10-19,32.2092
2010-10-20,32.7216
2010-10-21,32.7216
2010-10-22,32.7572
2010-10-25,33.1130
2010-10-26,33.0845
2010-10-27,32.5223
2010-10-28,32.7287
2010-10-29,32.8212
2010-11-01,33.1842
2010-11-02,33.5969
2010-11-03,33.8033
2010-11-04,34.5719
2010-11-05,34.5078
2010-11-08,34.3655
2010-11-09,33.9314
2010-11-10,34.1805
2010-11-11,33.8460
2010-11-12,33.0276
2010-11-15,33.0134
2010-11-16,32.1451
2010-11-17,32.3088
2010-11-18,33.0774
2010-11-19,33.0988
2010-11-22,32.9991
2010-11-23,31.9530
2010-11-24,32.6931
2010-11-26,31.8818
2010-11-29,32.1309
2010-11-30,31.8676
2010-12-01,32.7785
2010-12-02,33.4261
2010-12-03,33.5471
2010-12-06,33.4902
2010-12-07,33.3336
2010-12-08,33.1201
2010-12-09,33.0062
2010-12-10,33.1557
2010-12-13,33.3692
2010-12-14,33.4190
2010-12-15,32.8782
2010-12-16,32.9707
2010-12-17,33.0205
2010-12-20,32.8710
2010-12-21,33.3509
2010-12-22,33.4656
2010-12-23,33.4298
2010-12-27,33.3222
2010-12-28,33.3509
2010-12-29,33.7778
2010-12-30,33.9501
2010-12-31,34.1869
2011-01-03,34.5170
2011-01-04,34.6748
2011-01-05,34.5887
2011-01-06,34.2227
2011-01-07,33.9070
2011-01-10,33.5554
2011-01-11,33.9142
2011-01-12,34.5959
2011-01-13,34.2945
2011-01-14,34.3950
2011-01-18,34.3448
2011-01-19,34.0792
2011-01-20,33.7061
2011-01-21,33.3545
2011-01-24,33.6128
2011-01-25,33.4119
2011-01-26,33.7061
2011-01-27,33.5913
2011-01-28,32.5292
2011-01-31,32.8736
2011-02-01,33.6702
2011-02-02,33.4190
2011-02-03,33.3760
2011-02-04,33.3688
2011-02-07,33.4119
2011-02-08,33.4262
2011-02-09,32.6584
2011-02-10,32.3498
2011-02-11,32.7445
2011-02-14,32.5794
2011-02-15,32.6440
2011-02-16,32.9167
2011-02-17,33.0315
2011-02-18,33.2325
2011-02-22,32.1704
2011-02-23,32.1991
2011-02-24,32.2780
2011-02-25,32.6655
2011-02-28,32.8593
2011-03-01,32.5220
2011-03-02,32.9669
2011-03-03,33.6200
2011-03-04,33.6558
2011-03-07,33.1822
2011-03-08,33.6271
2011-03-09,33.6917
2011-03-10,32.6942
2011-03-11,33.0315
2011-03-14,33.2253
2011-03-15,32.6727
2011-03-16,32.0053
2011-03-17,32.4000
2011-03-18,32.4574
2011-03-21,33.0818
2011-03-22,33.1822
2011-03-23,33.6200
2011-03-24,34.0075
2011-03-25,33.9716
2011-03-28,33.7994
2011-03-29,34.1869
2011-03-30,34.6246
2011-03-31,34.9260
2011-04-01,35.4857
2011-04-04,35.7871
2011-04-05,35.7154
2011-04-06,35.9091
2011-04-07,35.8732
2011-04-08,35.9091
2011-04-11,35.4857
2011-04-12,34.8184
2011-04-13,35.1054
2011-04-14,35.2131
2011-04-15,35.2561
2011-04-18,34.3734
2011-04-19,34.8686
2011-04-20,35.6939
2011-04-21,36.0096
2011-04-25,35.7154
2011-04-26,36.0240
2011-04-27,35.9594
2011-04-28,35.6651
2011-04-29,35.8804
2011-05-02,35.8876
2011-05-03,35.0911
2011-05-04,34.5098
2011-05-05,34.1797
2011-05-06,34.6246
2011-05-09,34.6892
2011-05-10,35.0982
2011-05-11,34.3232
2011-05-12,34.4237
2011-05-13,33.6702
2011-05-16,33.6200
2011-05-17,33.7276
2011-05-18,34.2730
2011-05-19,34.0505
2011-05-20,33.7778
2011-05-23,33.0746
2011-05-24,33.4047
2011-05-25,33.4764
2011-05-26,33.9070
2011-05-27,34.2658
2011-05-31,34.8255
2011-06-01,34.2012
2011-06-02,34.5242
2011-06-03,34.3519
2011-06-06,33.7994
2011-06-07,34.0649
2011-06-08,33.8209
2011-06-09,34.0864
2011-06-10,33.3473
2011-06-13,33.2899
2011-06-14,33.7922
2011-06-15,33.0674
2011-06-16,32.8162
2011-06-17,32.8593
2011-06-20,32.8091
2011-06-21,33.4119
2011-06-22,33.0792
2011-06-23,33.0357
2011-06-24,32.9777
2011-06-27,33.3618
2011-06-28,33.8185
2011-06-29,34.1301
2011-06-30,34.4998
2011-07-01,34.9056
2011-07-05,34.8911
2011-07-06,34.6592
2011-07-07,35.1376
2011-07-08,34.7389
2011-07-11,33.7677
2011-07-12,33.4271
2011-07-13,33.9707
2011-07-14,33.6083
2011-07-15,33.8185
2011-07-18,33.4271
2011-07-19,33.9127
2011-07-20,34.0141
2011-07-21,34.5577
2011-07-22,34.5360
2011-07-25,34.4635
2011-07-26,34.5795
2011-07-27,33.9707
2011-07-28,33.9996
2011-07-29,34.1446
2011-08-01,34.1156
2011-08-02,33.0647
2011-08-03,32.9487
2011-08-04,31.0643
2011-08-05,30.8613
2011-08-08,28.2883
2011-08-09,29.9481
2011-08-10,28.3608
2011-08-11,29.9264
2011-08-12,29.9119
2011-08-15,30.6077
2011-08-16,30.3467
2011-08-17,30.5642
2011-08-18,29.1218
2011-08-19,28.7595
2011-08-22,28.7305
2011-08-23,29.7379
2011-08-24,29.4480
2011-08-25,28.8754
2011-08-26,29.3683
2011-08-29,30.3177
2011-08-30,30.3612
2011-08-31,30.9846
2011-09-01,30.8178
2011-09-02,30.1221
2011-09-06,29.8104
2011-09-07,30.6946
2011-09-08,30.0133
2011-09-09,28.9986
2011-09-12,28.9407
2011-09-13,28.9842
2011-09-14,28.9044
2011-09-15,29.3248
2011-09-16,29.3755
2011-09-19,28.5058
2011-09-20,28.2956
2011-09-21,27.2447
2011-09-22,25.3312
2011-09-23,26.0053
2011-09-26,26.3967
2011-09-27,27.2374
2011-09-28,26.4184
2011-09-29,26.7808
2011-09-30,25.4399
2011-10-03,24.9036
2011-10-04,25.2877
2011-10-05,25.8748
2011-10-06,26.7301
2011-10-07,26.4112
2011-10-10,27.5926
2011-10-11,27.6071
2011-10-12,28.3826
2011-10-13,28.1289
2011-10-14,28.6942
2011-10-17,27.7230
2011-10-18,28.4623
2011-10-19,27.9187
2011-10-20,27.3824
2011-10-21,28.1651
2011-10-24,29.2668
2011-10-25,28.6870
2011-10-26,29.2161
2011-10-27,30.9918
2011-10-28,30.7309
2011-10-31,29.5785
2011-11-01,28.8609
2011-11-02,29.7452
2011-11-03,30.0496
2011-11-04,29.8539
2011-11-07,30.1076
2011-11-08,30.4627
2011-11-09,28.6797
2011-11-10,28.8682
2011-11-11,29.5640
2011-11-14,29.1581
2011-11-15,29.3393
2011-11-16,28.5493
2011-11-17,27.8245
2011-11-18,27.9332
2011-11-21,27.0345
2011-11-22,27.1287
2011-11-23,26.2517
2011-11-25,26.1647
2011-11-28,27.4186
2011-11-29,27.2954
2011-11-30,28.9986
2011-12-01,28.9117
2011-12-02,28.8247
2011-12-05,29.2958
2011-12-06,28.8972
2011-12-07,29.0131
2011-12-08,27.9695
2011-12-09,28.5348
2011-12-12,27.4621
2011-12-13,27.2084
2011-12-14,26.8170
2011-12-15,26.9910
2011-12-16,27.1939
2011-12-19,26.4909
2011-12-20,27.6009
2011-12-21,27.6887
2011-12-22,28.0546
2011-12-23,28.1644
2011-12-27,27.8936
2011-12-28,27.4253
2011-12-29,27.7399
2011-12-30,27.7619
2012-01-03,28.6107
2012-01-04,28.4497
2012-01-05,28.3253
2012-01-06,27.9668
2012-01-09,28.2595
2012-01-10,28.8741
2012-01-11,28.8961
2012-01-12,29.0132
2012-01-13,28.7497
2012-01-17,29.2985
2012-01-18,30.0376
2012-01-19,30.3010
2012-01-20,30.2791
2012-01-23,30.5718
2012-01-24,30.6157
2012-01-25,30.9596
2012-01-26,30.8352
2012-01-27,30.9962
2012-01-30,30.5498
2012-01-31,30.8132
2012-02-01,31.4937
2012-02-02,31.5815
2012-02-03,32.1084
2012-02-06,31.8377
2012-02-07,31.9035
2012-02-08,32.1303
2012-02-09,32.1157
2012-02-10,31.4059
2012-02-13,31.9181
2012-02-14,31.6547
2012-02-15,31.7425
2012-02-16,32.0864
2012-02-17,32.1450
2012-02-21,32.0133
2012-02-22,32.0718
2012-02-23,32.0133
2012-02-24,32.3352
2012-02-27,32.0133
2012-02-28,32.4596
2012-02-29,32.4377
2012-03-01,32.7450
2012-03-02,32.6645
2012-03-05,32.1011
2012-03-06,31.0254
2012-03-07,31.3986
2012-03-08,32.0572
2012-03-09,32.0425
2012-03-12,31.6913
2012-03-13,32.5547
2012-03-14,32.0425
2012-03-15,32.2986
2012-03-16,32.2620
2012-03-19,32.1377
2012-03-20,31.5815
2012-03-21,31.6401
2012-03-22,31.1571
2012-03-23,31.3913
2012-03-26,31.9401
2012-03-27,31.7718
2012-03-28,31.2376
2012-03-29,31.2010
2012-03-30,31.4279
2012-04-02,31.8596
2012-04-03,31.6767
2012-04-04,31.1059
2012-04-05,31.2742
2012-04-09,30.8132
2012-04-10,30.2132
2012-04-11,30.5425
2012-04-12,31.3254
2012-04-13,30.8498
2012-04-16,30.6961
2012-04-17,31.0474
2012-04-18,30.9010
2012-04-19,30.7620
2012-04-20,30.9742
2012-04-23,30.3815
2012-04-24,30.4474
2012-04-25,30.7254
2012-04-26,30.9157
2012-04-27,30.9596
2012-04-30,30.8937
2012-05-01,31.0986
2012-05-02,31.0400
2012-05-03,30.8059
2012-05-04,30.2644
2012-05-07,30.3742
2012-05-08,29.8912
2012-05-09,29.5034
2012-05-10,29.6278
2012-05-11,29.2473
2012-05-14,28.5814
2012-05-15,28.3326
2012-05-16,27.9302
2012-05-17,27.5497
2012-05-18,27.2863
2012-05-21,27.9375
2012-05-22,27.6448
2012-05-23,27.4546
2012-05-24,27.3155
2012-05-25,27.1838
2012-05-29,27.9522
2012-05-30,27.4692
2012-05-31,27.5863
2012-06-01,26.8472
2012-06-04,26.9643
2012-06-05,27.0375
2012-06-06,27.8278
2012-06-07,27.9961
2012-06-08,27.7546
2012-06-11,27.3521
2012-06-12,27.9229
2012-06-13,27.8204
2012-06-14,28.0180
2012-06-15,28.5302
2012-06-18,28.5888
2012-06-19,29.0497
2012-06-20,28.9546
2012-06-21,27.8942
2012-06-22,27.9831
2012-06-25,27.4648
2012-06-26,27.7017
2012-06-27,27.8794
2012-06-28,27.7461
2012-06-29,28.9754
2012-07-02,28.9754
2012-07-03,29.5529
2012-07-05,29.2419
2012-07-06,28.7088
2012-07-09,28.6051
2012-07-10,28.2867
2012-07-11,28.4348
2012-07-12,27.9609
2012-07-13,28.5014
2012-07-16,28.4348
2012-07-17,28.8124
2012-07-18,28.7384
2012-07-19,29.0050
2012-07-20,28.5755
2012-07-23,27.8276
2012-07-24,27.7091
2012-07-25,27.8424
2012-07-26,28.4718
2012-07-27,29.2716
2012-07-30,29.1012
2012-07-31,28.9680
2012-08-01,29.0198
2012-08-02,28.6792
2012-08-03,29.5677
2012-08-06,29.7529
2012-08-07,29.8343
2012-08-08,29.8936
2012-08-09,30.0194
2012-08-10,30.1601
2012-08-13,29.8936
2012-08-14,29.8862
2012-08-15,29.8417
2012-08-16,30.1157
2012-08-17,29.9676
2012-08-20,29.9528
2012-08-21,29.9084
2012-08-22,29.9232
2012-08-23,29.6492
2012-08-24,29.6566
2012-08-27,29.3530
2012-08-28,29.2938
2012-08-29,29.1531
2012-08-30,28.8124
2012-08-31,29.0864
2012-09-04,28.9235
2012-09-05,28.7754
2012-09-06,29.4123
2012-09-07,30.0935
2012-09-10,29.7084
2012-09-11,30.0639
2012-09-12,30.1972
2012-09-13,31.0117
2012-09-14,31.3745
2012-09-17,31.0339
2012-09-18,31.0487
2012-09-19,31.0487
2012-09-20,30.8636
2012-09-21,30.9377
2012-09-24,30.9080
2012-09-25,30.4489
2012-09-26,30.3082
2012-09-27,30.7896
2012-09-28,30.6044
2012-10-01,30.9080
2012-10-02,30.9525
2012-10-03,30.7451
2012-10-04,31.0635
2012-10-05,31.0635
2012-10-08,30.7896
2012-10-09,30.5600
2012-10-10,30.3749
2012-10-11,30.6563
2012-10-12,30.5600
2012-10-15,30.7377
2012-10-16,31.0561
2012-10-17,31.3005
2012-10-18,31.2116
2012-10-19,30.7303
2012-10-22,31.0265
2012-10-23,30.3897
2012-10-24,30.4193
2012-10-25,30.7525
2012-10-26,30.5156
2012-10-31,30.4712
2012-11-01,30.9673
2012-11-02,30.8044
2012-11-05,30.9525
2012-11-06,31.1968
2012-11-07,30.6859
2012-11-08,30.3008
2012-11-09,30.3601
2012-11-12,30.4712
2012-11-13,30.1972
2012-11-14,29.7307
2012-11-15,29.8343
2012-11-16,29.9232
2012-11-19,30.4489
2012-11-20,30.3897
2012-11-21,30.3305
2012-11-23,30.8266
2012-11-26,30.8266
2012-11-27,30.5674
2012-11-28,30.7377
2012-11-29,30.9599
2012-11-30,30.9451
2012-12-03,30.9302
2012-12-04,31.0191
2012-12-05,31.3523
2012-12-06,31.5893
2012-12-07,31.6855
2012-12-10,31.8633
2012-12-11,32.0262
2012-12-12,32.1224
2012-12-13,31.9817
2012-12-14,32.1224
2012-12-17,32.2039
2012-12-18,32.4289
2012-12-19,32.4140
2012-12-20,32.6077
2012-12-21,32.2352
2012-12-24,32.1681
2012-12-26,32.2650
2012-12-27,32.4468
2012-12-28,32.5661
2012-12-31,33.0504
2013-01-02,33.6988
2013-01-03,33.4603
2013-01-04,33.5274
2013-01-07,33.2740
2013-01-08,32.9759
2013-01-09,33.1175
2013-01-10,33.4081
2013-01-11,33.1399
2013-01-14,33.2815
2013-01-15,33.1399
2013-01-16,33.1101
2013-01-17,33.2964
2013-01-18,33.3709
2013-01-22,33.3187
2013-01-23,33.1399
2013-01-24,33.0206
2013-01-25,32.9089
2013-01-28,32.6778
2013-01-29,33.0430
2013-01-30,32.8865
2013-01-31,32.9536
2013-02-01,33.1697
2013-02-04,32.7300
2013-02-05,32.7673
2013-02-06,32.7300
2013-02-07,32.4394
2013-02-08,32.6778
2013-02-11,32.6629
2013-02-12,32.7524
2013-02-13,32.9163
2013-02-14,32.9014
2013-02-15,32.7822
2013-02-19,32.8492
2013-02-20,32.5586
2013-02-21,32.1115
2013-02-22,32.2530
2013-02-25,31.8208
2013-02-26,31.9997
2013-02-27,32.3499
2013-02-28,32.2009
2013-03-01,32.2754
2013-03-04,31.9699
2013-03-05,32.3574
2013-03-06,32.5139
2013-03-07,32.6033
2013-03-08,32.8865
2013-03-11,32.7076
2013-03-12,32.3350
2013-03-13,32.0295
2013-03-14,32.1636
2013-03-15,31.8730
2013-03-18,31.5153
2013-03-19,31.2917
2013-03-20,31.4706
2013-03-21,31.1501
2013-03-22,31.2694
2013-03-25,31.2396
2013-03-26,31.6867
2013-03-27,31.8059
2013-03-28,31.8730
2013-04-01,31.5302
2013-04-02,31.5451
2013-04-03,31.1725
2013-04-04,31.0831
2013-04-05,31.0086
2013-04-08,31.0607
2013-04-09,31.3662
2013-04-10,31.6643
2013-04-11,31.6941
2013-04-12,31.2097
2013-04-15,30.4496
2013-04-16,31.0756
2013-04-17,30.5838
2013-04-18,30.5838
2013-04-19,31.0309
2013-04-22,31.1799
2013-04-23,31.3290
2013-04-24,31.5153
2013-04-25,31.7985
2013-04-26,31.4780
2013-04-29,31.8059
2013-04-30,32.2605
2013-05-01,31.9103
2013-05-02,32.1636
2013-05-03,32.4319
2013-05-06,32.4766
2013-05-07,32.7076
2013-05-08,32.9610
2013-05-09,32.7225
2013-05-10,32.4692
2013-05-13,32.1711
2013-05-14,32.3201
2013-05-15,32.3276
2013-05-16,32.2158
2013-05-17,32.3574
2013-05-20,32.4394
2013-05-21,32.3723
2013-05-22,32.0146
2013-05-23,31.7761
2013-05-24,31.5004
2013-05-28,31.6718
2013-05-29,31.2694
2013-05-30,31.2694
2013-05-31,30.7030
2013-06-03,31.1576
2013-06-04,30.7775
2013-06-05,30.2261
2013-06-06,30.4794
2013-06-07,30.3229
2013-06-10,29.9131
2013-06-11,29.3467
2013-06-12,29.1455
2013-06-13,29.7640
2013-06-14,29.2945
2013-06-17,29.5628
2013-06-18,29.6895
2013-06-19,28.7729
2013-06-20,27.4837
2013-06-21,27.8786
2013-06-24,27.3123
2013-06-25,27.8935
2013-06-26,28.3332
2013-06-27,28.9017
2013-06-28,29.0678
2013-07-01,29.1584
2013-07-02,28.6375
2013-07-03,28.3732
2013-07-05,28.1920
2013-07-08,28.2298
2013-07-09,28.5997
2013-07-10,28.3279
2013-07-11,29.7171
2013-07-12,29.4000
2013-07-15,29.7020
2013-07-16,29.8228
2013-07-17,30.0946
2013-07-18,29.7398
2013-07-19,29.6567
2013-07-22,29.9512
2013-07-23,30.2759
2013-07-24,29.9663
2013-07-25,30.1399
2013-07-26,30.0720
2013-07-29,29.6945
2013-07-30,29.6265
2013-07-31,29.4529
2013-08-01,29.9889
2013-08-02,29.9814
2013-08-05,29.7926
2013-08-06,29.4151
2013-08-07,29.0980
2013-08-08,29.6567
2013-08-09,29.7171
2013-08-12,29.9965
2013-08-13,30.1777
2013-08-14,30.2759
2013-08-15,29.9285
2013-08-16,29.6718
2013-08-19,29.1131
2013-08-20,29.0603
2013-08-21,28.3808
2013-08-22,28.8413
2013-08-23,29.1811
2013-08-26,28.8640
2013-08-27,28.1996
2013-08-28,28.2600
2013-08-29,28.4865
2013-08-30,28.7054
2013-09-03,28.8866
2013-09-04,29.4000
2013-09-05,29.7473
2013-09-06,30.1852
2013-09-09,30.9780
2013-09-10,31.2121
2013-09-11,31.2347
2013-09-12,30.8723
2013-09-13,31.0762
2013-09-16,31.4235
2013-09-17,31.3555
2013-09-18,32.6692
2013-09-19,32.4956
2013-09-20,31.7708
2013-09-23,31.8840
2013-09-24,31.6122
2013-09-25,31.3706
2013-09-26,31.4990
2013-09-27,31.1290
2013-09-30,30.7741
2013-10-01,31.3857
2013-10-02,31.5065
2013-10-03,31.3857
2013-10-04,31.7934
2013-10-07,31.5216
2013-10-08,31.2196
2013-10-09,31.4537
2013-10-10,32.1936
2013-10-11,32.3370
2013-10-14,32.5258
2013-10-15,32.2087
2013-10-16,32.4654
2013-10-17,32.6692
2013-10-18,32.6994
2013-10-21,32.6466
2013-10-22,32.9637
2013-10-23,32.1936
2013-10-24,32.1256
2013-10-25,32.2766
2013-10-28,32.4654
2013-10-29,32.5711
2013-10-30,32.3899
2013-10-31,32.0577
2013-11-01,32.0728
2013-11-04,32.2691
2013-11-05,31.6198
2013-11-06,31.7179
2013-11-07,31.1441
2013-11-08,31.0762
2013-11-11,30.9176
2013-11-12,30.7515
2013-11-13,30.8044
2013-11-14,31.3027
2013-11-15,31.8991
2013-11-18,32.1860
2013-11-19,31.9897
2013-11-20,31.5518
2013-11-21,31.5216
2013-11-22,31.7481
2013-11-25,31.3404
2013-11-26,31.4461
2013-11-27,31.6500
2013-11-29,31.9746
2013-12-02,31.3027
2013-12-03,31.1970
2013-12-04,31.1592
2013-12-05,30.9780
2013-12-06,31.6651
2013-12-09,31.7104
2013-12-10,31.7255
2013-12-11,31.0233
2013-12-12,30.8421
2013-12-13,30.9176
2013-12-16,31.1215
2013-12-17,30.8496
2013-12-18,31.4637
2013-12-19,30.8847
2013-12-20,30.8390
2013-12-23,31.0675
2013-12-24,31.2504
2013-12-26,30.9837
2013-12-27,31.4637
2013-12-30,31.6008
2013-12-31,31.8446
2014-01-02,30.6180
2014-01-03,30.5647
2014-01-06,30.2752
2014-01-07,30.4047
2014-01-08,30.3057
2014-01-09,30.1457
2014-01-10,30.6790
2014-01-13,30.3133
2014-01-14,30.6409
2014-01-15,30.6333
2014-01-16,30.4657
2014-01-17,30.3133
2014-01-21,30.2676
2014-01-22,30.6714
2014-01-23,29.9172
2014-01-24,29.1325
2014-01-27,29.0182
2014-01-28,29.2010
2014-01-29,28.7820
2014-01-30,29.0487
2014-01-31,29.0944
2014-02-03,28.2716
2014-02-04,28.8430
2014-02-05,28.7363
2014-02-06,29.3382
2014-02-07,29.5058
2014-02-10,29.1782
2014-02-11,29.8105
2014-02-12,29.8181
2014-02-13,29.8486
2014-02-14,30.2143
2014-02-18,29.9324
2014-02-19,29.7267
2014-02-20,29.8334
2014-02-21,30.0391
2014-02-24,30.0391
2014-02-25,29.6962
2014-02-26,29.7191
2014-02-27,30.2828
2014-02-28,30.0772
2014-03-03,29.5439
2014-03-04,30.0467
2014-03-05,30.0695
2014-03-06,30.4962
2014-03-07,30.1076
2014-03-10,29.9019
2014-03-11,29.5667
2014-03-12,29.6277
2014-03-13,29.0944
2014-03-14,29.2544
2014-03-17,29.6124
2014-03-18,30.0238
2014-03-19,29.3839
2014-03-20,29.5134
2014-03-21,29.6962
2014-03-24,29.9857
2014-03-25,30.3286
2014-03-26,30.3971
2014-03-27,30.7933
2014-03-28,31.0371
2014-03-31,31.2428
2014-04-01,31.6084
2014-04-02,31.6694
2014-04-03,31.5475
2014-04-04,31.4637
2014-04-07,31.6008
2014-04-08,31.9665
2014-04-09,32.2103
2014-04-10,31.8675
2014-04-11,31.8675
2014-04-14,31.7989
2014-04-15,31.3189
2014-04-16,31.7151
2014-04-17,32.0046
2014-04-21,31.8065
2014-04-22,31.7227
2014-04-23,31.4942
2014-04-24,31.5246
2014-04-25,31.0980
2014-04-28,31.2504
2014-04-29,31.5475
2014-04-30,31.4865
2014-05-01,31.5246
2014-05-02,31.6999
2014-05-05,31.5246
2014-05-06,31.6694
2014-05-07,31.8370
2014-05-08,31.7608
2014-05-09,31.7075
2014-05-12,32.2408
2014-05-13,32.3626
2014-05-14,32.5912
2014-05-15,32.2865
2014-05-16,32.7131
2014-05-19,32.7131
2014-05-20,32.4465
2014-05-21,32.6979
2014-05-22,32.9264
2014-05-23,32.8655
2014-05-27,32.5836
2014-05-28,32.7740
2014-05-29,32.8655
2014-05-30,32.4160
2014-06-02,32.5150
2014-06-03,32.6979
2014-06-04,32.5150
2014-06-05,32.8578
2014-06-06,33.1854
2014-06-09,33.3073
2014-06-10,33.4825
2014-06-11,33.3683
2014-06-12,33.2083
2014-06-13,33.2235
2014-06-16,33.0711
2014-06-17,33.0788
2014-06-18,33.4445
2014-06-19,33.2540
2014-06-20,33.1854
2014-06-23,33.1169
2014-06-24,33.1016
2014-06-25,33.1715
2014-06-26,33.2099
2014-06-27,33.2867
2014-06-30,33.1945
2014-07-01,33.5093
2014-07-02,33.7090
2014-07-03,33.9086
2014-07-07,33.8856
2014-07-08,33.7320
2014-07-09,33.9240
2014-07-10,33.7397
2014-07-11,33.7013
2014-07-14,33.9624
2014-07-15,33.9394
2014-07-16,34.0238
2014-07-17,33.3865
2014-07-18,33.9086
2014-07-21,34.0238
2014-07-22,34.3386
2014-07-23,34.3694
2014-07-24,34.5229
2014-07-25,34.3847
2014-07-28,34.6228
2014-07-29,34.4154
2014-07-30,34.2465
2014-07-31,33.6476
2014-08-01,33.8319
2014-08-04,34.1467
2014-08-05,33.6245
2014-08-06,33.3942
2014-08-07,33.2636
2014-08-08,33.5631
2014-08-11,33.9931
2014-08-12,34.0315
2014-08-13,34.2158
2014-08-14,34.2695
2014-08-15,34.1774
2014-08-18,34.5076
2014-08-19,34.6688
2014-08-20,34.5997
2014-08-21,34.4538
2014-08-22,34.3617
2014-08-25,34.6151
2014-08-26,34.8224
2014-08-27,34.9990
2014-08-28,34.6535
2014-08-29,34.5997
2014-09-02,34.5460
2014-09-03,34.9990
2014-09-04,34.9069
2014-09-05,35.2063
2014-09-08,34.7917
2014-09-09,34.3617
2014-09-10,34.2158
2014-09-11,33.9854
2014-09-12,33.6245
2014-09-15,33.4556
2014-09-16,33.8933
2014-09-17,33.5785
2014-09-18,33.6245
2014-09-19,33.3712
2014-09-22,32.8644
2014-09-23,32.6801
2014-09-24,33.1485
2014-09-25,32.4267
2014-09-26,32.5726
2014-09-29,31.9122
2014-09-30,31.9122
2014-10-01,31.2595
2014-10-02,31.4285
2014-10-03,31.6972
2014-10-06,32.1119
2014-10-07,31.8277
2014-10-08,32.3038
2014-10-09,31.7970
2014-10-10,31.1060
2014-10-13,31.4208
2014-10-14,31.6051
2014-10-15,31.2058
2014-10-16,30.9217
2014-10-17,31.2672
2014-10-20,31.3594
2014-10-21,31.4899
2014-10-22,31.2826
2014-10-23,31.2749
2014-10-24,31.4976
2014-10-27,31.2519
2014-10-28,31.8815
2014-10-29,31.9276
2014-10-30,32.2270
2014-10-31,32.3652
2014-11-03,32.0965
2014-11-04,32.1272
2014-11-05,31.8431
2014-11-06,31.4515
2014-11-07,31.6511
2014-11-10,31.7356
2014-11-11,31.7049
2014-11-12,31.6435
2014-11-13,31.5590
2014-11-14,31.8201
2014-11-17,31.4822
2014-11-18,31.6511
2014-11-19,31.6358
2014-11-20,31.5820
2014-11-21,32.5879
2014-11-24,32.3192
2014-11-25,32.1119
2014-11-26,32.5188
2014-11-28,31.8662
2014-12-01,31.3210
2014-12-02,31.3133
2014-12-03,31.3977
2014-12-04,31.4515
2014-12-05,31.3901
2014-12-08,30.9294
2014-12-09,30.6376
2014-12-10,30.1845
2014-12-11,29.9311
2014-12-12,29.4397
2014-12-15,29.0174
2014-12-16,28.9713
2014-12-17,29.6373
2014-12-18,30.0423
2014-12-19,30.2526
2014-12-22,30.6732
2014-12-23,30.3928
2014-12-24,30.4629
2014-12-26,30.7044
2014-12-29,30.5174
2014-12-30,30.5797
2014-12-31,30.6031
2015-01-02,30.1981
2015-01-05,29.6606
2015-01-06,29.5360
2015-01-07,30.1747
2015-01-08,30.6888
2015-01-09,30.5875
2015-01-12,30.3383
2015-01-13,30.6031
2015-01-14,30.4318
2015-01-15,30.5019
2015-01-16,30.7589
2015-01-20,30.7122
2015-01-21,31.3898
2015-01-22,31.9896
2015-01-23,31.7481
2015-01-26,31.7637
2015-01-27,31.5923
2015-01-28,31.2496
2015-01-29,31.2496
2015-01-30,30.3928
2015-02-02,30.9381
2015-02-03,31.5222
2015-02-04,31.3664
2015-02-05,31.5534
2015-02-06,31.0159
2015-02-09,30.9692
2015-02-10,30.8913
2015-02-11,30.6654
2015-02-12,31.3197
2015-02-13,31.6780
2015-02-17,31.6079
2015-02-18,31.6001
2015-02-19,31.4677
2015-02-20,31.6780
2015-02-23,31.3587
2015-02-24,31.8104
2015-02-25,31.7481
2015-02-26,31.7559
2015-02-27,31.7325
2015-03-02,31.6858
2015-03-03,31.4443
2015-03-04,31.1016
2015-03-05,31.0549
2015-03-06,30.5797
2015-03-09,30.4629
2015-03-10,29.7853
2015-03-11,30.0112
2015-03-12,30.1981
2015-03-13,29.8320
2015-03-16,30.1903
2015-03-17,30.5408
2015-03-18,31.2886
2015-03-19,30.7589
2015-03-20,31.2185
2015-03-23,31.3119
2015-03-24,31.4366
2015-03-25,30.9381
2015-03-26,30.6499
2015-03-27,30.7355
2015-03-30,31.3275
2015-03-31,31.2574
2015-04-01,31.6469
2015-04-02,32.1220
2015-04-06,32.5348
2015-04-07,32.3712
2015-04-08,33.0489
2015-04-09,33.3760
2015-04-10,33.3994
2015-04-13,33.2047
2015-04-14,33.3527
2015-04-15,33.5863
2015-04-16,33.8512
2015-04-17,33.2592
2015-04-20,33.2280
2015-04-21,33.4227
2015-04-22,33.7810
2015-04-23,34.0303
2015-04-24,34.1549
2015-04-27,34.2873
2015-04-28,34.3419
2015-04-29,33.9135
2015-04-30,33.3994
2015-05-01,33.6019
2015-05-04,33.7966
2015-05-05,33.4305
2015-05-06,33.0177
2015-05-07,32.9710
2015-05-08,33.3916
2015-05-11,33.0722
2015-05-12,32.9632
2015-05-13,33.0255
2015-05-14,33.3527
2015-05-15,33.6097
2015-05-18,33.2670
2015-05-19,33.3215
2015-05-20,33.2981
2015-05-21,33.1813
2015-05-22,33.2903
2015-05-26,32.7607
2015-05-27,32.7685
2015-05-28,32.3401
2015-05-29,32.0285
2015-06-01,31.9039
2015-06-02,32.0285
2015-06-03,31.8649
2015-06-04,31.3820
2015-06-05,31.2418
2015-06-08,31.2340
2015-06-09,31.0471
2015-06-10,31.4988
2015-06-11,31.3431
2015-06-12,31.3431
2015-06-15,30.9926
2015-06-16,31.0004
2015-06-17,31.1873
2015-06-18,31.4755
2015-06-19,31.2029
2015-06-22,31.6546
2015-06-23,31.9662
2015-06-24,31.7403
2015-06-25,31.6313
2015-06-26,31.3330
2015-06-29,30.6347
2015-06-30,31.0898
2015-07-01,31.0663
2015-07-02,31.2154
2015-07-06,30.3443
2015-07-07,29.8892
2015-07-08,28.8613
2015-07-09,29.4184
2015-07-10,30.1639
2015-07-13,30.3679
2015-07-14,30.4228
2015-07-15,30.0775
2015-07-16,30.4542
2015-07-17,30.4150
2015-07-20,30.2188
2015-07-21,30.2266
2015-07-22,29.7950
2015-07-23,29.5047
2015-07-24,29.0810
2015-07-27,28.5317
2015-07-28,28.8220
2015-07-29,29.1045
2015-07-30,28.8142
2015-07-31,29.1281
2015-08-03,28.6415
2015-08-04,28.7436
2015-08-05,28.7514
2015-08-06,28.5003
2015-08-07,28.4846
2015-08-10,28.9633
2015-08-11,28.3277
2015-08-12,27.8882
2015-08-13,27.8411
2015-08-14,27.8804
2015-08-17,27.5743
2015-08-18,27.2762
2015-08-19,26.9387
2015-08-20,26.5150
2015-08-21,25.6989
2015-08-24,24.5768
2015-08-25,24.8907
2015-08-26,25.7146
2015-08-27,26.8524
2015-08-28,26.5072
2015-08-31,26.5542
2015-09-01,25.5263
2015-09-02,25.8951
2015-09-03,25.9971
2015-09-04,25.2202
2015-09-08,26.0206
2015-09-09,25.8872
2015-09-10,26.1540
2015-09-11,26.2560
2015-09-14,26.2168
2015-09-15,26.4679
2015-09-16,27.1114
2015-09-17,27.0486
2015-09-18,26.5464
2015-09-21,26.4993
2015-09-22,26.0049
2015-09-23,25.5891
2015-09-24,25.4792
2015-09-25,25.4243
2015-09-28,24.8828
2015-09-29,25.0005
2015-09-30,25.7225
2015-10-01,25.8637
2015-10-02,26.5542
2015-10-05,27.1271
2015-10-06,27.0800
2015-10-07,27.8019
2015-10-08,28.1001
2015-10-09,28.2021
2015-10-12,27.9902
2015-10-13,27.5351
2015-10-14,27.7470
2015-10-15,28.4218
2015-10-16,28.4454
2015-10-19,28.1550
2015-10-20,28.1472
2015-10-21,27.7391
2015-10-22,28.3120
2015-10-23,28.4768
2015-10-26,28.2178
2015-10-27,27.8961
2015-10-28,27.5743
2015-10-29,27.3154
2015-10-30,27.3625
2015-11-02,27.9039
2015-11-03,28.2727
2015-11-04,28.0452
2015-11-05,28.0922
2015-11-06,27.6999
2015-11-09,27.0094
2015-11-10,26.8917
2015-11-11,26.9466
2015-11-12,26.6876
2015-11-13,26.3188
2015-11-16,26.8289
2015-11-17,26.7504
2015-11-18,27.0408
2015-11-19,27.2840
2015-11-20,27.5587
2015-11-23,27.2997
2015-11-24,27.4409
2015-11-25,27.2291
2015-11-27,26.6327
2015-11-30,26.6719
2015-12-01,26.8760
2015-12-02,26.5542
2015-12-03,26.4051
2015-12-04,26.5856
2015-12-07,26.1462
2015-12-08,25.8559
2015-12-09,25.6440
2015-12-10,25.4713
2015-12-11,24.7573
2015-12-14,25.1575
2015-12-15,25.5420
2015-12-16,26.0442
2015-12-17,25.7068
2015-12-18,25.6204
2015-12-21,25.8205
2015-12-22,26.0277
2015-12-23,26.3943
2015-12-24,26.2986
2015-12-28,26.1153
2015-12-29,26.1392
2015-12-30,25.7328
2015-12-31,25.6531
2016-01-04,24.9518
2016-01-05,25.0076
2016-01-06,24.5294
2016-01-07,23.7724
2016-01-08,23.5174
2016-01-11,23.5094
2016-01-12,23.5572
2016-01-13,23.3102
2016-01-14,23.6130
2016-01-15,22.6806
2016-01-19,23.0153
2016-01-20,22.5132
2016-01-21,22.6009
2016-01-22,23.3739
2016-01-25,22.9754
2016-01-26,23.3102
2016-01-27,23.2305
2016-01-28,23.5970
2016-01-29,24.3621
2016-02-01,24.1310
2016-02-02,23.3500
2016-02-03,24.0114
2016-02-04,24.1947
2016-02-05,23.9158
2016-02-08,23.5891
2016-02-09,23.2623
2016-02-10,23.3580
2016-02-11,22.9675
2016-02-12,23.3659
2016-02-16,23.8839
2016-02-17,24.3541
2016-02-18,24.2107
2016-02-19,24.0991
2016-02-22,24.6968
2016-02-23,24.1708
2016-02-24,24.1150
2016-02-25,24.1947
2016-02-26,23.9557
2016-02-29,24.1629
2016-03-01,25.0235
2016-03-02,25.3583
2016-03-03,25.6452
2016-03-04,26.1552
2016-03-07,26.1153
2016-03-08,25.6691
2016-03-09,25.8284
2016-03-10,25.8683
2016-03-11,26.4102
2016-03-14,26.2508
2016-03-15,25.8763
2016-03-16,26.3943
2016-03-17,26.9760
2016-03-18,27.1195
2016-03-21,27.1753
2016-03-22,27.1115
2016-03-23,26.6493
2016-03-24,26.5855
2016-03-28,26.6732
2016-03-29,27.0398
2016-03-30,27.3187
2016-03-31,27.2948
2016-04-01,27.2151
2016-04-04,26.8884
2016-04-05,26.3624
2016-04-06,26.6812
2016-04-07,26.1472
2016-04-08,26.6015
2016-04-11,26.9441
2016-04-12,27.3585
2016-04-13,27.8447
2016-04-14,27.7092
2016-04-15,27.5498
2016-04-18,27.6773
2016-04-19,28.0997
2016-04-20,27.9722
2016-04-21,27.6932
2016-04-22,27.5259
2016-04-25,27.3506
2016-04-26,27.6454
2016-04-27,27.8128
2016-04-28,27.5259
2016-04-29,27.4064
2016-05-02,27.3346
2016-05-03,26.5616
2016-05-04,26.1313
2016-05-05,26.1233
2016-05-06,26.1632
2016-05-09,25.8284
2016-05-10,26.3225
2016-05-11,26.2588
2016-05-12,26.1871
2016-05-13,25.7169
2016-05-16,26.0277
2016-05-17,25.9081
2016-05-18,25.6531
2016-05-19,25.4140
2016-05-20,25.6691
2016-05-23,25.6212
2016-05-24,25.8842
2016-05-25,26.1950
2016-05-26,26.3704
2016-05-27,26.3624
2016-05-31,26.3943
2016-06-01,26.3783
2016-06-02,26.5935
2016-06-03,26.9999
2016-06-06,27.2868
2016-06-07,27.5339
2016-06-08,27.7331
2016-06-09,27.4143
2016-06-10,26.7210
2016-06-13,26.3464
2016-06-14,26.2588
2016-06-15,26.5377
2016-06-16,26.4421
2016-06-17,26.5138
2016-06-20,26.9840
2016-06-21,27.1912
2016-06-22,27.2603
2016-06-23,27.9189
2016-06-24,26.2242
2016-06-27,25.8868
2016-06-28,26.6498
2016-06-29,27.3245
2016-06-30,27.5976
2016-07-01,27.8627
2016-07-05,27.2683
2016-07-06,27.1960
2016-07-07,27.1237
2016-07-08,27.7101
2016-07-11,27.9751
2016-07-12,28.3687
2016-07-13,28.3205
2016-07-14,28.7301
2016-07-15,28.6658
2016-07-18,28.9229
2016-07-19,28.6257
2016-07-20,28.7703
2016-07-21,28.6819
2016-07-22,28.8907
2016-07-25,28.6016
2016-07-26,28.8265
2016-07-27,28.9229
2016-07-28,28.9309
2016-07-29,29.0835
2016-08-01,29.0273
2016-08-02,28.8185
2016-08-03,28.9148
2016-08-04,29.0755
2016-08-05,29.4128
2016-08-08,29.6216
2016-08-09,29.8224
2016-08-10,29.8305
2016-08-11,30.2160
2016-08-12,30.1036
2016-08-15,30.4168
2016-08-16,30.2803
2016-08-17,30.0875
2016-08-18,30.3686
2016-08-19,30.1999
2016-08-22,29.7983
2016-08-23,29.6779
2016-08-24,29.7582
2016-08-25,29.7823
2016-08-26,29.5253
2016-08-29,29.7501
2016-08-30,29.6698
2016-08-31,29.3405
2016-09-01,29.5654
2016-09-02,30.0473
2016-09-06,30.6899
2016-09-07,30.5935
2016-09-08,30.5132
2016-09-09,29.4851
2016-09-12,29.6859
2016-09-13,28.9389
2016-09-14,29.0273
2016-09-15,29.5253
2016-09-16,29.3245
2016-09-19,29.5574
2016-09-20,29.5735
2016-09-21,30.4007
2016-09-22,30.6176
2016-09-23,30.2240
2016-09-26,29.7823
2016-09-27,30.2080
2016-09-28,30.4811
2016-09-29,29.9510
2016-09-30,30.0795
2016-10-03,30.2883
2016-10-04,29.9510
2016-10-05,30.3847
2016-10-06,30.4088
2016-10-07,30.2722
2016-10-10,30.6015
2016-10-11,29.8947
2016-10-12,29.8385
2016-10-13,29.5735
2016-10-14,29.6216
2016-10-17,29.5895
2016-10-18,30.1116
2016-10-19,30.2963
2016-10-20,30.2080
2016-10-21,30.1999
2016-10-24,30.3284
2016-10-25,30.3606
2016-10-26,30.0393
2016-10-27,29.7823
2016-10-28,29.6618
2016-10-31,29.8305
2016-11-01,29.5895
2016-11-02,29.2361
2016-11-03,29.1558
2016-11-04,28.8586
2016-11-07,29.9028
2016-11-08,30.0955
2016-11-09,29.1156
2016-11-10,28.2883
2016-11-11,27.7502
2016-11-14,27.5494
2016-11-15,28.1036
2016-11-16,27.8707
2016-11-17,27.9108
2016-11-18,27.7823
2016-11-21,28.0554
2016-11-22,28.4811
2016-11-23,28.1759
2016-11-25,28.3124
2016-11-28,28.4249
2016-11-29,28.4650
2016-11-30,28.5132
2016-12-01,28.1759
2016-12-02,28.2080
2016-12-05,28.4410
2016-12-06,28.5936
2016-12-07,29.0755
2016-12-08,29.2040
2016-12-09,29.0514
2016-12-12,28.8586
2016-12-13,29.1799
2016-12-14,28.3124
2016-12-15,28.3606
2016-12-16,28.2321
2016-12-19,28.0394
2016-12-20,28.1357
2016-12-21,28.0188
2016-12-22,27.6857
2016-12-23,27.8482
2016-12-27,27.9700
2016-12-28,28.1812
2016-12-29,28.6443
2016-12-30,28.4412
2017-01-03,28.7824
2017-01-04,29.0017
2017-01-05,29.3186
2017-01-06,29.1967
2017-01-09,29.1723
2017-01-10,29.3429
2017-01-11,29.6923
2017-01-12,29.8222
2017-01-13,29.7979
2017-01-17,29.7816
2017-01-18,29.6191
2017-01-19,29.5298
2017-01-20,29.5866
2017-01-23,30.0253
2017-01-24,30.2122
2017-01-25,30.5452
2017-01-26,30.4153
2017-01-27,30.4396
2017-01-30,30.2772
2017-01-31,30.3340
2017-02-01,30.3503
2017-02-02,30.4803
2017-02-03,30.6671
2017-02-06,30.5940
2017-02-07,30.4396
2017-02-08,30.6265
2017-02-09,30.7646
2017-02-10,31.0489
2017-02-13,31.1464
2017-02-14,31.1789
2017-02-15,31.4307
2017-02-16,31.3170
2017-02-17,31.1870
2017-02-21,31.5282
2017-02-22,31.6257
2017-02-23,31.6338
2017-02-24,31.2601
2017-02-27,31.1626
2017-02-28,30.8621
2017-03-01,31.3414
2017-03-02,30.7890
2017-03-03,31.0245
2017-03-06,31.0408
2017-03-07,31.0733
2017-03-08,30.7808
2017-03-09,30.5371
2017-03-10,30.8783
2017-03-13,31.3089
2017-03-14,31.1301
2017-03-15,31.9425
2017-03-16,32.1375
2017-03-17,32.0806
2017-03-20,32.4543
2017-03-21,32.0969
2017-03-22,32.2512
2017-03-23,32.2594
2017-03-24,32.3406
2017-03-27,32.2512
2017-03-28,32.3406
2017-03-29,32.3974
2017-03-30,32.2268
2017-03-31,31.9994
2017-04-03,32.1781
2017-04-04,32.1944
2017-04-05,32.0969
2017-04-06,32.0400
2017-04-07,31.9831
2017-04-10,31.8532
2017-04-11,31.7800
2017-04-12,31.9344
2017-04-13,31.7963
2017-04-17,32.1294
2017-04-18,31.7232
2017-04-19,31.5282
2017-04-20,31.9181
2017-04-21,31.9181
2017-04-24,32.3731
2017-04-25,32.6574
2017-04-26,32.5356
2017-04-27,32.4949
2017-04-28,32.5437
2017-05-01,32.7305
2017-05-02,32.9661
2017-05-03,32.7468
2017-05-04,32.3812
2017-05-05,32.6493
2017-05-08,32.6412
2017-05-09,33.0555
2017-05-10,33.2748
2017-05-11,33.3479
2017-05-12,33.4860
2017-05-15,33.8272
2017-05-16,33.8597
2017-05-17,33.2829
2017-05-18,32.7305
2017-05-19,33.4292
2017-05-22,33.4617
2017-05-23,33.4942
2017-05-24,33.6241
2017-05-25,33.7866
2017-05-26,33.9085
2017-05-30,33.7297
2017-05-31,33.4698
2017-06-01,33.7541
2017-06-02,33.9247
2017-06-05,33.8841
2017-06-06,33.9003
2017-06-07,33.8597
2017-06-08,34.0628
2017-06-09,33.8029
2017-06-12,33.6241
2017-06-13,33.7866
2017-06-14,33.7785
2017-06-15,33.4292
2017-06-16,33.4860
2017-06-19,33.8191
2017-06-20,33.4453
2017-06-21,33.5188
2017-06-22,33.6902
2017-06-23,33.8697
2017-06-26,34.1962
2017-06-27,33.7963
2017-06-28,34.0574
2017-06-29,33.6249
2017-06-30,33.7799
2017-07-03,33.9758
2017-07-05,33.9105
2017-07-06,33.5024
2017-07-07,33.5677
2017-07-10,33.8860
2017-07-11,34.1635
2017-07-12,34.8246
2017-07-13,34.9960
2017-07-14,35.4367
2017-07-17,35.2735
2017-07-18,35.3796
2017-07-19,35.6734
2017-07-20,35.6326
2017-07-21,35.6081
2017-07-24,35.7142
2017-07-25,35.6244
2017-07-26,35.9182
2017-07-27,35.7223
2017-07-28,35.7060
2017-07-31,35.7468
2017-08-01,35.8529
2017-08-02,35.8856
2017-08-03,35.7387
2017-08-04,35.8693
2017-08-07,36.1141
2017-08-08,36.1222
2017-08-09,35.7958
2017-08-10,34.9470
2017-08-11,35.0286
2017-08-14,35.3877
2017-08-15,35.4285
2017-08-16,35.7958
2017-08-17,35.3388
2017-08-18,35.6407
2017-08-21,35.7713
2017-08-22,36.1712
2017-08-23,36.3426
2017-08-24,36.4569
2017-08-25,36.6691
2017-08-28,36.5385
2017-08-29,36.4732
2017-08-30,36.5303
2017-08-31,36.5875
2017-09-01,36.8568
2017-09-05,36.3753
2017-09-06,36.6119
2017-09-07,36.8813
2017-09-08,36.6364
2017-09-11,37.1261
2017-09-12,37.0853
2017-09-13,36.8894
2017-09-14,36.9874
2017-09-15,37.2077
2017-09-18,37.3383
2017-09-19,37.4199
2017-09-20,37.2485
2017-09-21,37.2485
2017-09-22,37.0363
2017-09-25,36.4079
2017-09-26,36.3100
2017-09-27,36.1794
2017-09-28,36.1549
2017-09-29,36.5711
2017-10-02,36.5793
2017-10-03,37.1587
2017-10-04,37.1506
2017-10-05,37.4281
2017-10-06,37.2403
2017-10-09,37.2159
2017-10-10,37.5831
2017-10-11,37.7545
2017-10-12,37.7382
2017-10-13,38.0810
2017-10-16,38.0565
2017-10-17,37.8606
2017-10-18,37.9504
2017-10-19,37.6158
2017-10-20,37.7545
2017-10-23,37.4526
2017-10-24,37.4526
2017-10-25,37.3709
2017-10-26,37.1179
2017-10-27,37.6566
2017-10-30,37.4199
2017-10-31,37.7708
2017-11-01,37.9667
2017-11-02,38.0157
2017-11-03,37.8198
2017-11-06,38.2442
2017-11-07,37.9994
2017-11-08,38.1789
2017-11-09,37.9422
2017-11-10,37.7790
2017-11-13,37.6974
2017-11-14,37.4444
2017-11-15,37.2485
2017-11-16,38.0238
2017-11-17,38.2116
2017-11-20,38.4074
2017-11-21,38.9216
2017-11-22,39.0195
2017-11-24,38.9379
2017-11-27,38.3666
2017-11-28,38.6523
2017-11-29,38.0402
2017-11-30,37.6239
2017-12-01,37.4118
2017-12-04,37.4852
2017-12-05,37.4607
2017-12-06,36.9547
2017-12-07,37.0608
2017-12-08,37.4934
2017-12-11,37.6811
2017-12-12,37.4281
2017-12-13,37.8769
2017-12-14,37.5995
2017-12-15,37.6811
2017-12-18,38.1055
2017-12-19,37.9041
2017-12-20,37.9538
2017-12-21,38.2024
2017-12-22,38.5255
2017-12-26,38.4924
2017-12-27,38.5918
2017-12-28,38.8569
2017-12-29,39.0392
2018-01-02,39.7766
2018-01-03,40.1577
2018-01-04,40.3565
2018-01-05,40.7045
2018-01-08,40.7045
2018-01-09,40.6382
2018-01-10,40.3814
2018-01-11,40.6299
2018-01-12,41.0193
2018-01-16,40.8619
2018-01-17,41.4004
2018-01-18,41.4501
2018-01-19,41.7898
2018-01-22,42.0301
2018-01-23,42.2289
2018-01-24,42.5852
2018-01-25,42.5603
2018-01-26,43.1486
2018-01-29,42.4941
2018-01-30,41.9141
2018-01-31,42.2786
2018-02-01,41.7070
2018-02-02,40.6382
2018-02-05,39.2132
2018-02-06,40.4891
2018-02-07,39.2132
2018-02-08,37.8544
2018-02-09,38.4592
2018-02-12,39.0640
2018-02-13,39.3623
2018-02-14,40.3482
2018-02-15,41.1767
2018-02-16,41.0442
2018-02-20,40.4808
2018-02-21,40.4477
2018-02-22,40.4725
2018-02-23,41.1933
2018-02-26,41.5744
2018-02-27,40.3648
2018-02-28,39.7848
2018-03-01,39.7103
2018-03-02,39.8760
2018-03-05,39.9340
2018-03-06,40.3068
2018-03-07,40.3482
2018-03-08,40.3565
2018-03-09,41.2182
2018-03-12,41.3176
2018-03-13,40.9448
2018-03-14,41.0110
2018-03-15,40.8619
2018-03-16,40.7708
2018-03-19,40.3317
2018-03-20,40.7790
2018-03-21,41.0193
2018-03-22,39.6523
2018-03-23,38.8486
2018-03-26,40.1080
2018-03-27,39.3789
2018-03-28,39.1800
2018-03-29,40.0003
2018-04-02,39.2795
2018-04-03,39.6689
2018-04-04,39.6854
2018-04-05,39.7848
2018-04-06,39.0061
2018-04-09,39.0475
2018-04-10,39.8097
2018-04-11,39.8263
2018-04-12,39.8097
2018-04-13,39.4120
2018-04-16,39.4617
2018-04-17,39.5446
2018-04-18,39.8843
2018-04-19,39.6523
2018-04-20,39.1552
2018-04-23,38.8404
2018-04-24,38.6581
2018-04-25,38.3598
2018-04-26,38.9149
2018-04-27,39.1552
2018-04-30,38.8735
2018-05-01,38.6829
2018-05-02,38.3764
2018-05-03,38.2935
2018-05-04,38.4675
2018-05-07,38.2438
2018-05-08,38.4592
2018-05-09,38.5338
2018-05-10,39.3374
2018-05-11,39.2712
2018-05-14,39.3209
2018-05-15,38.5089
2018-05-16,39.0889
2018-05-17,38.4924
2018-05-18,38.1693
2018-05-21,38.4012
2018-05-22,38.5338
2018-05-23,38.5172
2018-05-24,38.3101
2018-05-25,38.4675
2018-05-29,37.5727
2018-05-30,37.8710
2018-05-31,37.8544
2018-06-01,38.3847
2018-06-04,38.7741
2018-06-05,38.4758
2018-06-06,39.0558
2018-06-07,38.4592
2018-06-08,38.3847
2018-06-11,38.3847
2018-06-12,38.2852
2018-06-13,38.0284
2018-06-14,37.7716
2018-06-15,37.4733
2018-06-18,37.0176
2018-06-19,36.6090
2018-06-20,36.7675
2018-06-21,36.2504
2018-06-22,36.6257
2018-06-25,36.1337
2018-06-26,35.9919
2018-06-27,35.2998
2018-06-28,35.6000
2018-06-29,36.1337
2018-07-02,35.7751
2018-07-03,35.8001
2018-07-05,35.7084
2018-07-06,36.2004
2018-07-09,36.8508
2018-07-10,36.7675
2018-07-11,36.0503
2018-07-12,36.5423
2018-07-13,36.5673
2018-07-16,36.3672
2018-07-17,36.6340
2018-07-18,36.5923
2018-07-19,36.1420
2018-07-20,36.6590
2018-07-23,36.4172
2018-07-24,36.9509
2018-07-25,37.5513
2018-07-26,37.1344
2018-07-27,37.2678
2018-07-30,37.2094
2018-07-31,37.4096
2018-08-01,37.0760
2018-08-02,36.5840
2018-08-03,36.8675
2018-08-06,36.5840
2018-08-07,36.9593
2018-08-08,36.9092
2018-08-09,36.8008
2018-08-10,36.0169
2018-08-13,35.4249
2018-08-14,35.6417
2018-08-15,34.6160
2018-08-16,34.8328
2018-08-17,35.1997
2018-08-20,35.3581
2018-08-21,35.8085
2018-08-22,36.0920
2018-08-23,35.5082
2018-08-24,36.1670
2018-08-27,36.6841
2018-08-28,36.5506
2018-08-29,36.7758
2018-08-30,35.8168
2018-08-31,36.0002
2018-09-04,35.2998
2018-09-05,34.7911
2018-09-06,34.8244
2018-09-07,34.6493
2018-09-10,34.3074
2018-09-11,34.3825
2018-09-12,34.5576
2018-09-13,35.0246
2018-09-14,34.9912
2018-09-17,34.6743
2018-09-18,35.0079
2018-09-19,35.4916
2018-09-20,35.8835
2018-09-21,36.0503
2018-09-24,35.6417
2018-09-25,35.7834
2018-09-26,35.8585
2018-09-27,36.0336
2018-09-28,35.7918
2018-10-01,35.8001
2018-10-02,35.3498
2018-10-03,35.0579
2018-10-04,34.1823
2018-10-05,34.0572
2018-10-08,34.1073
2018-10-09,33.9822
2018-10-10,32.9731
2018-10-11,32.6396
2018-10-12,33.5986
2018-10-15,33.2400
2018-10-16,34.0739
2018-10-17,33.6569
2018-10-18,32.7730
2018-10-19,33.0815
2018-10-22,33.4401
2018-10-23,33.0732
2018-10-24,32.0058
2018-10-25,32.6229
2018-10-26,32.2476
2018-10-29,31.6889
2018-10-30,32.3060
2018-10-31,32.6562
2018-11-01,33.8237
2018-11-02,34.0405
2018-11-05,34.1323
2018-11-06,34.0739
2018-11-07,34.7160
2018-11-08,33.8154
2018-11-09,33.1899
2018-11-12,32.7230
2018-11-13,33.0982
2018-11-14,33.2984
2018-11-15,34.0405
2018-11-16,34.1073
2018-11-19,33.6486
2018-11-20,32.9231
2018-11-21,33.5318
2018-11-23,33.1399
2018-11-26,33.5485
2018-11-27,33.7820
2018-11-28,34.5909
2018-11-29,34.2907
2018-11-30,34.2574
2018-12-03,34.9495
2018-12-04,34.2073
2018-12-06,33.8904
2018-12-07,33.2567
2018-12-10,32.9064
2018-12-11,33.1566
2018-12-12,33.6986
2018-12-13,33.6903
2018-12-14,33.2150
2018-12-17,32.9064
2018-12-18,33.1299
2018-12-19,32.5797
2018-12-20,32.8336
2018-12-21,32.6051
2018-12-24,32.3004
2018-12-26,32.9437
2018-12-27,32.9013
2018-12-28,33.2145
2018-12-31,33.0622
2019-01-02,33.1468
2019-01-03,32.5458
2019-01-04,33.5954
2019-01-07,33.6716
2019-01-08,33.7986
2019-01-09,34.3995
2019-01-10,34.6450
2019-01-11,34.4757
2019-01-14,34.1879
2019-01-15,34.4249
2019-01-16,34.8482
2019-01-17,35.0005
2019-01-18,35.1698
2019-01-22,34.5604
2019-01-23,34.9159
2019-01-24,35.2545
2019-01-25,35.7200
2019-01-28,35.3476
2019-01-29,35.4068
2019-01-30,36.1771
2019-01-31,36.4818
2019-02-01,36.1940
2019-02-04,36.2533
2019-02-05,36.7527
2019-02-06,36.2533
2019-02-07,35.8893
2019-02-08,35.6861
2019-02-11,35.5676
2019-02-12,35.8639
2019-02-13,35.6100
2019-02-14,35.6777
2019-02-15,35.6269
2019-02-19,35.9062
2019-02-20,36.1094
2019-02-21,36.0332
2019-02-22,36.4310
2019-02-25,36.8373
2019-02-26,36.7103
2019-02-27,36.3972
2019-02-28,35.9231
2019-03-01,35.9655
2019-03-04,36.0163
2019-03-05,36.3718
2019-03-06,36.1686
2019-03-07,35.4999
2019-03-08,35.2460
2019-03-11,35.9062
2019-03-12,36.0924
2019-03-13,36.1348
2019-03-14,35.9401
2019-03-15,36.4649
2019-03-18,36.8712
2019-03-19,36.8881
2019-03-20,36.9473
2019-03-21,36.9981
2019-03-22,35.9147
2019-03-25,35.9993
2019-03-26,36.1094
2019-03-27,35.7200
2019-03-28,35.9570
2019-03-29,36.3294
2019-04-01,36.9304
2019-04-02,36.8119
2019-04-03,37.0658
2019-04-04,37.2944
2019-04-05,37.5822
2019-04-08,37.5822
2019-04-09,37.5060
2019-04-10,37.6838
2019-04-11,37.2775
2019-04-12,37.5483
2019-04-15,37.3536
2019-04-16,37.6330
2019-04-17,37.7430
2019-04-18,37.7176
2019-04-22,37.4721
2019-04-23,37.5568
2019-04-24,37.0489
2019-04-25,36.9981
2019-04-26,37.1420
2019-04-29,37.2182
2019-04-30,37.1843
2019-05-01,36.9050
2019-05-02,36.9897
2019-05-03,37.4298
2019-05-06,36.6596
2019-05-07,35.9401
2019-05-08,35.8893
2019-05-09,35.3222
2019-05-10,35.5338
2019-05-13,34.3488
2019-05-14,34.8312
2019-05-15,34.8989
2019-05-16,34.7297
2019-05-17,34.1033
2019-05-20,33.9594
2019-05-21,34.3911
2019-05-22,34.2218
2019-05-23,33.7816
2019-05-24,33.8155
2019-05-28,33.9340
2019-05-29,34.1541
2019-05-30,34.3403
2019-05-31,34.4588
2019-06-03,34.7720
2019-06-04,34.8482
2019-06-05,34.5688
2019-06-06,34.5858
2019-06-07,34.8566
2019-06-10,35.2206
2019-06-11,35.6184
2019-06-12,35.2375
2019-06-13,35.1783
2019-06-14,34.7889
2019-06-17,34.9262
2019-06-18,35.7706
2019-06-19,36.0691
2019-06-20,36.5979
2019-06-21,36.4785
2019-06-24,36.4273
2019-06-25,36.0521
2019-06-26,36.3932
2019-06-27,36.6491
2019-06-28,36.5979
2019-07-01,37.0329
2019-07-02,36.9391
2019-07-03,36.8708
2019-07-05,36.6150
2019-07-08,36.3932
2019-07-09,36.2823
2019-07-10,36.5894
2019-07-11,36.5211
2019-07-12,36.5467
2019-07-15,36.6832
2019-07-16,36.6320
2019-07-17,36.5211
2019-07-18,36.7429
2019-07-19,36.5553
2019-07-22,36.5638
2019-07-23,36.6064
2019-07-24,36.6661
2019-07-25,36.3420
2019-07-26,36.4188
2019-07-29,36.3506
2019-07-30,36.0691
2019-07-31,35.6256
2019-08-01,34.9262
2019-08-02,34.5851
2019-08-05,33.3057
2019-08-06,33.7833
2019-08-07,33.9369
2019-08-08,34.3548
2019-08-09,34.0051
2019-08-12,33.5957
2019-08-13,34.0221
2019-08-14,33.0413
2019-08-15,33.2631
2019-08-16,33.7236
2019-08-19,33.8601
2019-08-20,33.9283
2019-08-21,34.2524
2019-08-22,33.8089
2019-08-23,33.3057
2019-08-26,33.4848
2019-08-27,33.5445
2019-08-28,33.6383
2019-08-29,34.0136
2019-08-30,34.2780
2019-09-03,34.0648
2019-09-04,34.6362
2019-09-05,35.0286
2019-09-06,35.1821
2019-09-09,35.2930
2019-09-10,35.3186
2019-09-11,35.5659
2019-09-12,35.8218
2019-09-13,36.0265
2019-09-16,35.7450
2019-09-17,35.7450
2019-09-18,35.6000
2019-09-19,35.4550
2019-09-20,35.4891
2019-09-23,35.5233
2019-09-24,35.1480
2019-09-25,35.1224
2019-09-26,35.1139
2019-09-27,34.6618
2019-09-30,34.8580
2019-10-01,34.6107
2019-10-02,34.3463
2019-10-03,34.7898
2019-10-04,34.9433
2019-10-07,34.6533
2019-10-08,34.4060
2019-10-09,34.6703
2019-10-10,35.0286
2019-10-11,35.5915
2019-10-14,35.4380
2019-10-15,35.7535
2019-10-16,35.8559
2019-10-17,35.9924
2019-10-18,35.8047
2019-10-21,36.1288
2019-10-22,36.1544
2019-10-23,36.1629
2019-10-24,36.1629
2019-10-25,36.4188
2019-10-28,36.6320
2019-10-29,36.4444
2019-10-30,36.6064
2019-10-31,36.3165
2019-11-01,36.8623
2019-11-04,37.2291
2019-11-05,37.4423
2019-11-06,37.3229
2019-11-07,37.5958
2019-11-08,37.2546
2019-11-11,36.9902
2019-11-12,36.7514
2019-11-13,36.4700
2019-11-14,36.4956
2019-11-15,36.7855
2019-11-18,36.7258
2019-11-19,36.8026
2019-11-20,36.6406
2019-11-21,36.5638
2019-11-22,36.5638
2019-11-25,36.9305
2019-11-26,36.8197
2019-11-27,36.8623
2019-11-29,36.2823
2019-12-02,36.2738
2019-12-03,36.0862
2019-12-04,36.3591
2019-12-05,36.5211
2019-12-06,36.7344
2019-12-09,36.5894
2019-12-10,36.7173
2019-12-11,37.2546
2019-12-12,37.9028
2019-12-13,37.8858
2019-12-16,38.2072
2019-12-17,38.5557
2019-12-18,38.7647
2019-12-19,38.7822
2019-12-20,38.8606
2019-12-23,38.9128
2019-12-24,38.8257
2019-12-26,39.1045
2019-12-27,39.2613
2019-12-30,38.9999
2019-12-31,39.0871
2020-01-02,39.8798
2020-01-03,39.1393
2020-01-06,39.0435
2020-01-07,39.0174
2020-01-08,39.2439
2020-01-09,39.5052
2020-01-10,39.7143
2020-01-13,40.3328
2020-01-14,40.1063
2020-01-15,39.7927
2020-01-16,40.0453
2020-01-17,40.2718
2020-01-21,39.2526
2020-01-22,39.5749
2020-01-23,39.1655
2020-01-24,38.8519
2020-01-27,37.5103
2020-01-28,37.8239
2020-01-29,38.0069
2020-01-30,37.4406
2020-01-31,36.6828
2020-02-03,37.0922
2020-02-04,38.0504
2020-02-05,38.2682
2020-02-06,38.3031
2020-02-07,37.7717
2020-02-10,37.9807
2020-02-11,38.4773
2020-02-12,38.9999
2020-02-13,38.4860
2020-02-14,38.5034
2020-02-18,38.2508
2020-02-19,38.5295
2020-02-20,37.9285
2020-02-21,37.7107
2020-02-24,36.2995
2020-02-25,36.0120
2020-02-26,36.2995
2020-02-27,35.4284
2020-02-28,35.2977
2020-03-02,36.0643
2020-03-03,35.8204
2020-03-04,36.4563
2020-03-05,35.6897
2020-03-06,34.9580
2020-03-09,32.5711
2020-03-10,34.2262
2020-03-11,32.6321
2020-03-12,29.3654
2020-03-13,31.4822
2020-03-16,27.5535
2020-03-17,29.4525
2020-03-18,26.9088
2020-03-19,27.1179
2020-03-20,27.3183
2020-03-23,26.6649
2020-03-24,28.6685
2020-03-25,29.6790
2020-03-26,30.8027
2020-03-27,29.0518
2020-03-30,29.5309
2020-03-31,29.7313
2020-04-01,28.4594
2020-04-02,29.4176
2020-04-03,28.8601
2020-04-06,30.4369
2020-04-07,30.5937
2020-04-08,30.9073
2020-04-09,30.7940
2020-04-13,30.8376
2020-04-14,31.5432
2020-04-15,30.7330
2020-04-16,30.8986
2020-04-17,31.5867
2020-04-20,31.1860
2020-04-21,30.3236
2020-04-22,31.1512
2020-04-23,31.0379
2020-04-24,30.9944
2020-04-27,31.6216
2020-04-28,31.6826
2020-04-29,32.6059
2020-04-30,31.9178
2020-05-01,30.7679
2020-05-04,31.0989
2020-05-05,31.2731
2020-05-06,31.1773
2020-05-07,31.4299
2020-05-08,32.0920
2020-05-11,31.8829
2020-05-12,31.7610
2020-05-13,31.7000
2020-05-14,31.8219
2020-05-15,31.3864
2020-05-18,32.6146
2020-05-19,32.3533
2020-05-20,32.7802
2020-05-21,32.4056
2020-05-22,31.7348
2020-05-26,32.4317
2020-05-27,32.5363
2020-05-28,32.3098
2020-05-29,32.8673
2020-06-01,33.6252
2020-06-02,34.4266
2020-06-03,35.2280
2020-06-04,34.7315
2020-06-05,35.6461
2020-06-08,35.8639
2020-06-09,35.6200
2020-06-10,35.8814
2020-06-11,34.0084
2020-06-12,34.7315
2020-06-15,34.4160
2020-06-16,34.6351
2020-06-17,34.9680
2020-06-18,34.9856
2020-06-19,34.9768
2020-06-22,35.4061
2020-06-23,35.7478
2020-06-24,35.2747
2020-06-25,35.4236
2020-06-26,34.9943
2020-06-29,35.1520
2020-06-30,35.0381
2020-07-01,35.4324
2020-07-02,36.2385
2020-07-06,37.7981
2020-07-07,37.1672
2020-07-08,38.1310
2020-07-09,38.1310
2020-07-10,37.8857
2020-07-13,37.6316
2020-07-14,37.6842
2020-07-15,37.7981
2020-07-16,37.2636
2020-07-17,37.4739
2020-07-20,37.9558
2020-07-21,38.3063
2020-07-22,38.1398
2020-07-23,37.8331
2020-07-24,37.7981
2020-07-27,38.3851
2020-07-28,38.0697
2020-07-29,38.6830
2020-07-30,38.1924
2020-07-31,37.9295
2020-08-03,38.1924
2020-08-04,38.7005
2020-08-05,39.1211
2020-08-06,39.2438
2020-08-07,38.4377
2020-08-10,38.5341
2020-08-11,38.4289
2020-08-12,38.9459
2020-08-13,38.8320
2020-08-14,38.7619
2020-08-17,39.2525
2020-08-18,39.2087
2020-08-19,38.7268
2020-08-20,38.6042
2020-08-21,38.7969
2020-08-24,39.2262
2020-08-25,39.6205
2020-08-26,39.7257
2020-08-27,39.3927
2020-08-28,39.9096
2020-08-31,39.0247
2020-09-01,39.6906
2020-09-02,39.5855
2020-09-03,38.8320
2020-09-04,38.8495
2020-09-08,38.1748
2020-09-09,38.7443
2020-09-10,38.1223
2020-09-11,38.4902
2020-09-14,39.1123
2020-09-15,39.5241
2020-09-16,39.4716
2020-09-17,39.3138
2020-09-18,39.0072
2020-09-21,38.6480
2020-09-22,38.3588
2020-09-23,37.7630
2020-09-24,37.5878
2020-09-25,37.6228
2020-09-28,38.0434
2020-09-29,38.0171
2020-09-30,38.6304
2020-10-01,38.9897
2020-10-02,38.5428
2020-10-05,39.0598
2020-10-06,39.1299
2020-10-07,39.5592
2020-10-08,39.8834
2020-10-09,40.1550
2020-10-12,40.5054
2020-10-13,40.3390
2020-10-14,40.0674
2020-10-15,39.7782
2020-10-16,39.9184
2020-10-19,39.8045
2020-10-20,40.2426
2020-10-21,40.3565
2020-10-22,40.3477
2020-10-23,40.5843
2020-10-26,40.0586
2020-10-27,40.2338
2020-10-28,39.2262
2020-10-29,39.6205
2020-10-30,39.1737
2020-11-02,39.6731
2020-11-03,39.8483
2020-11-04,41.1012
2020-11-05,41.8022
2020-11-06,41.9949
2020-11-09,42.2841
2020-11-10,41.8022
2020-11-11,42.0738
2020-11-12,41.7584
2020-11-13,42.3454
2020-11-16,42.8711
2020-11-17,42.8273
2020-11-18,42.6784
2020-11-19,42.7484
2020-11-20,42.9850
2020-11-23,43.0989
2020-11-24,43.6772
2020-11-25,43.4319
2020-11-27,43.8437
2020-11-30,42.6959
2020-12-01,43.5370
2020-12-02,43.5983
2020-12-03,44.0978
2020-12-04,44.5534
2020-12-07,44.5534
2020-12-08,44.5709
2020-12-09,44.1854
2020-12-10,44.7549
2020-12-11,44.4395
2020-12-14,44.2084
2020-12-15,44.6864
2020-12-16,44.8989
2020-12-17,45.1910
2020-12-18,45.1379
2020-12-21,44.4740
2020-12-22,44.1199
2020-12-23,44.5714
2020-12-24,44.3766
2020-12-28,44.5005
2020-12-29,45.1645
2020-12-30,45.7664
2020-12-31,45.7399
2021-01-04,46.0320
2021-01-05,47.1385
2021-01-06,46.7402
2021-01-07,47.1828
2021-01-08,48.4310
2021-01-11,47.7759
2021-01-12,48.2451
2021-01-13,48.3513
2021-01-14,48.8028
2021-01-15,48.1123
2021-01-19,48.9090
2021-01-20,49.7677
2021-01-21,49.8562
2021-01-22,49.4224
2021-01-25,49.7942
2021-01-26,49.4313
2021-01-27,48.0592
2021-01-28,48.3956
2021-01-29,47.1916
2021-02-01,48.4664
2021-02-02,49.0949
2021-02-03,49.3427
2021-02-04,49.3605
2021-02-05,49.7854
2021-02-08,49.8739
2021-02-09,50.4050
2021-02-10,50.5821
2021-02-11,51.1221
2021-02-12,51.1663
2021-02-16,51.2903
2021-02-17,51.3080
2021-02-18,50.5998
2021-02-19,50.9273
2021-02-22,49.4313
2021-02-23,49.6526
2021-02-24,49.3339
2021-02-25,48.2097
2021-02-26,47.5634
2021-03-01,48.8382
2021-03-02,48.3601
2021-03-03,48.2628
2021-03-04,47.1385
2021-03-05,47.6520
2021-03-08,46.3684
2021-03-09,47.3864
2021-03-10,47.1739
2021-03-11,48.6611
2021-03-12,47.7936
2021-03-15,47.9087
2021-03-16,48.1123
2021-03-17,48.1742
2021-03-18,47.2890
2021-03-19,47.8733
2021-03-22,47.7316
2021-03-23,46.8198
2021-03-24,45.7487
2021-03-25,45.9612
2021-03-26,47.1562
2021-03-29,46.8287
2021-03-30,46.9792
2021-03-31,47.2182
2021-04-01,47.6785
2021-04-05,47.8644
2021-04-06,48.1300
2021-04-07,47.4218
2021-04-08,47.8113
2021-04-09,47.4041
2021-04-12,47.1208
2021-04-13,47.3156
2021-04-14,47.5546
2021-04-15,47.9883
2021-04-16,48.1123
2021-04-19,47.9352
2021-04-20,47.5457
2021-04-21,47.8379
2021-04-22,47.6697
2021-04-23,48.3601
2021-04-26,48.4221
2021-04-27,48.3956
2021-04-28,48.7585
2021-04-29,48.6434
2021-04-30,47.7847
2021-05-03,47.7847
2021-05-04,47.2448
2021-05-05,47.4661
2021-05-06,47.9175
2021-05-07,48.4133
2021-05-10,47.5457
2021-05-11,47.4130
2021-05-12,46.1028
2021-05-13,46.0408
2021-05-14,46.8730
2021-05-17,46.8287
2021-05-18,47.4572
2021-05-19,47.3156
2021-05-20,47.5900
2021-05-21,47.0411
2021-05-24,47.4307
2021-05-25,47.8998
2021-05-26,48.2539
2021-05-27,48.2628
2021-05-28,48.5726
2021-06-01,49.5729
2021-06-02,49.6526
2021-06-03,49.1214
2021-06-04,49.5641
2021-06-07,49.3162
2021-06-08,49.0772
2021-06-09,48.9355
2021-06-10,49.3276
2021-06-11,49.1587
2021-06-14,49.2921
2021-06-15,48.9542
2021-06-16,48.2874
2021-06-17,48.5541
2021-06-18,48.2163
2021-06-21,48.4208
2021-06-22,48.1985
2021-06-23,48.4919
2021-06-24,48.9364
2021-06-25,49.3454
2021-06-28,49.3899
2021-06-29,49.3543
2021-06-30,49.0342
2021-07-01,48.7586
2021-07-02,48.7053
2021-07-06,47.8517
2021-07-07,47.7984
2021-07-08,46.8026
2021-07-09,47.6117
2021-07-12,47.6561
2021-07-13,47.7006
2021-07-14,47.9051
2021-07-15,48.0206
2021-07-16,47.6472
2021-07-19,46.8470
2021-07-20,46.9982
2021-07-21,47.3005
2021-07-22,47.3894
2021-07-23,46.6870
2021-07-26,45.7979
2021-07-27,44.8732
2021-07-28,46.0913
2021-07-29,46.3225
2021-07-30,45.8779
2021-08-02,46.2069
2021-08-03,46.4025
2021-08-04,46.6425
2021-08-05,46.5714
2021-08-06,46.1802
2021-08-09,46.3313
2021-08-10,46.3936
2021-08-11,46.5181
2021-08-12,46.1091
2021-08-13,45.9935
2021-08-16,45.5756
2021-08-17,44.7398
2021-08-18,44.8110
2021-08-19,44.0463
2021-08-20,44.0108
2021-08-23,44.6776
2021-08-24,45.6912
2021-08-25,45.7445
2021-08-26,45.3089
2021-08-27,45.8690
2021-08-30,45.9668
2021-08-31,46.5981
2021-09-01,47.1938
2021-09-02,46.9804
2021-09-03,47.2293
2021-09-07,47.5050
2021-09-08,46.8115
2021-09-09,46.7225
2021-09-10,46.6692
2021-09-13,46.7937
2021-09-14,46.4025
2021-09-15,46.3936
2021-09-16,45.8690
2021-09-17,45.6734
2021-09-20,44.4464
2021-09-21,44.7754
2021-09-22,45.3355
2021-09-23,45.6912
2021-09-24,45.1488
2021-09-27,45.4422
2021-09-28,44.8554
2021-09-29,44.4376
2021-09-30,44.7932
2021-10-01,44.7487
2021-10-04,44.0908
2021-10-05,44.4020
2021-10-06,44.1530
2021-10-07,45.0155
2021-10-08,45.1844
2021-10-11,45.0955
2021-10-12,44.8643
2021-10-13,45.4867
2021-10-14,45.6290
2021-10-15,46.1802
2021-10-18,46.0646
2021-10-19,46.6781
2021-10-20,46.6692
2021-10-21,46.3669
2021-10-22,46.2691
2021-10-25,46.5092
2021-10-26,46.2691
2021-10-27,45.8957
2021-10-28,45.9401
2021-10-29,45.2733
2021-11-01,45.6290
2021-11-02,45.2200
2021-11-03,45.4333
2021-11-04,45.3267
2021-11-05,45.2733
2021-11-08,45.6912
2021-11-09,45.5134
2021-11-10,45.3267
2021-11-11,46.1091
2021-11-12,46.2335
2021-11-15,46.0824
2021-11-16,46.1446
2021-11-17,45.9046
2021-11-18,45.3444
2021-11-19,45.2733
2021-11-22,44.9088
2021-11-23,44.8643
2021-11-24,44.8021
2021-11-26,43.2995
2021-11-29,43.4684
2021-11-30,43.4240
2021-12-01,43.5840
2021-12-02,44.1175
2021-12-03,43.4951
2021-12-06,43.8330
2021-12-07,44.5265
2021-12-08,44.7043
2021-12-09,44.4909
2021-12-10,44.5265
2021-12-13,43.8203
2021-12-14,43.7211
2021-12-15,43.5949
2021-12-16,43.6490
2021-12-17,43.4325
2021-12-20,42.7832
2021-12-21,43.5047
2021-12-22,43.7121
2021-12-23,43.9376
2021-12-27,44.1360
2021-12-28,43.9917
2021-12-29,43.7933
2021-12-30,44.2950
2021-12-31,44.0784
2022-01-03,44.3942
2022-01-04,44.2408
2022-01-05,43.5190
2022-01-06,43.7175
2022-01-07,44.1145
2022-01-10,44.1145
2022-01-11,45.1341
2022-01-12,45.8830
2022-01-13,45.2334
2022-01-14,45.2153
2022-01-18,44.4123
2022-01-19,44.6017
2022-01-20,44.8634
2022-01-21,44.2137
2022-01-24,43.5912
2022-01-25,43.5099
2022-01-26,42.9595
2022-01-27,42.4632
2022-01-28,42.6708
2022-01-31,44.0694
2022-02-01,44.3401
2022-02-02,44.2679
2022-02-03,43.7987
2022-02-04,43.9070
2022-02-07,43.8167
2022-02-08,44.2408
2022-02-09,44.9356
2022-02-10,44.6378
2022-02-11,43.9611
2022-02-14,43.6543
2022-02-15,44.6017
2022-02-16,44.9266
2022-02-17,44.4032
2022-02-18,43.9611
2022-02-22,43.3385
2022-02-23,42.8332
2022-02-24,41.9489
2022-02-25,42.7249
2022-02-28,42.1655
2022-03-01,41.6060
2022-03-02,41.6782
2022-03-03,41.0917
2022-03-04,40.2616
2022-03-07,38.7547
2022-03-08,38.8810
2022-03-09,39.9819
2022-03-10,39.2329
2022-03-11,38.4118
2022-03-14,37.4824
2022-03-15,37.5366
2022-03-16,40.5594
2022-03-17,40.3518
2022-03-18,40.9293
2022-03-21,40.2977
2022-03-22,41.0286
2022-03-23,40.7579
2022-03-24,40.9744
2022-03-25,40.6496
2022-03-28,40.7849
2022-03-29,41.4797
2022-03-30,41.3624
2022-03-31,40.7398
2022-04-01,41.4166
2022-04-04,42.1474
2022-04-05,41.3714
2022-04-06,40.8300
2022-04-07,40.5052
2022-04-08,40.5413
2022-04-11,40.0360
2022-04-12,39.9097
2022-04-13,40.4330
2022-04-14,39.9097
2022-04-18,39.7743
2022-04-19,39.5758
2022-04-20,39.3412
2022-04-21,38.5833
2022-04-22,38.2404
2022-04-25,37.9607
2022-04-26,37.1305
2022-04-27,37.5636
2022-04-28,38.1050
2022-04-29,38.2404
2022-05-02,38.1862
2022-05-03,38.4660
2022-05-04,38.8810
2022-05-05,37.4463
2022-05-06,36.9320
2022-05-09,35.8673
2022-05-10,36.0387
2022-05-11,35.7861
2022-05-12,35.5515
2022-05-13,36.5350
2022-05-16,36.3906
2022-05-17,37.2839
2022-05-18,36.3906
2022-05-19,36.9681
2022-05-20,37.1215
2022-05-23,37.4012
2022-05-24,36.7516
2022-05-25,36.9320
2022-05-26,37.5095
2022-05-27,37.9426
2022-05-31,38.4750
2022-06-01,38.2043
2022-06-02,38.8630
2022-06-03,38.2314
2022-06-06,38.4389
2022-06-07,38.5562
2022-06-08,38.7637
2022-06-09,37.8465
2022-06-10,37.4279
2022-06-13,36.1175
2022-06-14,36.6180
2022-06-15,37.1003
2022-06-16,35.9628
2022-06-17,36.0993
2022-06-21,36.6817
2022-06-22,36.0265
2022-06-23,36.1357
2022-06-24,36.9911
2022-06-27,37.0366
2022-06-28,36.8091
2022-06-29,36.6635
2022-06-30,36.4906
2022-07-01,36.2631
2022-07-05,35.9810
2022-07-06,35.7626
2022-07-07,36.4815
2022-07-08,36.4815
2022-07-11,35.5078
2022-07-12,35.3713
2022-07-13,35.2894
2022-07-14,34.9709
2022-07-15,35.1529
2022-07-18,35.3986
2022-07-19,35.9810
2022-07-20,35.8263
2022-07-21,36.2358
2022-07-22,35.8718
2022-07-25,35.9992
2022-07-26,35.7171
2022-07-27,36.3814
2022-07-28,36.5361
2022-07-29,36.3632
2022-08-01,36.0538
2022-08-02,35.8809
2022-08-03,36.1630
2022-08-04,36.4178
2022-08-05,36.4542
2022-08-08,36.4997
2022-08-09,36.3632
2022-08-10,36.8182
2022-08-11,36.9638
2022-08-12,37.3551
2022-08-15,37.1822
2022-08-16,37.1731
2022-08-17,37.0184
2022-08-18,36.8091
2022-08-19,36.3086
2022-08-22,35.9901
2022-08-23,36.1812
2022-08-24,36.1721
2022-08-25,36.9547
2022-08-26,36.4087
2022-08-29,36.1812
2022-08-30,35.7535
2022-08-31,35.8809
2022-09-01,35.5988
2022-09-02,35.2712
2022-09-06,34.8526
2022-09-07,35.1620
2022-09-08,34.9709
2022-09-09,35.4896
2022-09-12,36.0174
2022-09-13,34.9072
2022-09-14,35.0801
2022-09-15,34.7070
2022-09-16,34.3885
2022-09-19,34.4977
2022-09-20,34.3066
2022-09-21,33.7333
2022-09-22,33.5695
2022-09-23,32.7414
2022-09-26,32.3410
2022-09-27,32.3046
2022-09-28,32.5867
2022-09-29,31.8587
2022-09-30,31.7404
2022-10-03,32.2591
2022-10-04,33.3147
2022-10-05,33.3329
2022-10-06,33.1327
2022-10-07,32.4411
2022-10-10,31.9861
2022-10-11,31.4765
2022-10-12,31.5129
2022-10-13,31.6039
2022-10-14,31.1307
2022-10-17,31.9861
2022-10-18,31.9952
2022-10-19,31.4128
2022-10-20,31.6130
2022-10-21,32.0953
2022-10-24,30.8759
2022-10-25,31.1307
2022-10-26,31.6403
2022-10-27,31.3946
2022-10-28,31.2035
2022-10-31,31.1125
2022-11-01,31.6858
2022-11-02,31.4219
2022-11-03,31.6039
2022-11-04,32.9416
2022-11-07,32.9598
2022-11-08,33.1964
2022-11-09,32.6231
2022-11-10,33.8061
2022-11-11,34.7252
2022-11-14,34.5159
2022-11-15,35.3076
2022-11-16,34.7434
2022-11-17,34.8071
2022-11-18,34.6069
2022-11-21,34.1701
2022-11-22,34.2520
2022-11-23,34.5341
2022-11-25,34.3703
2022-11-28,34.2156
2022-11-29,34.9527
2022-11-30,35.9628
2022-12-01,35.8445
2022-12-02,35.9810
2022-12-05,35.5715
2022-12-06,35.5260
2022-12-07,35.3167
2022-12-08,35.7444
2022-12-09,35.5078
2022-12-12,35.3986
2022-12-13,35.6517
2022-12-14,35.6702
2022-12-15,34.8480
2022-12-16,34.9496
2022-12-19,34.9773
2022-12-20,34.9681
2022-12-21,35.2822
2022-12-22,34.9681
2022-12-23,34.9219
2022-12-27,35.4392
2022-12-28,34.9219
2022-12-29,35.5039
2022-12-30,35.0143
2023-01-03,35.3099
2023-01-04,36.3723
2023-01-05,36.2615
2023-01-06,37.0190
2023-01-09,37.2962
2023-01-10,37.5641
2023-01-11,37.7212
2023-01-12,37.9059
2023-01-13,38.1554
2023-01-17,37.9429
2023-01-18,37.6842
2023-01-19,37.9706
2023-01-20,38.5526
2023-01-23,38.8298
2023-01-24,38.8575
2023-01-25,38.8945
2023-01-26,39.2640
2023-01-27,39.0792
2023-01-30,38.2940
2023-01-31,38.2108
2023-02-01,38.6820
2023-02-02,38.4510
2023-02-03,37.7674
2023-02-06,37.2130
2023-02-07,37.3609
2023-02-08,37.3147
2023-02-09,37.4902
2023-02-10,37.1299
2023-02-13,37.4348
2023-02-14,37.3701
2023-02-15,37.0560
2023-02-16,37.0652
2023-02-17,36.6587
2023-02-21,36.1968
2023-02-22,36.0213
2023-02-23,36.1968
2023-02-24,35.3838
2023-02-27,35.5686
2023-02-28,35.3191
2023-03-01,36.0767
2023-03-02,36.2060
2023-03-03,36.5294
2023-03-06,36.4001
2023-03-07,35.7903
2023-03-08,35.9381
2023-03-09,35.1436
2023-03-10,34.9588
2023-03-13,35.0143
2023-03-14,35.0327
2023-03-15,34.4322
2023-03-16,34.9588
2023-03-17,34.7463
2023-03-20,34.8757
2023-03-21,35.1898
2023-03-22,35.3284
2023-03-23,35.8180
2023-03-24,35.7256
2023-03-27,35.5316
2023-03-28,36.0397
2023-03-29,36.1414
2023-03-30,36.5017
2023-03-31,36.4555
2023-04-03,36.5294
2023-04-04,36.5294
2023-04-05,36.2430
2023-04-06,36.3908
2023-04-10,36.4278
2023-04-11,36.6495
2023-04-12,36.3908
2023-04-13,36.8897
2023-04-14,36.6957
2023-04-17,36.8527
2023-04-18,36.8065
2023-04-19,36.4370
2023-04-20,36.3816
2023-04-21,36.0397
2023-04-24,35.9566
2023-04-25,35.2822
2023-04-26,35.4854
2023-04-27,35.9658
2023-04-28,36.1506
2023-05-01,36.0305
2023-05-02,35.6794
2023-05-03,35.6240
2023-05-04,35.9104
2023-05-05,36.3908
2023-05-08,36.4093
2023-05-09,36.1876
2023-05-10,36.1691
2023-05-11,36.0397
2023-05-12,35.6148
2023-05-15,36.2707
2023-05-16,36.0120
2023-05-17,36.1783
2023-05-18,35.9843
2023-05-19,36.0120
2023-05-22,36.3077
2023-05-23,35.7441
2023-05-24,35.4762
2023-05-25,35.4023
2023-05-26,36.0305
2023-05-30,35.6148
2023-05-31,35.2822
2023-06-01,35.9104
2023-06-02,36.5294
2023-06-05,36.5202
2023-06-06,36.8435
2023-06-07,36.6852
2023-06-08,36.9459
2023-06-09,37.1135
2023-06-12,37.1880
2023-06-13,37.5604
2023-06-14,37.8398
2023-06-15,38.1936
2023-06-16,38.0632
2023-06-20,37.3184
2023-06-21,37.1415
2023-06-22,37.0111
2023-06-23,36.4711
2023-06-26,36.5921
2023-06-27,36.9645
2023-06-28,36.7411
2023-06-29,36.5456
2023-06-30,36.8342
2023-07-03,37.2439
2023-07-05,37.0204
2023-07-06,36.2662
2023-07-07,36.6759
2023-07-10,36.7038
2023-07-11,37.0763
2023-07-12,37.9050
2023-07-13,38.3984
2023-07-14,38.1843
2023-07-17,38.2308
2023-07-18,37.9515
2023-07-19,37.8770
2023-07-20,37.5977
2023-07-21,37.5418
2023-07-24,38.0539
2023-07-25,38.3705
2023-07-26,38.5940
2023-07-27,38.1191
2023-07-28,39.0409
2023-07-31,39.0595
2023-08-01,38.5660
2023-08-02,37.6442
2023-08-03,37.7932
2023-08-04,37.7467
2023-08-07,37.6908
2023-08-08,37.2346
2023-08-09,37.3277
2023-08-10,37.3835
2023-08-11,36.8342
2023-08-14,36.6573
2023-08-15,36.2383
2023-08-16,35.9124
2023-08-17,35.9962
2023-08-18,35.7541
2023-08-21,35.8379
2023-08-22,35.7634
2023-08-23,36.3314
2023-08-24,36.1917
2023-08-25,36.2290
2023-08-28,36.5828
2023-08-29,37.0484
2023-08-30,36.9273
2023-08-31,36.4711
2023-09-01,36.8994
2023-09-05,36.6014
2023-09-06,36.3966
2023-09-07,35.9683
2023-09-08,36.0428
2023-09-11,36.4897
2023-09-12,36.3780
2023-09-13,36.3314
2023-09-14,36.5735
2023-09-15,36.4338
2023-09-18,36.3873
2023-09-19,36.1731
2023-09-20,36.0241
2023-09-21,35.4003
2023-09-22,35.8193
2023-09-25,35.6610
2023-09-26,35.1582
2023-09-27,35.2141
2023-09-28,35.3072
2023-09-29,35.3351
2023-10-02,35.1582
2023-10-03,34.6927
2023-10-04,34.5903
2023-10-05,34.7206
2023-10-06,35.2234
2023-10-09,35.0558
2023-10-10,35.5586
2023-10-11,35.7821
2023-10-12,35.3817
2023-10-13,35.2513
2023-10-16,35.5120
2023-10-17,35.4189
2023-10-18,34.8789
2023-10-19,34.6740
2023-10-20,34.2551
2023-10-23,34.2271
2023-10-24,34.6647
2023-10-25,34.2085
2023-10-26,34.0409
2023-10-27,34.0130
2023-10-30,34.3668
2023-10-31,34.1713
2023-11-01,34.4878
2023-11-02,35.0930
2023-11-03,35.8100
2023-11-06,36.0986
2023-11-07,36.0334
2023-11-08,35.7914
2023-11-09,35.4562
2023-11-10,35.7076
2023-11-13,35.6983
2023-11-14,36.6480
2023-11-15,36.9552
2023-11-16,36.6014
2023-11-17,36.6480
2023-11-20,37.1042
2023-11-21,36.8714
2023-11-22,36.7970
2023-11-24,36.8156
2023-11-27,36.6666
2023-11-28,36.9739
2023-11-29,36.7597
2023-11-30,36.8342
2023-12-01,36.9925
2023-12-04,36.5735
2023-12-05,36.3500
2023-12-06,36.3035
2023-12-07,36.4804
2023-12-08,36.3221
2023-12-11,36.5362
2023-12-12,36.5456
2023-12-13,36.9087
2023-12-14,37.4487
2023-12-15,37.2253
2023-12-18,37.2066
2023-12-19,37.5232
2023-12-20,36.8477
2023-12-21,37.5403
2023-12-22,37.3600
2023-12-26,37.6541
2023-12-27,37.8723
2023-12-28,38.1664
2023-12-29,38.1475
2024-01-02,37.7016
2024-01-03,37.4928
2024-01-04,37.3695
2024-01-05,37.4170
2024-01-08,37.5213
2024-01-09,36.9900
2024-01-10,36.9046
2024-01-11,37.0564
2024-01-12,37.1893
2024-01-16,36.2880
2024-01-17,35.7472
2024-01-18,36.0413
2024-01-19,36.4208
2024-01-22,36.0983
2024-01-23,36.4113
2024-01-24,36.8193
2024-01-25,36.8667
2024-01-26,36.8952
2024-01-29,36.9141
2024-01-30,36.6200
2024-01-31,36.4208
2024-02-01,36.7718
2024-02-02,36.6675
2024-02-05,36.7149
2024-02-06,37.5498
2024-02-07,37.5972
2024-02-08,37.3885
2024-02-09,37.5498
2024-02-12,37.8439
2024-02-13,37.1323
2024-02-14,37.6636
2024-02-15,37.8439
2024-02-16,38.0241
2024-02-20,38.0810
2024-02-21,38.1475
2024-02-22,38.5364
2024-02-23,38.5174
2024-02-26,38.3467
2024-02-27,38.4226
2024-02-28,37.9198
2024-02-29,37.9387
2024-03-01,38.4036
2024-03-04,38.3182
2024-03-05,37.9767
2024-03-06,38.5269
2024-03-07,38.7641
2024-03-08,38.7262
2024-03-11,38.8115
2024-03-12,39.2385
2024-03-13,39.1151
2024-03-14,38.9159
2024-03-15,38.6787
2024-03-18,38.7451
2024-03-19,38.5554
2024-03-20,38.9918
2024-03-21,39.0392
2024-03-22,38.7641
2024-03-25,38.7926
2024-03-26,38.7641
2024-03-27,38.8305
2024-03-28,38.9728
2024-04-01,39.0392
2024-04-02,39.1626
2024-04-03,39.1910
2024-04-04,39.0487
2024-04-05,39.1341
2024-04-08,39.3903
2024-04-09,39.6559
2024-04-10,39.1151
2024-04-11,39.3523
2024-04-12,38.4510
2024-04-15,38.2044
2024-04-16,37.7016
2024-04-17,37.6731
2024-04-18,37.8249
2024-04-19,37.6731
2024-04-22,38.0810
2024-04-23,38.3941
2024-04-24,38.5269
2024-04-25,38.6123
2024-04-26,39.0582
2024-04-29,39.4377
2024-04-30,38.8874
2024-05-01,38.9254
2024-05-02,39.9310
2024-05-03,40.2915
2024-05-06,40.3295
2024-05-07,40.1018
2024-05-08,40.1113
2024-05-09,40.2346
2024-05-10,40.3200
2024-05-13,40.6236
2024-05-14,40.8418
2024-05-15,41.2782
2024-05-16,41.3636
2024-05-17,41.5438
2024-05-20,41.3920
2024-05-21,41.1359
2024-05-22,41.0031
2024-05-23,40.6995
2024-05-24,40.8133
2024-05-28,40.7564
2024-05-29,40.1492
2024-05-30,40.0354
2024-05-31,39.6464
2024-06-03,40.0638
2024-06-04,39.5041
2024-06-05,40.1397
2024-06-06,40.3390
2024-06-07,39.8836
2024-06-10,40.1208
2024-06-11,39.9870
2024-06-12,40.3882
2024-06-13,40.2927
2024-06-14,40.3405
2024-06-17,40.5984
2024-06-18,40.9709
2024-06-20,40.9041
2024-06-21,40.7608
2024-06-24,40.7608
2024-06-25,40.6653
2024-06-26,40.5793
2024-06-27,40.6079
2024-06-28,40.6844
2024-07-01,40.7799
2024-07-02,40.9041
2024-07-03,41.5059
2024-07-05,41.6778
2024-07-08,41.6874
2024-07-09,41.8593
2024-07-10,42.0981
2024-07-11,42.3465
2024-07-12,42.5185
2024-07-15,42.0695
2024-07-16,42.3083
2024-07-17,41.6205
2024-07-18,41.2289
2024-07-19,40.8277
2024-07-22,41.1715
2024-07-23,40.8085
2024-07-24,40.2163
2024-07-25,40.0539
2024-07-26,40.4647
2024-07-29,40.3309
2024-07-30,40.1494
2024-07-31,41.0283
2024-08-01,40.3118
2024-08-02,39.7387
2024-08-05,38.6115
2024-08-06,38.8312
2024-08-07,39.0700
2024-08-08,39.9584
2024-08-09,40.1781
2024-08-12,40.3118
2024-08-13,40.7608
2024-08-14,40.5411
2024-08-15,40.9900
2024-08-16,41.4677
2024-08-19,41.8689
2024-08-20,41.5441
2024-08-21,41.7065
2024-08-22,41.1906
2024-08-23,41.8784
2024-08-26,41.5250
2024-08-27,41.5823
2024-08-28,41.3244
2024-08-29,41.3435
2024-08-30,41.4295
2024-09-03,40.6079
2024-09-04,40.5984
2024-09-05,40.6557
2024-09-06,39.9106
2024-09-09,40.2449
2024-09-10,40.0921
2024-09-11,40.3882
2024-09-12,40.7226
2024-09-13,40.9136
2024-09-16,41.0474
2024-09-17,41.0951
2024-09-18,40.9518
2024-09-19,41.8211
2024-09-20,41.7351
2024-09-23,42.0599
2024-09-24,43.4928
2024-09-25,43.0343
2024-09-26,44.6105
2024-09-27,44.5245
2024-09-30,43.8080
2024-10-01,44.1233
2024-10-02,44.9926
2024-10-03,44.4576
2024-10-04,44.8684
2024-10-07,45.2409
2024-10-08,44.1233
2024-10-09,43.8845
2024-10-10,43.9704
2024-10-11,44.2857
2024-10-14,44.1042
2024-10-15,43.1680
2024-10-16,43.5024
2024-10-17,43.4355
2024-10-18,43.8654
2024-10-21,43.5597
2024-10-22,43.4642
2024-10-23,43.2062
2024-10-24,43.1394
2024-10-25,43.1012
2024-10-28,43.2922
2024-10-29,43.1585
2024-10-30,42.7382
2024-10-31,42.4611
2024-11-01,42.4994
2024-11-04,42.7382
2024-11-05,43.3209
2024-11-06,42.7859
2024-11-07,43.7316
2024-11-08,42.6522
2024-11-11,42.3274
2024-11-12,41.5250
2024-11-13,41.2575
2024-11-14,41.0283
2024-11-15,41.0283
2024-11-18,41.4963
2024-11-19,41.4677
2024-11-20,41.4199
2024-11-21,41.3339
2024-11-22,41.3435
2024-11-25,41.3721
2024-11-26,41.2002
2024-11-27,41.2575
2024-11-29,41.3244
2024-12-02,41.4868
2024-12-03,41.5727
2024-12-04,41.6778
2024-12-05,41.9548
2024-12-06,41.8880
2024-12-09,42.7477
2024-12-10,42.0599
2024-12-11,42.2319
2024-12-12,42.0217
2024-12-13,42.0599
2024-12-16,41.8307
2024-12-17,41.7306
2024-12-18,40.7592
2024-12-19,40.8952
2024-12-20,41.0604
2024-12-23,41.2935
2024-12-24,41.4198
2024-12-26,41.2741
2024-12-27,41.0895
2024-12-30,40.7592
2024-12-31,40.6232
2025-01-02,40.5650
2025-01-03,40.9438
2025-01-06,41.0895
2025-01-07,40.7981
2025-01-08,40.6038
2025-01-10,39.9141
2025-01-13,39.6421
2025-01-14,40.0890
2025-01-15,40.6135
2025-01-16,40.5650
2025-01-17,40.8855
2025-01-21,41.3226
2025-01-22,41.3518
2025-01-23,41.4489
2025-01-24,41.7209
2025-01-27,40.9632
2025-01-28,41.2644
2025-01-29,41.2741
2025-01-30,41.9735
2025-01-31,41.4975
2025-02-03,41.1964
2025-02-04,41.9346
2025-02-05,41.8278
2025-02-06,42.0026
2025-02-07,41.9637
2025-02-10,42.4689
2025-02-11,42.3037
2025-02-12,42.5369
2025-02-13,42.8088
2025-02-14,43.1391
2025-02-18,43.4111
2025-02-19,43.3431
2025-02-20,43.7414
2025-02-21,43.6151
2025-02-24,42.9448
2025-02-25,42.9740
2025-02-26,43.4014
2025-02-27,42.5563
2025-02-28,41.9735
2025-03-03,41.6043
2025-03-04,41.9540
2025-03-05,43.2071
2025-03-06,42.9351
2025-03-07,43.1488
2025-03-10,42.1192
2025-03-11,42.4689
2025-03-12,42.7020
2025-03-13,42.5271
2025-03-14,43.3043
2025-03-17,44.0425
2025-03-18,43.8191
2025-03-19,43.9259
2025-03-20,43.5180
2025-03-21,43.3043
2025-03-24,43.4985
2025-03-25,43.3723
2025-03-26,43.1100
2025-03-27,43.3237
2025-03-28,42.5174
2025-03-31,42.4494
2025-04-01,42.5854
2025-04-02,42.6437
2025-04-03,41.7403
2025-04-04,39.4187
2025-04-07,37.9519
2025-04-08,37.4177
2025-04-09,40.0113
2025-04-10,39.3216
2025-04-11,40.5552
2025-04-14,40.9244
2025-04-15,40.8855
2025-04-16,40.4095
2025-04-17,40.7204
2025-04-21,40.7107
2025-04-22,41.3226
2025-04-23,41.7986
2025-04-24,42.2843
2025-04-25,42.2066
2025-04-28,42.2843
2025-04-29,42.4009
2025-04-30,42.5077
2025-05-01,42.4980
2025-05-02,43.7122
2025-05-05,44.0425
2025-05-06,43.8677
2025-05-07,43.3625
2025-05-08,43.3334
2025-05-09,43.6248
2025-05-12,44.5671
2025-05-13,44.6448
2025-05-14,44.9847
2025-05-15,44.9653
2025-05-16,44.9362
2025-05-19,45.0333
2025-05-20,44.9847
2025-05-21,44.8682
2025-05-22,44.7225
2025-05-23,44.9070
2025-05-27,44.8002
2025-05-28,44.5962
2025-05-29,44.7613
2025-05-30,44.2174
2025-06-02,44.5379
2025-06-03,44.6448
2025-06-04,45.1985
2025-06-05,45.4316
2025-06-06,45.5773
2025-06-09,45.9658
2025-06-10,46.2281
2025-06-11,46.4224
2025-06-12,46.5001
2025-06-13,45.7619
2025-06-16,46.3229
2025-06-17,45.7148
2025-06-18,45.7050
2025-06-20,45.4402
2025-06-23,45.8129
2025-06-24,46.9996
2025-06-25,47.0388
2025-06-26,47.3527
2025-06-27,47.1664
2025-06-30,47.3135
2025-07-01,47.4017
2025-07-02,47.6077
2025-07-03,47.8235
2025-07-07,47.1467
2025-07-08,47.4410
2025-07-09,47.3625
2025-07-10,47.4900
2025-07-11,47.3331
2025-07-14,47.4017
2025-07-15,47.7450
2025-07-16,47.9706
2025-07-17,48.2452
2025-07-18,48.1373
2025-07-21,48.4512
2025-07-22,48.4806
2025-07-23,48.9710
2025-07-24,48.7062
2025-07-25,48.5591
2025-07-28,48.2354
2025-07-29,48.2550
2025-07-30,47.9020
2025-07-31,47.6273
2025-08-01,47.2742
2025-08-04,47.7646
2025-08-05,47.9020
2025-08-06,48.1275
2025-08-07,48.5297
2025-08-08,48.4904
2025-08-11,48.3531
2025-08-12,48.9416
2025-08-13,49.5301
2025-08-14,48.9220
2025-08-15,48.9808
2025-08-18,49.2652
2025-08-19,48.8631
2025-08-20,48.7945
2025-08-21,48.6866
2025-08-22,49.6576
2025-08-25,49.3731
2025-08-26,49.2456
2025-08-27,48.9514
2025-08-28,49.1377
2025-08-29,48.9024
2025-09-02,48.8631
2025-09-03,49.0495
2025-09-04,48.8925
2025-09-05,49.4810
2025-09-08,49.9322
2025-09-09,50.2068
2025-09-10,50.5501
2025-09-11,51.2857
2025-09-12,51.2563
2025-09-15,51.6290
2025-09-16,52.0115
2025-09-17,52.2371
2025-09-18,52.1096
2025-09-19,51.9919
2025-09-22,52.2469
2025-09-23,52.2763
2025-09-24,52.0997
2025-09-25,51.7957
2025-09-26,51.6976
2025-09-29,52.1684
2025-09-30,52.3744
2025-10-01,52.7863
2025-10-02,53.0315
2025-10-03,53.1884
2025-10-06,53.4336
2025-10-07,53.0217
2025-10-08,53.4434
2025-10-09,52.8942
2025-10-10,50.9424
2025-10-13,52.4234
2025-10-14,51.9526
2025-10-15,52.8059
2025-10-16,53.1492
2025-10-17,53.1394
2025-10-20,53.8652
2025-10-21,53.2669
2025-10-22,53.2178
2025-10-23,53.6886
2025-10-24,54.0417
2025-10-27,54.6400
2025-10-28,54.6204
2025-10-29,54.9342
2025-10-30,54.3654
2025-10-31,54.2379
2025-11-03,54.5812
2025-11-04,53.5807
2025-11-05,54.0613
2025-11-06,53.6592
2025-11-07,53.5023
2025-11-10,54.4438
2025-11-11,54.5027
2025-11-12,54.5125
2025-11-13,53.8750
2025-11-14,53.9044
2025-11-17,53.2669
2025-11-18,53.0021
2025-11-19,52.8157
2025-11-20,52.0899
2025-11-21,52.0801
2025-11-24,52.6294
2025-11-25,52.8157
2025-11-26,53.1982
2025-11-28,53.2767
2025-12-01,53.2375
2025-12-02,53.2571
2025-12-03,53.2963
2025-12-04,53.2865
2025-12-05,53.6886
2025-12-08,53.5709
2025-12-09,53.4827
2025-12-10,54.0809
2025-12-11,53.8259
2025-12-12,53.1982
2025-12-15,53.0413
2025-12-16,52.7060
2025-12-17,52.3280
2025-12-18,52.9249
2025-12-19,53.4422
2025-12-22,53.7307
2025-12-23,54.0292
2025-12-24,54.1386
2025-12-26,54.5166
2025-12-29,54.3774
2025-12-30,54.5962
2025-12-31,54.4271
2026-01-02,55.9492
2026-01-05,56.5660
2026-01-06,56.9838
2026-01-07,56.5560
2026-01-08,56.5759
2026-01-09,56.8445
2026-01-12,57.6404
2026-01-13,57.2126
2026-01-14,57.4514
2026-01-15,57.7896
2026-01-16,57.5708
2026-01-20,57.0137
2026-01-21,57.9587
2026-01-22,58.3965
2026-01-23,58.7646
2026-01-26,58.8640
2026-01-27,60.0280
2026-01-28,60.4359
2026-01-29,60.1275
2026-01-30,58.7944
2026-02-02,58.9735
2026-02-03,59.2918
2026-02-04,58.4960
2026-02-05,58.2273
2026-02-06,59.7594
2026-02-09,60.1971
2026-02-10,60.2866
2026-02-11,61.2417
2026-02-12,60.5453
2026-02-13,60.8040
2026-02-17,60.5552
2026-02-18,60.8736
2026-02-19,60.7244
2026-02-20,62.0176
2026-02-23,61.3312
2026-02-24,62.2962
2026-02-25,62.9826
2026-02-26,62.3857
2026-02-27,62.2564
2026-03-02,61.1820
2026-03-03,58.1179
2026-03-04,58.7447
2026-03-05,57.3320
2026-03-06,57.0236
2026-03-09,58.1478
2026-03-10,58.3766
2026-03-11,58.5258
2026-03-12,56.6555
2026-03-13,56.5063
2026-03-16,58.0781
2026-03-17,58.4462
2026-03-18,57.2624
2026-03-19,57.3221
2026-03-20,55.3523
2026-03-23,57.0137
2026-03-24,56.2277
2026-03-25,57.1231
2026-03-26,55.1832
2026-03-27,54.9146
2026-03-30,54.4669
2026-03-31,56.4963
2026-04-01,56.9341
2026-04-02,56.2974
2026-04-06,56.8147
2026-04-07,57.0137
2026-04-08,60.1275
2026-04-09,59.9683
2026-04-10,60.2469
2026-04-13,60.7542
2026-04-14,61.9182
2026-04-15,61.8784
2026-04-16,62.1271
2026-04-17,63.3109
2026-04-20,62.8533
2026-04-21,61.9281
2026-04-22,63.0523
2026-04-23,62.0276
2026-04-24,63.4104
2026-04-27,63.3109
2026-04-28,62.6643
2026-04-29,62.3658
2026-04-30,63.6591
2026-05-01,63.7984
2026-05-04,63.7685
2026-05-05,65.0618
2026-05-06,67.1410
2026-05-07,66.2457
2026-05-08,67.5887
2026-05-11,67.5389
2026-05-12,65.4797
2026-05-13,66.8625
2026-05-14,67.0316
2026-05-15,64.7335
2026-05-18,64.6340
2026-05-19,63.9277
2026-05-20,65.1215
2026-05-21,65.6886
2026-05-22,65.5393
2026-05-26,68.0463
2026-05-27,68.0364
2026-05-28,68.2552
2026-05-29,68.2453
2026-06-01,69.7176
2026-06-02,70.4339
2026-06-03,69.5584
2026-06-04,68.7427
2026-06-05,64.2560
2026-06-08,65.4100
2026-06-09,65.4797
2026-06-10,64.3257
2026-06-11,67.1510
2026-06-12,67.5290
2026-06-15,69.7500
2026-06-16,68.6400
2026-06-17,68.5600
2026-06-18,70.7900
2026-06-22,71.2100
2026-06-23,67.1700
2026-06-24,67.2500
2026-06-25,67.9600
2026-06-26,67.1900
2026-06-29,67.4300
2026-06-30,68.4100
2026-07-01,66.4800
2026-07-02,65.7000
2026-07-06,67.5700
2026-07-07,65.7200
2026-07-08,66.2300
2026-07-09,66.7800
2026-07-10,66.9000
2026-07-13,64.5000
2026-07-14,65.6700
2026-07-15,65.5700
2026-07-16,64.1900
2026-07-17,63.2900
2026-07-20,63.5600
2026-07-21,65.3400
2026-07-22,64.9900
2026-07-23,64.6000
2026-07-24,63.3300
2026-07-27,63.6200
2026-07-28,62.3600
2026-07-29,61.0700
2026-07-30,63.5900
2026-07-31,64.0900
2026-08-03,64.3200
2026-08-04,66.0000
2026-08-05,65.7200
2026-08-06,65.0200
2026-08-07,65.6400
2026-08-10,65.1700
2026-08-11,65.4300
2026-08-12,66.4600
2026-08-13,66.6800
2026-08-14,66.6100
2026-08-17,67.3200
2026-08-18,65.3400
2026-08-19,66.1100
2026-08-20,66.6200
2026-08-21,67.1200
2026-08-24,66.1100
2026-08-25,67.2500
2026-08-26,67.1700
2026-08-27,67.6100
2026-08-31,67.0200
2026-09-01,66.7700
2026-09-02,67.1500
