date,adj_close
2003-01-02,17.5630
2003-01-03,17.5804
2003-01-06,17.7975
2003-01-07,17.5196
2003-01-08,17.2816
2003-01-09,17.4935
2003-01-10,17.4709
2003-01-13,17.5074
2003-01-14,17.6412
2003-01-15,17.4727
2003-01-16,17.5456
2003-01-17,17.3615
2003-01-21,17.0557
2003-01-22,16.8160
2003-01-23,16.9341
2003-01-24,16.7552
2003-01-27,16.3087
2003-01-28,16.3782
2003-01-29,16.3383
2003-01-30,16.3278
2003-01-31,16.4599
2003-02-03,16.7187
2003-02-04,16.4772
2003-02-05,16.5050
2003-02-06,16.3452
2003-02-07,16.1090
2003-02-10,16.1645
2003-02-11,16.2427
2003-02-12,16.0707
2003-02-13,16.3070
2003-02-14,16.4616
2003-02-18,16.7031
2003-02-19,16.3122
2003-02-20,16.3296
2003-02-21,16.4338
2003-02-24,16.2340
2003-02-25,16.0343
2003-02-26,15.8432
2003-02-27,15.8657
2003-02-28,16.1124
2003-03-03,16.1819
2003-03-04,15.9474
2003-03-05,15.9735
2003-03-06,15.7911
2003-03-07,15.6764
2003-03-10,15.2421
2003-03-11,15.1917
2003-03-12,15.0163
2003-03-13,15.4453
2003-03-14,15.5218
2003-03-17,15.9596
2003-03-18,16.0273
2003-03-19,16.1124
2003-03-20,16.2149
2003-03-21,16.6075
2003-03-24,16.0690
2003-03-25,16.2479
2003-03-26,16.2566
2003-03-27,16.1472
2003-03-28,16.0429
2003-03-31,15.7389
2003-04-01,15.9839
2003-04-02,16.2479
2003-04-03,16.1576
2003-04-04,16.3747
2003-04-07,16.5867
2003-04-08,16.5902
2003-04-09,16.5276
2003-04-10,16.4425
2003-04-11,16.3487
2003-04-14,16.5971
2003-04-15,16.8247
2003-04-16,16.7135
2003-04-17,16.9550
2003-04-21,16.8959
2003-04-22,17.1409
2003-04-23,17.2920
2003-04-24,17.1565
2003-04-25,16.8525
2003-04-28,17.1513
2003-04-29,17.2503
2003-04-30,17.3389
2003-05-01,17.4101
2003-05-02,17.5612
2003-05-05,17.6950
2003-05-06,18.0685
2003-05-07,17.9017
2003-05-08,17.6325
2003-05-09,17.8548
2003-05-12,17.9973
2003-05-13,17.9955
2003-05-14,18.0008
2003-05-15,18.0320
2003-05-16,18.2544
2003-05-19,17.7610
2003-05-20,17.9382
2003-05-21,17.7523
2003-05-22,17.9903
2003-05-23,18.0928
2003-05-27,18.2492
2003-05-28,18.3360
2003-05-29,18.4229
2003-05-30,18.4576
2003-06-02,18.6296
2003-06-03,18.6748
2003-06-04,18.7877
2003-06-05,18.9771
2003-06-06,19.0917
2003-06-09,18.9545
2003-06-10,19.1073
2003-06-11,19.4218
2003-06-12,19.4739
2003-06-13,19.3610
2003-06-16,19.6441
2003-06-17,19.6841
2003-06-18,19.6285
2003-06-19,19.3957
2003-06-20,19.4218
2003-06-23,19.2064
2003-06-24,19.0552
2003-06-25,18.8659
2003-06-26,18.9527
2003-06-27,18.8103
2003-06-30,18.8155
2003-07-01,18.9267
2003-07-02,19.3002
2003-07-03,19.1959
2003-07-07,19.5486
2003-07-08,19.4565
2003-07-09,19.3558
2003-07-10,19.2567
2003-07-11,19.2150
2003-07-14,19.4218
2003-07-15,19.2394
2003-07-16,19.0952
2003-07-17,18.7964
2003-07-18,19.0917
2003-07-21,18.9458
2003-07-22,18.9006
2003-07-23,19.1803
2003-07-24,19.2116
2003-07-25,19.4530
2003-07-28,19.5034
2003-07-29,19.4218
2003-07-30,19.2602
2003-07-31,19.1004
2003-08-01,19.0969
2003-08-04,19.1525
2003-08-05,18.9736
2003-08-06,18.9440
2003-08-07,19.0570
2003-08-08,19.1160
2003-08-11,19.3002
2003-08-12,19.3818
2003-08-13,19.3957
2003-08-14,19.6719
2003-08-15,19.6268
2003-08-18,19.8995
2003-08-19,19.8561
2003-08-20,19.8196
2003-08-21,19.8561
2003-08-22,19.7414
2003-08-25,19.6615
2003-08-26,19.5590
2003-08-27,19.5938
2003-08-28,19.7084
2003-08-29,19.7293
2003-09-02,20.0281
2003-09-03,20.2904
2003-09-04,20.2661
2003-09-05,20.3060
2003-09-08,20.3963
2003-09-09,20.4363
2003-09-10,20.2296
2003-09-11,20.3425
2003-09-12,20.4294
2003-09-15,20.4884
2003-09-16,20.6917
2003-09-17,20.8272
2003-09-18,21.0461
2003-09-19,20.9679
2003-09-22,20.7316
2003-09-23,20.7785
2003-09-24,20.6778
2003-09-25,20.4120
2003-09-26,20.3251
2003-09-29,20.5857
2003-09-30,20.3251
2003-10-01,20.9922
2003-10-02,20.9592
2003-10-03,21.2649
2003-10-06,21.4873
2003-10-07,21.4543
2003-10-08,21.3657
2003-10-09,21.5134
2003-10-10,21.6037
2003-10-13,21.8174
2003-10-14,21.9320
2003-10-15,21.7236
2003-10-16,21.8538
2003-10-17,21.7409
2003-10-20,21.9737
2003-10-21,21.8990
2003-10-22,21.6853
2003-10-23,21.4109
2003-10-24,21.4525
2003-10-27,21.5481
2003-10-28,21.8017
2003-10-29,21.7757
2003-10-30,21.8000
2003-10-31,21.6454
2003-11-03,21.7548
2003-11-04,21.8747
2003-11-05,21.7496
2003-11-06,21.5585
2003-11-07,21.7583
2003-11-10,21.5776
2003-11-11,21.4960
2003-11-12,21.9442
2003-11-13,22.0693
2003-11-14,21.9199
2003-11-17,21.5429
2003-11-18,21.6280
2003-11-19,21.6801
2003-11-20,21.5411
2003-11-21,21.7739
2003-11-24,21.9372
2003-11-25,21.9720
2003-11-26,22.1578
2003-11-28,22.1926
2003-12-01,22.6321
2003-12-02,22.6860
2003-12-03,22.7311
2003-12-04,22.7832
2003-12-05,22.6199
2003-12-08,22.8093
2003-12-09,22.7137
2003-12-10,22.5505
2003-12-11,22.8006
2003-12-12,22.8753
2003-12-15,22.7224
2003-12-16,23.0136
2003-12-17,22.9595
2003-12-18,23.3013
2003-12-19,23.1705
2003-12-22,23.3236
2003-12-23,23.3731
2003-12-24,23.4295
2003-12-26,23.3872
2003-12-29,23.7806
2003-12-30,23.8265
2003-12-31,24.1317
2004-01-02,24.1970
2004-01-05,24.6627
2004-01-06,24.6998
2004-01-07,24.4528
2004-01-08,24.8039
2004-01-09,24.6468
2004-01-12,24.6398
2004-01-13,24.4969
2004-01-14,24.7086
2004-01-15,24.5586
2004-01-16,24.4704
2004-01-20,24.7351
2004-01-21,25.0350
2004-01-22,25.0509
2004-01-23,24.7827
2004-01-26,24.8621
2004-01-27,24.7527
2004-01-28,24.4351
2004-01-29,24.4669
2004-01-30,24.4034
2004-02-02,24.3469
2004-02-03,24.3910
2004-02-04,24.1264
2004-02-05,24.2269
2004-02-06,24.6839
2004-02-09,24.8392
2004-02-10,24.9468
2004-02-11,25.2291
2004-02-12,25.0085
2004-02-13,24.9768
2004-02-17,25.4584
2004-02-18,25.1055
2004-02-19,25.2732
2004-02-20,24.9644
2004-02-23,25.0350
2004-02-24,24.9380
2004-02-25,24.7527
2004-02-26,24.7615
2004-02-27,24.9644
2004-03-01,25.2996
2004-03-02,24.8938
2004-03-03,24.8409
2004-03-04,24.9203
2004-03-05,25.2114
2004-03-08,25.0491
2004-03-09,24.8762
2004-03-10,24.4775
2004-03-11,24.0805
2004-03-12,24.2922
2004-03-15,23.8794
2004-03-16,24.0999
2004-03-17,24.6027
2004-03-18,24.5939
2004-03-19,24.2764
2004-03-22,23.9605
2004-03-23,24.1440
2004-03-24,24.0488
2004-03-25,24.5057
2004-03-26,24.3998
2004-03-29,24.7527
2004-03-30,24.8056
2004-03-31,24.9821
2004-04-01,25.3137
2004-04-02,25.3861
2004-04-05,25.3861
2004-04-06,25.3084
2004-04-07,25.3473
2004-04-08,25.2943
2004-04-12,25.4584
2004-04-13,25.1320
2004-04-14,24.8727
2004-04-15,24.6998
2004-04-16,24.9644
2004-04-19,24.9909
2004-04-20,24.6468
2004-04-21,24.8145
2004-04-22,24.9909
2004-04-23,24.9556
2004-04-26,24.9485
2004-04-27,24.9732
2004-04-28,24.5128
2004-04-29,24.2499
2004-04-30,24.1352
2004-05-03,24.3822
2004-05-04,24.6927
2004-05-05,24.9644
2004-05-06,24.4351
2004-05-07,23.7735
2004-05-10,23.1649
2004-05-11,23.3325
2004-05-12,23.4824
2004-05-13,23.2354
2004-05-14,23.2160
2004-05-17,22.9620
2004-05-18,23.2054
2004-05-19,23.4348
2004-05-20,23.4648
2004-05-21,23.6377
2004-05-24,23.7894
2004-05-25,24.1440
2004-05-26,24.0999
2004-05-27,24.5586
2004-05-28,24.4104
2004-06-01,24.4687
2004-06-02,24.5392
2004-06-03,24.3028
2004-06-04,24.5939
2004-06-07,25.1373
2004-06-08,24.9962
2004-06-09,24.5675
2004-06-10,24.8586
2004-06-14,24.2605
2004-06-15,24.6910
2004-06-16,24.6821
2004-06-17,24.8409
2004-06-18,24.8850
2004-06-21,24.7968
2004-06-22,24.8074
2004-06-23,24.9644
2004-06-24,25.0614
2004-06-25,24.9697
2004-06-28,25.1232
2004-06-29,25.0703
2004-06-30,25.2291
2004-07-01,24.9115
2004-07-02,25.0509
2004-07-06,24.6380
2004-07-07,24.9291
2004-07-08,24.7703
2004-07-09,24.9803
2004-07-12,25.0526
2004-07-13,24.9291
2004-07-14,24.7880
2004-07-15,24.4792
2004-07-16,24.6768
2004-07-19,24.6962
2004-07-20,24.7086
2004-07-21,24.1723
2004-07-22,24.3028
2004-07-23,23.8547
2004-07-26,23.8547
2004-07-27,24.0029
2004-07-28,24.0346
2004-07-29,24.0646
2004-07-30,24.1529
2004-08-02,24.2675
2004-08-03,24.1087
2004-08-04,24.1052
2004-08-05,23.7471
2004-08-06,23.7118
2004-08-09,23.6853
2004-08-10,23.8794
2004-08-11,23.8000
2004-08-12,23.5354
2004-08-13,23.6765
2004-08-16,23.9147
2004-08-17,23.9323
2004-08-18,24.1140
2004-08-19,24.0576
2004-08-20,24.1705
2004-08-23,23.9747
2004-08-24,23.9694
2004-08-25,24.2234
2004-08-26,24.2411
2004-08-27,24.3028
2004-08-30,24.2146
2004-08-31,24.4404
2004-09-01,24.4616
2004-09-02,24.7174
2004-09-03,24.3893
2004-09-07,24.7298
2004-09-08,24.7174
2004-09-09,24.6380
2004-09-10,24.8233
2004-09-13,24.9115
2004-09-14,24.9732
2004-09-15,24.6151
2004-09-16,24.7774
2004-09-17,24.8586
2004-09-20,24.7033
2004-09-21,25.0897
2004-09-22,24.6821
2004-09-23,24.6151
2004-09-24,24.6468
2004-09-27,24.5233
2004-09-28,24.7633
2004-09-29,24.8586
2004-09-30,24.9468
2004-10-01,25.3349
2004-10-04,25.3737
2004-10-05,25.3878
2004-10-06,25.4831
2004-10-07,25.3084
2004-10-08,25.4849
2004-10-11,25.5466
2004-10-12,25.2555
2004-10-13,25.0791
2004-10-14,24.9468
2004-10-15,25.2308
2004-10-18,25.3314
2004-10-19,25.2820
2004-10-20,25.3790
2004-10-21,25.5272
2004-10-22,25.3702
2004-10-25,25.3437
2004-10-26,25.4849
2004-10-27,25.7495
2004-10-28,25.8201
2004-10-29,25.8201
2004-11-01,25.8642
2004-11-02,26.0653
2004-11-03,26.3741
2004-11-04,26.7428
2004-11-05,26.8681
2004-11-08,26.6810
2004-11-09,26.6140
2004-11-10,26.5628
2004-11-11,26.8522
2004-11-12,27.1698
2004-11-15,27.1962
2004-11-16,26.9669
2004-11-17,27.3109
2004-11-18,27.2492
2004-11-19,27.0727
2004-11-22,27.1521
2004-11-23,27.2050
2004-11-24,27.3285
2004-11-26,27.4873
2004-11-29,27.5755
2004-11-30,27.3903
2004-12-01,27.8666
2004-12-02,27.8225
2004-12-03,27.9884
2004-12-06,27.8172
2004-12-07,27.6655
2004-12-08,27.6461
2004-12-09,27.5314
2004-12-10,27.2615
2004-12-13,27.6726
2004-12-14,27.6814
2004-12-15,27.8490
2004-12-16,27.6726
2004-12-17,27.5932
2004-12-20,27.8455
2004-12-21,28.0413
2004-12-22,28.0836
2004-12-23,28.2680
2004-12-27,28.4901
2004-12-28,28.6800
2004-12-29,28.5421
2004-12-30,28.5456
2004-12-31,28.7069
2005-01-03,28.5009
2005-01-04,27.9545
2005-01-05,27.9366
2005-01-06,27.9366
2005-01-07,27.8112
2005-01-10,27.9366
2005-01-11,27.8828
2005-01-12,28.1067
2005-01-13,27.8649
2005-01-14,27.9993
2005-01-18,28.0208
2005-01-19,27.7306
2005-01-20,27.5461
2005-01-21,27.6553
2005-01-24,27.7037
2005-01-25,27.7126
2005-01-26,28.0476
2005-01-27,28.0888
2005-01-28,28.0261
2005-01-31,28.1605
2005-02-01,28.3360
2005-02-02,28.3755
2005-02-03,28.2214
2005-02-04,28.3665
2005-02-07,28.1874
2005-02-08,28.1874
2005-02-09,28.1157
2005-02-10,28.4077
2005-02-11,28.6048
2005-02-14,28.8269
2005-02-15,29.0204
2005-02-16,28.7642
2005-02-17,28.8233
2005-02-18,28.9666
2005-02-22,28.8985
2005-02-23,28.9129
2005-02-24,28.9577
2005-02-25,29.2944
2005-02-28,29.2264
2005-03-01,29.3876
2005-03-02,29.1672
2005-03-03,29.1816
2005-03-04,29.6921
2005-03-07,29.5667
2005-03-08,29.6473
2005-03-09,29.5130
2005-03-10,29.6097
2005-03-11,29.6026
2005-03-14,29.5076
2005-03-15,29.3249
2005-03-16,29.3589
2005-03-17,29.3249
2005-03-18,29.2658
2005-03-21,29.0669
2005-03-22,28.7337
2005-03-23,28.5421
2005-03-24,28.5367
2005-03-28,28.5367
2005-03-29,28.2411
2005-03-30,28.4722
2005-03-31,28.4597
2005-04-01,28.3934
2005-04-04,28.4023
2005-04-05,28.5546
2005-04-06,28.6352
2005-04-07,28.7516
2005-04-08,28.7516
2005-04-11,28.8591
2005-04-12,28.9308
2005-04-13,28.6263
2005-04-14,28.2501
2005-04-15,27.9043
2005-04-18,27.8022
2005-04-19,28.1712
2005-04-20,27.8112
2005-04-21,28.3146
2005-04-22,28.2142
2005-04-25,28.3629
2005-04-26,28.0082
2005-04-27,27.9330
2005-04-28,27.5568
2005-04-29,27.9993
2005-05-02,27.9903
2005-05-03,28.0512
2005-05-04,28.3844
2005-05-05,28.4256
2005-05-06,28.3020
2005-05-09,28.3665
2005-05-10,27.9724
2005-05-11,28.0978
2005-05-12,27.7485
2005-05-13,27.5873
2005-05-16,27.6983
2005-05-17,27.6947
2005-05-18,28.0082
2005-05-19,28.0279
2005-05-20,27.9097
2005-05-23,28.1408
2005-05-24,28.0673
2005-05-25,27.9903
2005-05-26,28.0082
2005-05-27,28.1247
2005-05-31,27.7574
2005-06-01,27.9258
2005-06-02,28.1641
2005-06-03,27.9007
2005-06-06,28.0852
2005-06-07,28.2286
2005-06-08,28.1247
2005-06-09,28.2357
2005-06-10,28.1282
2005-06-13,28.0315
2005-06-14,27.9993
2005-06-15,28.1659
2005-06-16,28.2572
2005-06-17,28.6818
2005-06-20,28.4131
2005-06-21,28.6280
2005-06-22,28.5421
2005-06-23,28.2196
2005-06-24,28.2142
2005-06-27,28.1497
2005-06-28,28.3110
2005-06-29,28.1927
2005-06-30,28.1551
2005-07-01,28.1175
2005-07-05,28.1497
2005-07-06,28.0745
2005-07-07,27.9187
2005-07-08,28.2948
2005-07-11,28.4991
2005-07-12,28.7947
2005-07-13,28.5636
2005-07-14,28.6442
2005-07-15,28.5689
2005-07-18,28.4883
2005-07-19,28.5528
2005-07-20,28.7463
2005-07-21,28.8054
2005-07-22,28.7785
2005-07-25,28.6979
2005-07-26,28.6119
2005-07-27,28.9397
2005-07-28,29.1386
2005-07-29,28.9989
2005-08-01,29.2837
2005-08-02,29.4933
2005-08-03,29.7136
2005-08-04,29.4718
2005-08-05,29.3643
2005-08-08,29.4342
2005-08-09,29.8104
2005-08-10,30.0146
2005-08-11,30.4982
2005-08-12,30.3101
2005-08-15,30.3639
2005-08-16,30.0361
2005-08-17,29.9608
2005-08-18,29.6384
2005-08-19,29.7835
2005-08-22,30.1113
2005-08-23,29.9823
2005-08-24,29.6652
2005-08-25,29.7781
2005-08-26,29.6814
2005-08-29,29.6652
2005-08-30,29.5793
2005-08-31,30.1113
2005-09-01,30.4714
2005-09-02,30.5788
2005-09-06,30.9550
2005-09-07,30.8691
2005-09-08,30.6326
2005-09-09,31.0357
2005-09-12,30.7938
2005-09-13,30.5842
2005-09-14,30.6057
2005-09-15,30.6272
2005-09-16,30.9712
2005-09-19,30.7669
2005-09-20,30.6541
2005-09-21,30.6863
2005-09-22,30.6541
2005-09-23,30.5251
2005-09-26,30.8583
2005-09-27,30.7401
2005-09-28,31.0572
2005-09-29,31.4280
2005-09-30,31.2238
2005-10-03,31.1163
2005-10-04,30.9121
2005-10-05,30.6434
2005-10-06,30.4982
2005-10-07,30.6057
2005-10-10,30.4552
2005-10-11,30.4929
2005-10-12,30.2887
2005-10-13,30.2242
2005-10-14,30.5090
2005-10-17,30.2027
2005-10-18,29.8534
2005-10-19,30.0952
2005-10-20,29.4073
2005-10-21,29.5363
2005-10-24,29.9984
2005-10-25,30.0307
2005-10-26,29.9770
2005-10-27,29.9178
2005-10-28,30.1758
2005-10-31,30.2295
2005-11-01,30.4875
2005-11-02,30.9067
2005-11-03,30.8906
2005-11-04,30.6057
2005-11-07,30.7831
2005-11-08,30.7078
2005-11-09,30.6863
2005-11-10,30.6487
2005-11-11,30.8099
2005-11-14,30.6272
2005-11-15,30.4606
2005-11-16,30.4069
2005-11-17,30.9282
2005-11-18,31.1431
2005-11-21,31.1861
2005-11-22,31.2882
2005-11-23,31.4387
2005-11-25,31.1378
2005-11-28,31.2184
2005-11-29,31.1700
2005-11-30,30.9282
2005-12-01,31.5086
2005-12-02,31.6268
2005-12-05,31.7665
2005-12-06,31.8633
2005-12-07,31.6537
2005-12-08,31.6483
2005-12-09,31.9654
2005-12-12,32.3684
2005-12-13,32.5243
2005-12-14,32.5082
2005-12-15,32.2072
2005-12-16,32.4598
2005-12-19,32.4007
2005-12-20,32.4061
2005-12-21,32.5619
2005-12-22,32.7500
2005-12-23,32.7336
2005-12-27,32.4325
2005-12-28,32.6679
2005-12-29,32.6788
2005-12-30,32.5311
2006-01-03,33.6203
2006-01-04,33.8995
2006-01-05,33.7298
2006-01-06,34.1842
2006-01-09,34.2006
2006-01-10,33.8940
2006-01-11,34.1842
2006-01-12,33.9050
2006-01-13,34.0364
2006-01-17,33.6094
2006-01-18,33.1551
2006-01-19,33.5328
2006-01-20,33.0237
2006-01-23,33.4835
2006-01-24,33.6532
2006-01-25,33.7681
2006-01-26,34.1677
2006-01-27,34.3484
2006-01-30,34.3757
2006-01-31,34.4086
2006-02-01,34.5126
2006-02-02,34.1240
2006-02-03,34.0364
2006-02-06,33.9871
2006-02-07,33.7353
2006-02-08,33.8557
2006-02-09,33.9214
2006-02-10,33.8448
2006-02-13,33.6094
2006-02-14,33.9816
2006-02-15,33.6751
2006-02-16,33.9981
2006-02-17,33.8995
2006-02-21,33.9050
2006-02-22,34.1623
2006-02-23,34.2498
2006-02-24,34.3648
2006-02-27,34.4852
2006-02-28,34.1677
2006-03-01,34.5181
2006-03-02,34.4524
2006-03-03,34.3101
2006-03-06,34.1787
2006-03-07,33.7627
2006-03-08,33.8776
2006-03-09,33.8393
2006-03-10,34.3538
2006-03-13,34.6385
2006-03-14,35.0052
2006-03-15,35.1311
2006-03-16,35.2461
2006-03-17,35.4158
2006-03-20,35.4869
2006-03-21,35.1202
2006-03-22,35.4486
2006-03-23,35.0217
2006-03-24,35.3008
2006-03-27,35.2406
2006-03-28,34.9012
2006-03-29,35.3610
2006-03-30,35.7880
2006-03-31,35.5362
2006-04-03,35.9248
2006-04-04,36.2095
2006-04-05,36.3299
2006-04-06,36.3628
2006-04-07,35.9467
2006-04-10,36.0124
2006-04-11,35.7716
2006-04-12,35.5964
2006-04-13,35.6895
2006-04-17,35.8537
2006-04-18,36.5872
2006-04-19,36.8390
2006-04-20,36.6748
2006-04-21,36.9211
2006-04-24,36.9594
2006-04-25,36.9375
2006-04-26,37.1674
2006-04-27,37.2331
2006-04-28,37.2386
2006-05-01,37.2221
2006-05-02,37.7914
2006-05-03,37.5670
2006-05-04,37.8571
2006-05-05,38.4373
2006-05-08,38.4045
2006-05-09,38.6344
2006-05-10,38.5140
2006-05-11,38.1253
2006-05-12,37.6327
2006-05-15,37.3097
2006-05-16,37.2550
2006-05-17,36.0672
2006-05-18,35.9577
2006-05-19,36.1383
2006-05-22,35.3446
2006-05-23,35.3556
2006-05-24,35.3337
2006-05-25,35.8099
2006-05-26,36.1000
2006-05-30,35.5526
2006-05-31,35.8154
2006-06-01,36.0453
2006-06-02,36.3956
2006-06-05,35.6074
2006-06-06,35.1749
2006-06-07,34.6932
2006-06-08,33.9269
2006-06-09,33.8886
2006-06-12,33.5985
2006-06-13,32.5475
2006-06-14,33.0182
2006-06-15,34.1568
2006-06-16,33.8831
2006-06-19,33.7134
2006-06-20,33.9159
2006-06-21,34.3538
2006-06-22,34.1732
2006-06-23,34.0747
2006-06-26,34.3429
2006-06-27,33.7079
2006-06-28,34.0911
2006-06-29,35.3501
2006-06-30,35.7935
2006-07-03,35.9796
2006-07-05,35.2953
2006-07-06,35.6676
2006-07-07,35.5033
2006-07-10,35.7989
2006-07-11,35.8975
2006-07-12,35.2242
2006-07-13,34.6056
2006-07-14,34.3101
2006-07-17,33.8284
2006-07-18,33.7736
2006-07-19,34.6056
2006-07-20,34.4195
2006-07-21,34.4195
2006-07-24,35.0435
2006-07-25,35.0326
2006-07-26,35.2789
2006-07-27,35.4979
2006-07-28,36.2095
2006-07-31,36.0836
2006-08-01,35.8318
2006-08-02,36.2259
2006-08-03,36.1657
2006-08-04,36.1931
2006-08-07,35.9686
2006-08-08,35.8427
2006-08-09,36.0179
2006-08-10,36.1000
2006-08-11,35.7880
2006-08-14,35.9084
2006-08-15,36.6857
2006-08-16,37.0196
2006-08-17,36.8828
2006-08-18,37.0360
2006-08-21,36.9211
2006-08-22,36.8171
2006-08-23,36.6857
2006-08-24,36.5817
2006-08-25,36.5543
2006-08-28,36.7076
2006-08-29,37.0032
2006-08-30,37.0032
2006-08-31,37.0032
2006-09-01,37.2769
2006-09-05,37.4739
2006-09-06,36.8444
2006-09-07,36.4011
2006-09-08,36.4120
2006-09-11,36.1931
2006-09-12,36.6091
2006-09-13,36.5379
2006-09-14,36.5872
2006-09-15,36.5105
2006-09-18,36.6638
2006-09-19,36.3244
2006-09-20,36.6802
2006-09-21,36.7678
2006-09-22,36.5872
2006-09-25,36.7404
2006-09-26,36.8280
2006-09-27,37.0634
2006-09-28,37.1674
2006-09-29,37.0853
2006-10-02,37.1893
2006-10-03,37.2221
2006-10-04,37.5779
2006-10-05,37.6217
2006-10-06,37.2878
2006-10-09,37.3152
2006-10-10,37.3590
2006-10-11,37.3316
2006-10-12,37.7312
2006-10-13,37.7969
2006-10-16,37.9392
2006-10-17,37.7038
2006-10-18,37.7969
2006-10-19,38.0815
2006-10-20,38.2020
2006-10-23,38.2348
2006-10-24,38.2403
2006-10-25,38.5085
2006-10-26,38.8041
2006-10-27,38.5359
2006-10-30,38.4538
2006-10-31,38.4756
2006-11-01,38.4100
2006-11-02,38.5523
2006-11-03,38.4045
2006-11-06,38.9738
2006-11-07,39.0176
2006-11-08,39.0285
2006-11-09,38.8314
2006-11-10,38.9847
2006-11-13,38.7384
2006-11-14,39.1654
2006-11-15,39.1544
2006-11-16,39.0723
2006-11-17,38.9573
2006-11-20,38.6618
2006-11-21,38.8533
2006-11-22,39.2310
2006-11-24,39.0230
2006-11-27,38.7001
2006-11-28,39.0449
2006-11-29,39.4883
2006-11-30,39.6580
2006-12-01,39.6087
2006-12-04,39.8660
2006-12-05,40.0904
2006-12-06,40.0028
2006-12-07,40.1397
2006-12-08,40.0412
2006-12-11,40.2054
2006-12-12,40.3696
2006-12-13,40.5229
2006-12-14,40.6871
2006-12-15,40.5229
2006-12-18,40.4627
2006-12-19,40.6433
2006-12-20,40.5721
2006-12-21,40.5515
2006-12-22,40.4564
2006-12-26,40.4397
2006-12-27,40.9427
2006-12-28,40.9707
2006-12-29,40.9259
2007-01-03,41.0881
2007-01-04,40.9707
2007-01-05,40.3558
2007-01-08,40.4117
2007-01-09,40.4508
2007-01-10,40.1434
2007-01-11,40.4005
2007-01-12,40.8589
2007-01-16,40.8086
2007-01-17,40.8309
2007-01-18,40.6912
2007-01-19,41.1886
2007-01-22,40.9818
2007-01-23,41.3452
2007-01-24,41.6134
2007-01-25,40.9371
2007-01-26,41.0154
2007-01-29,41.0601
2007-01-30,41.3396
2007-01-31,41.4961
2007-02-01,41.8426
2007-02-02,41.7588
2007-02-05,41.6246
2007-02-06,41.9488
2007-02-07,42.0662
2007-02-08,41.8985
2007-02-09,41.7197
2007-02-12,41.5576
2007-02-13,42.0886
2007-02-14,42.6587
2007-02-15,42.7090
2007-02-16,42.6922
2007-02-20,42.7537
2007-02-21,42.5357
2007-02-22,42.7257
2007-02-23,42.8599
2007-02-26,42.8823
2007-02-27,41.1551
2007-02-28,41.4458
2007-03-01,41.0210
2007-03-02,40.4676
2007-03-05,39.6292
2007-03-06,40.8589
2007-03-07,40.8701
2007-03-08,41.3507
2007-03-09,41.4178
2007-03-12,41.6861
2007-03-13,40.6912
2007-03-14,40.7080
2007-03-15,40.8924
2007-03-16,40.9427
2007-03-19,41.5743
2007-03-20,41.9264
2007-03-21,42.8208
2007-03-22,42.6587
2007-03-23,42.7593
2007-03-26,42.7760
2007-03-27,42.5860
2007-03-28,42.2115
2007-03-29,42.5804
2007-03-30,42.6475
2007-04-02,42.7593
2007-04-03,43.1170
2007-04-04,43.2959
2007-04-05,43.4524
2007-04-09,43.4188
2007-04-10,43.7430
2007-04-11,43.5306
2007-04-12,43.8213
2007-04-13,43.9666
2007-04-16,44.4305
2007-04-17,44.4361
2007-04-18,44.4193
2007-04-19,44.2517
2007-04-20,44.7603
2007-04-23,44.3243
2007-04-24,44.2964
2007-04-25,44.7100
2007-04-26,44.5032
2007-04-27,44.4082
2007-04-30,44.2461
2007-05-01,44.2014
2007-05-02,44.5367
2007-05-03,44.5982
2007-05-04,45.0174
2007-05-07,45.0845
2007-05-08,44.7156
2007-05-09,44.9615
2007-05-10,44.0728
2007-05-11,44.8162
2007-05-14,44.6485
2007-05-15,44.7268
2007-05-16,44.7939
2007-05-17,44.5647
2007-05-18,44.9056
2007-05-21,44.6988
2007-05-22,44.7379
2007-05-23,44.9671
2007-05-24,44.5367
2007-05-25,44.8218
2007-05-29,44.8777
2007-05-30,45.0677
2007-05-31,45.2913
2007-06-01,45.5876
2007-06-04,45.7105
2007-06-05,45.4758
2007-06-06,44.8218
2007-06-07,44.0560
2007-06-08,44.5367
2007-06-11,44.6876
2007-06-12,43.8939
2007-06-13,44.4641
2007-06-14,44.7939
2007-06-15,45.1572
2007-06-18,45.4087
2007-06-19,45.4534
2007-06-20,44.9168
2007-06-21,45.3248
2007-06-22,44.6988
2007-06-25,44.6876
2007-06-26,44.4641
2007-06-27,44.7827
2007-06-28,44.8162
2007-06-29,45.1460
2007-07-02,45.7999
2007-07-03,46.0179
2007-07-05,45.7888
2007-07-06,46.1185
2007-07-09,46.2303
2007-07-10,45.6658
2007-07-11,46.0962
2007-07-12,46.7390
2007-07-13,46.7054
2007-07-16,46.5992
2007-07-17,46.4427
2007-07-18,46.2806
2007-07-19,46.5433
2007-07-20,46.0626
2007-07-23,46.3421
2007-07-24,45.6435
2007-07-25,45.5205
2007-07-26,44.0057
2007-07-27,43.3965
2007-07-30,44.1678
2007-07-31,44.1119
2007-08-01,44.1846
2007-08-02,44.3187
2007-08-03,43.5194
2007-08-06,43.9945
2007-08-07,44.1455
2007-08-08,44.8609
2007-08-09,43.5809
2007-08-10,42.8319
2007-08-13,42.9158
2007-08-14,42.5022
2007-08-15,41.5072
2007-08-16,41.3284
2007-08-17,41.7085
2007-08-20,41.8426
2007-08-21,41.8147
2007-08-22,42.8040
2007-08-23,42.9940
2007-08-24,43.7430
2007-08-27,43.2791
2007-08-28,42.4072
2007-08-29,43.3797
2007-08-30,43.0779
2007-08-31,43.8325
2007-09-04,44.2349
2007-09-05,43.5921
2007-09-06,43.7542
2007-09-07,43.2232
2007-09-10,43.0444
2007-09-11,43.7877
2007-09-12,43.8325
2007-09-13,44.0169
2007-09-14,43.7598
2007-09-17,43.1450
2007-09-18,44.5479
2007-09-19,44.9503
2007-09-20,44.9112
2007-09-21,45.1069
2007-09-24,45.2075
2007-09-25,45.2634
2007-09-26,45.4869
2007-09-27,46.0906
2007-09-28,46.1633
2007-10-01,46.7558
2007-10-02,46.6384
2007-10-03,46.4260
2007-10-04,46.5881
2007-10-05,47.0631
2007-10-08,46.6272
2007-10-09,47.1470
2007-10-10,47.0576
2007-10-11,47.2756
2007-10-12,47.4824
2007-10-15,47.0967
2007-10-16,46.3701
2007-10-17,46.8619
2007-10-18,46.9737
2007-10-19,45.9397
2007-10-22,45.8838
2007-10-23,46.5322
2007-10-24,46.4316
2007-10-25,46.6439
2007-10-26,47.4880
2007-10-29,47.8345
2007-10-30,47.4544
2007-10-31,48.1252
2007-11-01,47.1135
2007-11-02,47.3762
2007-11-05,46.6216
2007-11-06,47.3259
2007-11-07,46.5042
2007-11-08,46.5881
2007-11-09,45.6826
2007-11-12,44.9336
2007-11-13,46.1409
2007-11-14,46.0682
2007-11-15,45.3081
2007-11-16,45.4534
2007-11-19,44.2517
2007-11-20,45.2410
2007-11-21,44.2181
2007-11-23,45.3304
2007-11-26,44.6206
2007-11-27,45.2242
2007-11-28,46.5098
2007-11-29,46.1297
2007-11-30,46.3813
2007-12-03,46.2080
2007-12-04,45.9173
2007-12-05,46.4483
2007-12-06,46.8899
2007-12-07,46.7054
2007-12-10,47.1861
2007-12-11,45.9564
2007-12-12,46.8787
2007-12-13,45.9229
2007-12-14,44.6821
2007-12-17,43.7318
2007-12-18,44.2796
2007-12-19,43.9163
2007-12-20,44.2293
2007-12-21,44.8609
2007-12-24,45.0444
2007-12-26,45.1705
2007-12-27,44.8953
2007-12-28,45.2794
2007-12-31,44.9985
2008-01-02,44.8380
2008-01-03,44.9125
2008-01-04,43.8922
2008-01-07,43.9380
2008-01-08,43.6915
2008-01-09,44.0068
2008-01-10,43.9609
2008-01-11,43.0839
2008-01-14,43.7718
2008-01-15,42.3502
2008-01-16,41.4961
2008-01-17,40.8713
2008-01-18,41.1063
2008-01-22,39.9598
2008-01-23,39.7248
2008-01-24,41.1177
2008-01-25,40.5216
2008-01-28,40.9744
2008-01-29,41.2209
2008-01-30,41.0317
2008-01-31,41.4674
2008-02-01,42.1610
2008-02-04,41.7311
2008-02-05,39.8165
2008-02-06,39.7821
2008-02-07,39.5815
2008-02-08,39.1745
2008-02-11,39.3809
2008-02-12,40.2292
2008-02-13,40.5044
2008-02-14,40.3209
2008-02-15,40.4700
2008-02-19,40.8655
2008-02-20,40.6534
2008-02-21,40.5789
2008-02-22,41.0948
2008-02-25,41.7483
2008-02-26,42.3674
2008-02-27,42.5050
2008-02-28,42.0980
2008-02-29,41.0432
2008-03-03,41.1636
2008-03-04,40.5388
2008-03-05,41.0260
2008-03-06,40.4413
2008-03-07,39.9655
2008-03-10,39.7649
2008-03-11,41.0203
2008-03-12,41.0203
2008-03-13,41.0891
2008-03-14,40.0974
2008-03-17,39.4898
2008-03-18,40.6993
2008-03-19,39.2261
2008-03-20,39.8165
2008-03-24,40.5445
2008-03-25,41.1349
2008-03-26,41.1349
2008-03-27,41.1005
2008-03-28,41.0661
2008-03-31,41.2152
2008-04-01,42.5164
2008-04-02,42.6081
2008-04-03,42.7342
2008-04-04,42.8775
2008-04-07,43.1412
2008-04-08,42.6884
2008-04-09,42.3387
2008-04-10,42.2069
2008-04-11,41.6394
2008-04-14,41.7311
2008-04-15,42.0234
2008-04-16,43.3476
2008-04-17,42.8661
2008-04-18,43.1699
2008-04-21,43.5081
2008-04-22,43.0552
2008-04-23,43.2788
2008-04-24,42.9979
2008-04-25,43.3533
2008-04-28,43.6056
2008-04-29,43.2215
2008-04-30,43.4565
2008-05-01,43.7202
2008-05-02,43.8406
2008-05-05,43.9151
2008-05-06,44.2418
2008-05-07,43.4680
2008-05-08,43.8463
2008-05-09,43.4966
2008-05-12,43.9323
2008-05-13,43.7832
2008-05-14,43.7832
2008-05-15,44.5284
2008-05-16,45.0100
2008-05-19,44.8265
2008-05-20,44.4138
2008-05-21,43.9094
2008-05-22,44.4195
2008-05-23,43.9151
2008-05-27,43.8291
2008-05-28,43.8234
2008-05-29,43.7259
2008-05-30,43.9724
2008-06-02,43.5138
2008-06-03,43.4221
2008-06-04,43.1699
2008-06-05,43.8864
2008-06-06,42.6253
2008-06-09,42.5680
2008-06-10,41.8457
2008-06-11,41.3126
2008-06-12,41.1693
2008-06-13,41.5477
2008-06-16,41.7597
2008-06-17,41.8859
2008-06-18,41.5419
2008-06-19,41.4617
2008-06-20,40.5560
2008-06-23,40.5502
2008-06-24,40.3668
2008-06-25,40.7978
2008-06-26,39.7640
2008-06-27,39.8692
2008-06-30,40.1086
2008-07-01,39.6764
2008-07-02,39.0456
2008-07-03,39.2968
2008-07-07,38.9580
2008-07-08,39.1624
2008-07-09,38.6543
2008-07-10,38.9872
2008-07-11,38.3739
2008-07-14,38.2921
2008-07-15,37.6789
2008-07-16,38.3739
2008-07-17,38.9580
2008-07-18,39.2092
2008-07-21,39.4370
2008-07-22,39.5713
2008-07-23,39.7173
2008-07-24,38.9931
2008-07-25,39.0748
2008-07-28,38.4207
2008-07-29,38.8003
2008-07-30,39.1624
2008-07-31,38.7769
2008-08-01,38.1987
2008-08-04,37.8366
2008-08-05,38.7945
2008-08-06,38.8061
2008-08-07,38.0293
2008-08-08,38.1870
2008-08-11,38.1520
2008-08-12,37.8775
2008-08-13,37.2817
2008-08-14,37.1357
2008-08-15,36.8904
2008-08-18,36.7035
2008-08-19,36.2888
2008-08-20,36.5049
2008-08-21,36.6509
2008-08-22,36.8203
2008-08-25,36.2420
2008-08-26,36.4231
2008-08-27,36.7677
2008-08-28,37.2408
2008-08-29,37.1298
2008-09-02,36.5575
2008-09-03,36.4056
2008-09-04,34.8461
2008-09-05,34.7176
2008-09-08,35.4944
2008-09-09,34.3438
2008-09-10,34.6767
2008-09-11,34.6008
2008-09-12,35.2783
2008-09-15,33.7772
2008-09-16,33.5261
2008-09-17,32.2470
2008-09-18,33.7130
2008-09-19,36.1019
2008-09-22,34.8695
2008-09-23,34.3788
2008-09-24,34.4781
2008-09-25,35.2725
2008-09-26,34.8987
2008-09-29,31.0029
2008-09-30,32.8836
2008-10-01,32.6383
2008-10-02,31.2131
2008-10-03,31.0905
2008-10-06,29.3324
2008-10-07,27.9598
2008-10-08,27.3349
2008-10-09,25.6994
2008-10-10,24.7416
2008-10-13,28.6724
2008-10-14,28.0825
2008-10-15,25.0861
2008-10-16,26.5639
2008-10-17,25.9973
2008-10-20,27.6561
2008-10-21,26.0966
2008-10-22,24.1925
2008-10-23,24.7240
2008-10-24,23.1237
2008-10-27,21.9088
2008-10-28,24.9284
2008-10-29,24.9869
2008-10-30,25.8630
2008-10-31,26.0324
2008-11-03,26.1375
2008-11-04,27.9306
2008-11-05,26.4120
2008-11-06,24.7065
2008-11-07,26.1024
2008-11-10,25.7111
2008-11-11,24.8642
2008-11-12,23.5267
2008-11-13,25.5301
2008-11-14,24.0640
2008-11-17,23.6260
2008-11-18,23.6668
2008-11-19,22.0840
2008-11-20,20.8691
2008-11-21,22.3527
2008-11-24,23.6902
2008-11-25,24.1224
2008-11-26,24.3853
2008-11-28,24.3736
2008-12-01,22.3819
2008-12-02,23.5967
2008-12-03,23.9122
2008-12-04,23.1762
2008-12-05,23.4683
2008-12-08,24.5838
2008-12-09,24.3561
2008-12-10,24.9985
2008-12-11,24.8876
2008-12-12,25.1329
2008-12-15,25.1971
2008-12-16,26.6456
2008-12-17,26.5113
2008-12-18,25.6994
2008-12-19,25.3256
2008-12-22,25.1504
2008-12-23,24.9617
2008-12-24,25.2930
2008-12-26,25.4113
2008-12-29,25.4172
2008-12-30,26.1802
2008-12-31,26.5351
2009-01-02,26.8782
2009-01-05,26.4464
2009-01-06,26.7303
2009-01-07,26.2690
2009-01-08,26.6593
2009-01-09,25.7366
2009-01-12,25.1155
2009-01-13,24.6541
2009-01-14,23.6426
2009-01-15,23.8556
2009-01-16,23.9975
2009-01-20,22.2408
2009-01-21,23.3291
2009-01-22,22.7850
2009-01-23,22.6252
2009-01-26,23.0689
2009-01-27,23.5184
2009-01-28,24.2105
2009-01-29,23.1103
2009-01-30,22.8914
2009-02-02,22.6666
2009-02-03,23.3173
2009-02-04,23.1990
2009-02-05,23.5303
2009-02-06,24.0744
2009-02-09,24.0685
2009-02-10,22.8737
2009-02-11,23.1221
2009-02-12,23.0511
2009-02-13,22.8027
2009-02-17,21.5901
2009-02-18,21.5724
2009-02-19,21.5428
2009-02-20,21.2293
2009-02-23,20.4189
2009-02-24,21.2707
2009-02-25,20.6851
2009-02-26,20.5136
2009-02-27,20.5136
2009-03-02,19.3365
2009-03-03,19.2596
2009-03-04,20.1172
2009-03-05,19.3069
2009-03-06,19.2714
2009-03-09,18.7509
2009-03-10,20.0108
2009-03-11,20.1232
2009-03-12,20.5786
2009-03-13,20.7147
2009-03-16,20.9394
2009-03-17,21.4895
2009-03-18,22.1047
2009-03-19,22.0929
2009-03-20,21.7853
2009-03-23,23.3528
2009-03-24,22.6193
2009-03-25,22.9683
2009-03-26,23.2759
2009-03-27,22.5306
2009-03-30,21.6729
2009-03-31,22.2348
2009-04-01,22.8145
2009-04-02,23.8438
2009-04-03,23.9798
2009-04-06,23.4829
2009-04-07,22.9920
2009-04-08,23.2227
2009-04-09,23.8438
2009-04-13,24.0804
2009-04-14,23.8497
2009-04-15,24.1632
2009-04-16,24.3170
2009-04-17,24.2342
2009-04-20,23.2404
2009-04-21,23.7728
2009-04-22,23.5835
2009-04-23,24.1750
2009-04-24,24.5477
2009-04-27,24.2578
2009-04-28,24.0271
2009-04-29,24.6423
2009-04-30,24.7961
2009-05-01,25.0859
2009-05-04,26.1270
2009-05-05,25.8667
2009-05-06,26.4937
2009-05-07,26.0501
2009-05-08,27.1799
2009-05-11,26.4878
2009-05-12,26.7717
2009-05-13,25.8608
2009-05-14,26.1152
2009-05-15,25.8786
2009-05-18,26.8664
2009-05-19,27.1089
2009-05-20,27.2863
2009-05-21,27.0793
2009-05-22,27.2331
2009-05-26,27.7773
2009-05-27,27.2390
2009-05-28,27.5170
2009-05-29,28.0671
2009-06-01,28.7592
2009-06-02,29.0076
2009-06-03,28.1440
2009-06-04,28.3215
2009-06-05,27.9725
2009-06-08,27.9133
2009-06-09,28.2564
2009-06-10,28.3097
2009-06-11,28.7947
2009-06-12,28.6468
2009-06-15,27.6176
2009-06-16,27.2982
2009-06-17,27.3751
2009-06-18,27.3277
2009-06-19,27.7595
2009-06-22,26.8664
2009-06-23,27.2198
2009-06-24,27.2439
2009-06-25,27.8178
2009-06-26,27.7634
2009-06-29,27.9990
2009-06-30,27.6728
2009-07-01,28.1319
2009-07-02,27.3225
2009-07-06,27.3587
2009-07-07,26.6942
2009-07-08,26.5855
2009-07-09,26.9117
2009-07-10,26.5976
2009-07-13,27.0627
2009-07-14,27.2077
2009-07-15,28.1380
2009-07-16,28.3856
2009-07-17,28.2829
2009-07-20,28.8326
2009-07-21,29.0139
2009-07-22,29.0864
2009-07-23,29.5757
2009-07-24,29.7569
2009-07-27,29.7871
2009-07-28,29.6602
2009-07-29,29.4186
2009-07-30,29.9925
2009-07-31,30.4516
2009-08-03,31.1584
2009-08-04,31.1100
2009-08-05,30.9832
2009-08-06,30.7899
2009-08-07,30.7597
2009-08-10,30.5724
2009-08-11,30.3972
2009-08-12,30.7415
2009-08-13,31.2127
2009-08-14,30.9469
2009-08-17,29.9502
2009-08-18,30.4697
2009-08-19,30.7294
2009-08-20,30.9469
2009-08-21,31.6235
2009-08-24,31.6174
2009-08-25,31.9316
2009-08-26,31.7987
2009-08-27,32.0403
2009-08-28,32.0584
2009-08-31,31.8228
2009-09-01,31.0315
2009-09-02,30.9953
2009-09-03,31.2369
2009-09-04,31.7141
2009-09-08,32.3423
2009-09-09,32.7410
2009-09-10,33.0310
2009-09-11,32.9887
2009-09-14,33.0551
2009-09-15,33.0612
2009-09-16,33.7136
2009-09-17,33.4961
2009-09-18,33.5867
2009-09-21,33.2303
2009-09-22,33.6894
2009-09-23,33.3995
2009-09-24,32.9102
2009-09-25,32.7712
2009-09-28,33.2183
2009-09-29,33.0189
2009-09-30,33.0310
2009-10-01,32.1672
2009-10-02,31.8107
2009-10-05,32.2699
2009-10-06,32.8135
2009-10-07,32.9343
2009-10-08,33.4116
2009-10-09,33.3270
2009-10-12,33.5263
2009-10-13,33.4538
2009-10-14,34.2573
2009-10-15,34.4143
2009-10-16,33.8948
2009-10-19,34.4385
2009-10-20,34.2573
2009-10-21,34.1425
2009-10-22,34.4747
2009-10-23,33.9311
2009-10-26,33.4176
2009-10-27,33.1518
2009-10-28,32.3544
2009-10-29,33.3089
2009-10-30,32.1974
2009-11-02,32.5115
2009-11-03,32.3846
2009-11-04,32.7108
2009-11-05,33.1337
2009-11-06,33.2303
2009-11-09,34.1606
2009-11-10,33.9794
2009-11-11,34.0821
2009-11-12,33.5867
2009-11-13,34.0579
2009-11-16,34.6016
2009-11-17,34.3720
2009-11-18,34.2633
2009-11-19,33.6169
2009-11-20,33.4297
2009-11-23,34.0277
2009-11-24,33.8888
2009-11-25,34.3418
2009-11-27,33.3511
2009-11-30,33.4599
2009-12-01,34.3781
2009-12-02,34.4325
2009-12-03,34.3539
2009-12-04,34.2331
2009-12-07,34.0458
2009-12-08,33.4538
2009-12-09,33.4116
2009-12-10,33.5142
2009-12-11,33.5022
2009-12-14,33.8284
2009-12-15,33.4538
2009-12-16,33.8465
2009-12-17,33.0491
2009-12-18,33.1276
2009-12-21,33.2243
2009-12-22,33.4352
2009-12-23,33.7400
2009-12-24,33.8741
2009-12-28,34.0204
2009-12-29,34.0753
2009-12-30,33.9351
2009-12-31,33.6973
2010-01-04,34.5812
2010-01-05,34.6117
2010-01-06,34.7580
2010-01-07,34.6239
2010-01-08,34.8982
2010-01-11,35.1847
2010-01-12,34.7702
2010-01-13,35.0628
2010-01-14,35.3310
2010-01-15,34.7763
2010-01-19,35.1176
2010-01-20,34.2216
2010-01-21,33.4901
2010-01-22,32.8378
2010-01-25,33.2401
2010-01-26,33.0512
2010-01-27,33.0146
2010-01-28,32.4599
2010-01-29,31.9905
2010-02-01,32.5757
2010-02-02,33.1182
2010-02-03,32.7708
2010-02-04,31.4358
2010-02-05,31.3809
2010-02-08,30.7592
2010-02-09,31.7284
2010-02-10,31.5272
2010-02-11,31.8198
2010-02-12,31.5455
2010-02-16,32.2465
2010-02-17,32.2892
2010-02-18,32.4721
2010-02-19,32.2709
2010-02-22,32.3319
2010-02-23,31.8747
2010-02-24,32.0759
2010-02-25,31.8808
2010-02-26,32.0759
2010-03-01,32.3258
2010-03-02,32.5696
2010-03-03,32.9597
2010-03-04,32.8744
2010-03-05,33.5145
2010-03-08,33.5145
2010-03-09,33.4352
2010-03-10,33.5754
2010-03-11,33.7034
2010-03-12,33.9290
2010-03-15,33.6912
2010-03-16,34.1179
2010-03-17,34.3008
2010-03-18,34.0996
2010-03-19,33.7522
2010-03-22,33.8497
2010-03-23,34.0874
2010-03-24,33.5266
2010-03-25,33.5084
2010-03-26,33.8375
2010-03-29,34.1240
2010-03-30,34.1240
2010-03-31,34.1240
2010-04-01,34.7275
2010-04-05,34.7641
2010-04-06,34.6665
2010-04-07,34.4227
2010-04-08,34.3861
2010-04-09,34.8372
2010-04-12,34.9469
2010-04-13,34.9165
2010-04-14,35.3798
2010-04-15,35.3554
2010-04-16,34.5751
2010-04-19,34.4837
2010-04-20,34.6970
2010-04-21,34.4715
2010-04-22,34.1606
2010-04-23,34.4166
2010-04-26,34.4532
2010-04-27,33.0695
2010-04-28,33.0756
2010-04-29,33.5876
2010-04-30,33.1670
2010-05-03,33.4047
2010-05-04,32.0820
2010-05-05,31.4663
2010-05-06,30.0643
2010-05-07,29.9972
2010-05-10,31.9418
2010-05-11,31.4236
2010-05-12,31.7772
2010-05-13,31.3626
2010-05-14,30.4727
2010-05-17,30.5154
2010-05-18,29.8570
2010-05-19,29.9728
2010-05-20,28.9304
2010-05-21,29.6376
2010-05-24,28.9548
2010-05-25,28.8451
2010-05-26,28.4184
2010-05-27,30.0338
2010-05-28,29.4547
2010-06-01,29.1621
2010-06-02,29.9423
2010-06-03,29.8509
2010-06-04,28.5769
2010-06-07,28.2172
2010-06-08,28.6683
2010-06-09,28.5647
2010-06-10,29.7717
2010-06-11,29.8143
2010-06-14,30.0033
2010-06-15,30.9542
2010-06-16,30.8079
2010-06-17,30.9055
2010-06-18,30.8506
2010-06-21,30.8445
2010-06-22,30.4544
2010-06-23,30.6584
2010-06-24,30.1250
2010-06-25,30.2987
2010-06-28,30.0754
2010-06-29,29.0458
2010-06-30,28.8473
2010-07-01,29.2691
2010-07-02,29.2071
2010-07-06,29.7901
2010-07-07,30.7205
2010-07-08,31.0182
2010-07-09,31.0492
2010-07-12,30.9313
2010-07-13,31.5020
2010-07-14,31.6136
2010-07-15,31.7687
2010-07-16,30.7515
2010-07-19,30.9500
2010-07-20,31.1608
2010-07-21,30.5964
2010-07-22,31.6260
2010-07-23,31.9982
2010-07-26,32.2215
2010-07-27,32.3145
2010-07-28,32.1470
2010-07-29,32.2959
2010-07-30,32.1966
2010-08-02,33.2820
2010-08-03,33.2324
2010-08-04,33.2635
2010-08-05,33.2386
2010-08-06,33.3379
2010-08-09,33.3751
2010-08-10,33.1084
2010-08-11,31.6012
2010-08-12,31.5640
2010-08-13,31.4523
2010-08-16,31.7066
2010-08-17,32.0602
2010-08-18,32.0478
2010-08-19,31.5330
2010-08-20,31.2043
2010-08-23,31.1422
2010-08-24,30.7143
2010-08-25,30.7453
2010-08-26,30.7329
2010-08-27,31.3345
2010-08-30,30.8817
2010-08-31,30.9748
2010-09-01,32.0788
2010-09-02,32.2587
2010-09-03,32.5564
2010-09-07,32.1036
2010-09-08,32.3517
2010-09-09,32.6556
2010-09-10,32.7549
2010-09-13,33.3503
2010-09-14,33.5736
2010-09-15,33.5860
2010-09-16,33.4247
2010-09-17,33.2635
2010-09-20,33.8403
2010-09-21,33.8341
2010-09-22,33.7845
2010-09-23,33.4185
2010-09-24,34.3489
2010-09-27,34.1752
2010-09-28,34.3737
2010-09-29,34.3179
2010-09-30,34.0636
2010-10-01,34.4047
2010-10-04,33.9085
2010-10-05,34.8699
2010-10-06,35.1614
2010-10-07,35.0435
2010-10-08,35.2730
2010-10-11,35.2296
2010-10-12,35.1552
2010-10-13,35.5521
2010-10-14,35.8002
2010-10-15,35.6824
2010-10-18,35.7630
2010-10-19,34.9753
2010-10-20,35.6328
2010-10-21,35.4405
2010-10-22,35.5335
2010-10-25,35.6700
2010-10-26,35.4405
2010-10-27,35.0994
2010-10-28,35.3723
2010-10-29,35.3599
2010-11-01,35.2296
2010-11-02,35.8126
2010-11-03,36.0607
2010-11-04,36.8794
2010-11-05,36.7182
2010-11-08,36.4949
2010-11-09,36.1290
2010-11-10,36.2344
2010-11-11,35.9243
2010-11-12,35.6266
2010-11-15,35.6018
2010-11-16,34.7644
2010-11-17,34.9567
2010-11-18,35.8312
2010-11-19,35.8312
2010-11-22,35.4467
2010-11-23,34.3799
2010-11-24,34.9257
2010-11-26,34.3427
2010-11-29,34.0388
2010-11-30,33.6542
2010-12-01,34.6094
2010-12-02,35.2668
2010-12-03,35.6080
2010-12-06,35.4467
2010-12-07,35.4653
2010-12-08,35.5707
2010-12-09,35.6638
2010-12-10,35.7444
2010-12-13,36.1290
2010-12-14,36.1848
2010-12-15,35.7072
2010-12-16,35.9057
2010-12-17,35.7072
2010-12-20,35.7878
2010-12-21,36.0871
2010-12-22,36.1560
2010-12-23,36.1372
2010-12-27,36.0620
2010-12-28,36.0933
2010-12-29,36.4064
2010-12-30,36.2311
2010-12-31,36.4502
2011-01-03,36.7507
2011-01-04,36.6380
2011-01-05,36.4815
2011-01-06,36.0620
2011-01-07,35.9180
2011-01-10,35.8554
2011-01-11,36.0996
2011-01-12,36.8947
2011-01-13,36.9949
2011-01-14,37.2203
2011-01-18,37.4645
2011-01-19,37.2078
2011-01-20,36.8885
2011-01-21,37.0888
2011-01-24,37.4832
2011-01-25,37.4081
2011-01-26,37.6460
2011-01-27,37.7337
2011-01-28,36.8947
2011-01-31,37.2140
2011-02-01,38.0968
2011-02-02,38.0655
2011-02-03,38.0718
2011-02-04,38.0592
2011-02-07,38.1782
2011-02-08,38.4286
2011-02-09,38.3159
2011-02-10,38.0655
2011-02-11,38.0843
2011-02-14,38.1594
2011-02-15,38.0467
2011-02-16,38.5037
2011-02-17,38.6352
2011-02-18,38.7667
2011-02-22,37.6585
2011-02-23,37.7086
2011-02-24,37.7399
2011-02-25,38.1907
2011-02-28,38.5350
2011-03-01,37.9966
2011-03-02,38.1970
2011-03-03,38.6853
2011-03-04,38.3347
2011-03-07,37.9653
2011-03-08,38.0843
2011-03-09,38.0968
2011-03-10,37.1514
2011-03-11,37.1514
2011-03-14,36.4878
2011-03-15,35.7240
2011-03-16,34.6158
2011-03-17,35.7678
2011-03-18,36.2624
2011-03-21,37.1577
2011-03-22,37.0512
2011-03-23,37.0951
2011-03-24,37.5897
2011-03-25,37.1765
2011-03-28,37.1577
2011-03-29,37.3518
2011-03-30,37.7963
2011-03-31,37.6147
2011-04-01,37.9716
2011-04-04,38.0217
2011-04-05,37.9277
2011-04-06,38.2408
2011-04-07,38.0530
2011-04-08,38.3660
2011-04-11,38.2909
2011-04-12,37.9340
2011-04-13,38.0467
2011-04-14,38.2157
2011-04-15,38.1594
2011-04-18,37.3768
2011-04-19,37.6523
2011-04-20,38.6102
2011-04-21,38.8606
2011-04-25,38.8606
2011-04-26,39.1611
2011-04-27,39.6495
2011-04-28,39.9187
2011-04-29,39.7309
2011-05-02,39.9875
2011-05-03,39.6620
2011-05-04,39.3239
2011-05-05,38.5476
2011-05-06,38.5663
2011-05-09,38.8418
2011-05-10,39.2112
2011-05-11,38.4224
2011-05-12,38.5476
2011-05-13,37.9465
2011-05-16,37.8777
2011-05-17,37.9591
2011-05-18,38.1907
2011-05-19,38.4098
2011-05-20,37.8651
2011-05-23,36.9886
2011-05-24,37.2015
2011-05-25,37.4394
2011-05-26,37.7900
2011-05-27,38.0655
2011-05-31,38.8544
2011-06-01,37.9340
2011-06-02,38.1281
2011-06-03,38.1469
2011-06-06,37.6523
2011-06-07,37.9966
2011-06-08,37.5083
2011-06-09,37.8965
2011-06-10,37.0199
2011-06-13,37.0763
2011-06-14,37.7337
2011-06-15,36.4940
2011-06-16,36.3688
2011-06-17,36.7257
2011-06-20,36.6819
2011-06-21,37.4770
2011-06-22,37.1138
2011-06-23,36.7947
2011-06-24,36.4437
2011-06-27,36.7436
2011-06-28,37.1840
2011-06-29,37.8350
2011-06-30,38.3839
2011-07-01,38.8052
2011-07-05,38.5754
2011-07-06,38.3329
2011-07-07,38.6648
2011-07-08,38.1861
2011-07-11,37.0308
2011-07-12,36.7819
2011-07-13,37.3308
2011-07-14,37.0053
2011-07-15,37.1330
2011-07-18,36.5841
2011-07-19,37.1330
2011-07-20,37.5733
2011-07-21,38.3712
2011-07-22,38.4095
2011-07-25,38.1669
2011-07-26,38.3967
2011-07-27,37.4649
2011-07-28,37.3755
2011-07-29,37.4712
2011-08-01,36.9989
2011-08-02,36.0224
2011-08-03,36.2330
2011-08-04,33.7056
2011-08-05,34.2992
2011-08-08,31.7398
2011-08-09,33.8779
2011-08-10,31.8547
2011-08-11,33.3801
2011-08-12,33.7630
2011-08-15,34.5481
2011-08-16,34.0439
2011-08-17,34.2417
2011-08-18,32.5759
2011-08-19,32.0206
2011-08-22,32.2249
2011-08-23,33.2716
2011-08-24,33.2844
2011-08-25,32.4802
2011-08-26,32.9908
2011-08-29,33.7758
2011-08-30,33.5780
2011-08-31,34.1907
2011-09-01,33.7694
2011-09-02,33.0163
2011-09-06,31.9313
2011-09-07,32.8823
2011-09-08,32.2313
2011-09-09,31.1143
2011-09-12,30.9803
2011-09-13,31.3122
2011-09-14,31.7845
2011-09-15,32.4738
2011-09-16,32.4866
2011-09-19,31.5930
2011-09-20,31.7207
2011-09-21,30.7761
2011-09-22,29.7804
2011-09-23,30.1187
2011-09-26,30.7378
2011-09-27,31.4973
2011-09-28,30.9612
2011-09-29,31.5675
2011-09-30,30.4952
2011-10-03,29.6911
2011-10-04,30.1889
2011-10-05,30.6548
2011-10-06,31.4781
2011-10-07,31.2611
2011-10-10,32.4546
2011-10-11,32.3972
2011-10-12,32.8695
2011-10-13,32.8823
2011-10-14,33.2652
2011-10-17,32.4993
2011-10-18,32.9652
2011-10-19,32.3717
2011-10-20,32.4546
2011-10-21,33.2397
2011-10-24,33.7375
2011-10-25,33.1567
2011-10-26,33.6099
2011-10-27,35.4672
2011-10-28,35.2629
2011-10-31,33.4311
2011-11-01,32.3844
2011-11-02,32.6589
2011-11-03,33.4822
2011-11-04,33.0610
2011-11-07,33.2014
2011-11-08,33.6035
2011-11-09,31.8802
2011-11-10,32.2568
2011-11-11,33.0610
2011-11-14,32.4738
2011-11-15,32.3844
2011-11-16,31.7653
2011-11-17,31.4207
2011-11-18,31.5292
2011-11-21,30.7314
2011-11-22,30.6420
2011-11-23,29.7996
2011-11-25,29.6464
2011-11-28,30.9101
2011-11-29,31.1143
2011-11-30,32.7036
2011-12-01,32.4227
2011-12-02,32.4164
2011-12-05,32.7865
2011-12-06,32.6334
2011-12-07,32.8631
2011-12-08,31.7845
2011-12-09,32.5759
2011-12-12,31.6249
2011-12-13,31.1973
2011-12-14,30.8271
2011-12-15,30.9803
2011-12-16,30.8527
2011-12-19,30.5654
2011-12-20,31.6435
2011-12-21,31.4755
2011-12-22,31.7597
2011-12-23,31.9794
2011-12-27,31.8373
2011-12-28,31.2624
2011-12-29,31.8373
2011-12-30,31.9923
2012-01-03,32.8643
2012-01-04,32.6705
2012-01-05,32.1861
2012-01-06,31.7468
2012-01-09,31.8696
2012-01-10,32.3540
2012-01-11,32.2506
2012-01-12,32.3863
2012-01-13,32.0375
2012-01-17,32.4186
2012-01-18,32.9612
2012-01-19,33.3681
2012-01-20,33.5425
2012-01-23,33.6717
2012-01-24,33.4843
2012-01-25,33.8331
2012-01-26,33.8461
2012-01-27,33.9042
2012-01-30,33.5037
2012-01-31,33.6781
2012-02-01,34.2078
2012-02-02,34.2788
2012-02-03,34.8149
2012-02-06,34.6470
2012-02-07,34.8601
2012-02-08,34.9829
2012-02-09,35.0733
2012-02-10,34.4080
2012-02-13,34.8020
2012-02-14,34.5437
2012-02-15,34.5824
2012-02-16,35.0604
2012-02-17,35.2154
2012-02-21,35.2219
2012-02-22,35.1185
2012-02-23,35.4092
2012-02-24,35.6223
2012-02-27,35.4415
2012-02-28,35.7709
2012-02-29,35.3058
2012-03-01,35.7063
2012-03-02,35.3769
2012-03-05,35.1896
2012-03-06,34.0657
2012-03-07,34.4855
2012-03-08,35.2283
2012-03-09,35.1120
2012-03-12,35.0216
2012-03-13,35.5900
2012-03-14,35.2735
2012-03-15,35.6094
2012-03-16,35.8549
2012-03-19,36.0422
2012-03-20,35.6159
2012-03-21,35.3833
2012-03-22,35.1379
2012-03-23,35.3833
2012-03-26,35.8355
2012-03-27,35.6094
2012-03-28,35.3640
2012-03-29,35.1379
2012-03-30,35.4544
2012-04-02,35.8678
2012-04-03,35.2412
2012-04-04,34.4532
2012-04-05,34.2465
2012-04-09,34.0980
2012-04-10,33.3681
2012-04-11,33.8331
2012-04-12,34.4532
2012-04-13,33.7944
2012-04-16,34.0398
2012-04-17,34.5824
2012-04-18,34.4015
2012-04-19,34.1948
2012-04-20,34.5243
2012-04-23,33.8331
2012-04-24,34.1044
2012-04-25,34.5695
2012-04-26,34.7762
2012-04-27,34.9183
2012-04-30,34.7181
2012-05-01,34.8601
2012-05-02,34.5889
2012-05-03,34.2853
2012-05-04,33.7621
2012-05-07,34.0075
2012-05-08,33.4843
2012-05-09,33.0968
2012-05-10,33.2518
2012-05-11,33.0451
2012-05-14,32.4121
2012-05-15,32.0052
2012-05-16,31.6887
2012-05-17,31.3011
2012-05-18,31.0751
2012-05-21,31.7597
2012-05-22,31.6435
2012-05-23,31.3851
2012-05-24,31.1784
2012-05-25,31.0686
2012-05-29,31.4626
2012-05-30,30.7198
2012-05-31,30.8490
2012-06-01,30.0674
2012-06-04,30.3193
2012-06-05,30.5390
2012-06-06,31.3916
2012-06-07,31.4368
2012-06-08,31.3335
2012-06-11,31.0299
2012-06-12,31.5466
2012-06-13,31.2947
2012-06-14,31.5272
2012-06-15,31.9729
2012-06-18,31.8825
2012-06-19,32.4121
2012-06-20,32.5994
2012-06-21,31.7461
2012-06-22,32.0171
2012-06-25,31.3033
2012-06-26,31.5082
2012-06-27,31.8056
2012-06-28,31.8717
2012-06-29,33.0218
2012-07-02,33.2399
2012-07-03,33.5440
2012-07-05,32.9888
2012-07-06,32.6781
2012-07-09,32.6054
2012-07-10,32.3873
2012-07-11,32.4864
2012-07-12,32.1625
2012-07-13,32.6186
2012-07-16,32.6120
2012-07-17,32.7045
2012-07-18,32.9623
2012-07-19,33.2664
2012-07-20,32.4864
2012-07-23,31.8188
2012-07-24,31.4751
2012-07-25,31.6404
2012-07-26,32.6054
2012-07-27,33.2928
2012-07-30,33.2531
2012-07-31,33.0482
2012-08-01,33.0548
2012-08-02,32.5922
2012-08-03,33.7026
2012-08-06,33.9405
2012-08-07,34.2248
2012-08-08,34.2049
2012-08-09,34.2248
2012-08-10,34.2842
2012-08-13,34.1190
2012-08-14,34.1983
2012-08-15,34.0992
2012-08-16,34.5222
2012-08-17,34.5685
2012-08-20,34.5288
2012-08-21,34.7271
2012-08-22,34.6874
2012-08-23,34.4891
2012-08-24,34.4363
2012-08-27,34.4561
2012-08-28,34.4230
2012-08-29,34.3173
2012-08-30,33.8083
2012-08-31,34.1058
2012-09-04,33.9339
2012-09-05,33.8414
2012-09-06,34.6808
2012-09-07,35.2030
2012-09-10,34.9254
2012-09-11,35.3219
2012-09-12,35.5533
2012-09-13,36.0953
2012-09-14,36.4522
2012-09-17,36.2605
2012-09-18,36.1085
2012-09-19,36.2605
2012-09-20,36.0292
2012-09-21,36.0490
2012-09-24,35.9234
2012-09-25,35.6723
2012-09-26,35.3153
2012-09-27,35.7384
2012-09-28,35.0311
2012-10-01,35.3153
2012-10-02,35.4541
2012-10-03,35.3087
2012-10-04,35.7384
2012-10-05,35.7846
2012-10-08,35.5731
2012-10-09,35.0576
2012-10-10,34.9584
2012-10-11,35.1831
2012-10-12,35.1435
2012-10-15,35.4872
2012-10-16,36.0755
2012-10-17,36.4125
2012-10-18,36.2737
2012-10-19,35.7846
2012-10-22,36.0358
2012-10-23,35.2625
2012-10-24,35.2823
2012-10-25,35.4938
2012-10-26,35.4409
2012-10-31,35.4145
2012-11-01,35.8309
2012-11-02,35.4872
2012-11-05,35.4013
2012-11-06,35.7384
2012-11-07,35.2030
2012-11-08,34.8857
2012-11-09,34.8989
2012-11-12,34.8725
2012-11-13,34.7007
2012-11-14,34.3371
2012-11-15,34.4495
2012-11-16,34.4297
2012-11-19,35.1765
2012-11-20,35.2294
2012-11-21,35.2889
2012-11-23,36.0490
2012-11-26,35.9631
2012-11-27,35.7846
2012-11-28,36.0424
2012-11-29,36.3531
2012-11-30,36.3993
2012-12-03,36.4456
2012-12-04,36.5381
2012-12-05,36.5910
2012-12-06,36.6637
2012-12-07,36.6769
2012-12-10,36.7166
2012-12-11,36.9281
2012-12-12,37.0471
2012-12-13,36.9347
2012-12-14,37.0669
2012-12-17,37.2189
2012-12-18,37.6065
2012-12-19,37.7401
2012-12-20,37.9940
2012-12-21,37.7602
2012-12-24,37.6599
2012-12-26,37.6533
2012-12-27,37.8270
2012-12-28,37.4261
2012-12-31,37.9940
2013-01-02,38.5821
2013-01-03,38.2079
2013-01-04,38.4016
2013-01-07,38.2346
2013-01-08,38.0208
2013-01-09,38.2145
2013-01-10,38.7023
2013-01-11,38.7825
2013-01-14,38.8293
2013-01-15,38.7692
2013-01-16,38.5821
2013-01-17,38.8961
2013-01-18,38.8560
2013-01-22,38.8761
2013-01-23,38.8360
2013-01-24,39.0231
2013-01-25,39.4440
2013-01-28,39.2503
2013-01-29,39.5176
2013-01-30,39.5576
2013-01-31,39.4106
2013-02-01,39.7247
2013-02-04,39.0097
2013-02-05,39.1901
2013-02-06,39.1834
2013-02-07,38.8627
2013-02-08,39.1099
2013-02-11,39.0699
2013-02-12,39.2636
2013-02-13,39.3572
2013-02-14,39.1433
2013-02-15,39.0431
2013-02-19,39.5042
2013-02-20,39.1166
2013-02-21,38.5286
2013-02-22,39.0832
2013-02-25,38.1477
2013-02-26,38.4551
2013-02-27,38.9429
2013-02-28,38.9028
2013-03-01,38.8226
2013-03-04,38.9897
2013-03-05,39.3772
2013-03-06,39.4775
2013-03-07,39.5910
2013-03-08,39.6779
2013-03-11,39.7982
2013-03-12,39.5977
2013-03-13,39.5376
2013-03-14,39.9251
2013-03-15,40.0053
2013-03-18,39.5643
2013-03-19,39.4440
2013-03-20,39.6846
2013-03-21,39.3238
2013-03-22,39.6645
2013-03-25,39.1701
2013-03-26,39.4173
2013-03-27,39.2235
2013-03-28,39.4106
2013-04-01,38.8828
2013-04-02,39.2970
2013-04-03,39.1033
2013-04-04,39.4507
2013-04-05,39.2703
2013-04-08,39.4240
2013-04-09,39.5643
2013-04-10,40.1523
2013-04-11,40.4664
2013-04-12,40.3662
2013-04-15,39.5710
2013-04-16,40.1323
2013-04-17,39.2970
2013-04-18,39.1768
2013-04-19,39.4908
2013-04-22,39.6579
2013-04-23,40.2192
2013-04-24,40.5666
2013-04-25,40.7804
2013-04-26,40.8139
2013-04-29,41.3351
2013-04-30,41.3885
2013-05-01,41.1413
2013-05-02,41.2682
2013-05-03,41.7961
2013-05-06,41.7427
2013-05-07,41.8095
2013-05-08,42.2505
2013-05-09,41.8429
2013-05-10,41.8897
2013-05-13,41.8696
2013-05-14,41.9498
2013-05-15,42.1302
2013-05-16,41.8429
2013-05-17,42.1302
2013-05-20,42.3641
2013-05-21,42.4510
2013-05-22,42.0233
2013-05-23,41.4219
2013-05-24,41.0611
2013-05-28,41.1680
2013-05-29,40.7738
2013-05-30,40.9341
2013-05-31,40.1390
2013-06-03,40.2927
2013-06-04,40.4397
2013-06-05,39.5376
2013-06-06,39.7581
2013-06-07,40.2927
2013-06-10,40.3328
2013-06-11,39.8383
2013-06-12,39.7915
2013-06-13,40.3996
2013-06-14,39.9586
2013-06-17,40.5332
2013-06-18,40.8205
2013-06-19,40.0588
2013-06-20,38.5887
2013-06-21,38.7157
2013-06-24,38.1076
2013-06-25,38.5954
2013-06-26,38.7491
2013-06-27,39.1391
2013-06-28,39.0641
2013-07-01,39.4322
2013-07-02,39.2345
2013-07-03,39.2482
2013-07-05,39.4322
2013-07-08,39.6777
2013-07-09,39.8958
2013-07-10,40.0117
2013-07-11,41.0480
2013-07-12,40.7753
2013-07-15,41.0275
2013-07-16,41.0002
2013-07-17,41.1229
2013-07-18,41.3957
2013-07-19,41.3616
2013-07-22,41.5934
2013-07-23,41.6820
2013-07-24,41.6274
2013-07-25,41.7093
2013-07-26,41.4502
2013-07-29,41.0548
2013-07-30,41.0480
2013-07-31,41.1434
2013-08-01,41.7024
2013-08-02,42.0433
2013-08-05,41.9547
2013-08-06,41.8933
2013-08-07,41.7093
2013-08-08,42.0842
2013-08-09,42.1592
2013-08-12,42.0433
2013-08-13,42.3160
2013-08-14,42.3364
2013-08-15,41.9819
2013-08-16,42.0569
2013-08-19,41.7570
2013-08-20,41.7024
2013-08-21,41.2116
2013-08-22,41.6138
2013-08-23,41.9751
2013-08-26,41.6684
2013-08-27,40.9593
2013-08-28,40.9116
2013-08-29,40.8434
2013-08-30,40.3389
2013-09-03,41.1161
2013-09-04,41.4843
2013-09-05,41.4502
2013-09-06,41.6752
2013-09-09,42.2478
2013-09-10,42.7251
2013-09-11,42.8750
2013-09-12,42.6296
2013-09-13,42.8341
2013-09-16,43.1682
2013-09-17,43.1955
2013-09-18,44.3476
2013-09-19,44.1363
2013-09-20,43.8159
2013-09-23,43.8022
2013-09-24,43.7340
2013-09-25,43.7818
2013-09-26,43.9658
2013-09-27,43.8090
2013-09-30,43.4954
2013-10-01,43.7272
2013-10-02,43.7136
2013-10-03,43.4273
2013-10-04,43.5295
2013-10-07,43.0796
2013-10-08,42.7455
2013-10-09,42.9296
2013-10-10,43.6999
2013-10-11,43.9318
2013-10-14,44.0817
2013-10-15,43.8704
2013-10-16,44.1976
2013-10-17,44.7839
2013-10-18,45.0498
2013-10-21,45.1180
2013-10-22,45.5679
2013-10-23,45.1248
2013-10-24,45.4384
2013-10-25,45.3089
2013-10-28,45.2339
2013-10-29,45.3293
2013-10-30,45.1657
2013-10-31,44.9135
2013-11-01,44.6953
2013-11-04,44.9135
2013-11-05,44.5249
2013-11-06,44.9135
2013-11-07,44.2044
2013-11-08,44.4635
2013-11-11,44.5590
2013-11-12,44.4090
2013-11-13,44.5521
2013-11-14,44.7567
2013-11-15,45.1180
2013-11-18,45.1180
2013-11-19,45.0021
2013-11-20,44.6885
2013-11-21,44.9680
2013-11-22,45.0975
2013-11-25,44.9612
2013-11-26,44.9612
2013-11-27,45.0703
2013-11-29,45.1589
2013-12-02,44.8248
2013-12-03,44.5112
2013-12-04,44.2726
2013-12-05,44.0204
2013-12-06,44.5658
2013-12-09,44.5181
2013-12-10,44.4431
2013-12-11,44.0272
2013-12-12,43.7068
2013-12-13,43.6795
2013-12-16,43.9931
2013-12-17,43.8022
2013-12-18,44.4912
2013-12-19,44.4912
2013-12-20,44.7457
2013-12-23,45.2064
2013-12-24,45.2958
2013-12-26,45.5434
2013-12-27,45.7771
2013-12-30,45.9697
2013-12-31,46.1416
2014-01-02,45.3233
2014-01-03,45.3714
2014-01-06,45.3164
2014-01-07,45.5709
2014-01-08,45.5571
2014-01-09,45.5227
2014-01-10,45.9422
2014-01-13,45.5434
2014-01-14,45.9078
2014-01-15,46.1003
2014-01-16,46.0797
2014-01-17,45.9422
2014-01-21,46.1622
2014-01-22,46.1622
2014-01-23,45.8528
2014-01-24,44.5944
2014-01-27,44.3881
2014-01-28,44.7732
2014-01-29,44.2712
2014-01-30,44.4981
2014-01-31,43.7417
2014-02-03,42.8478
2014-02-04,43.3429
2014-02-05,43.4323
2014-02-06,44.2024
2014-02-07,44.7801
2014-02-10,44.6288
2014-02-11,45.3371
2014-02-12,45.4127
2014-02-13,45.5502
2014-02-14,45.7221
2014-02-18,46.1141
2014-02-19,45.8047
2014-02-20,45.9628
2014-02-21,46.0522
2014-02-24,46.4511
2014-02-25,46.3410
2014-02-26,46.1829
2014-02-27,46.3410
2014-02-28,46.4235
2014-03-03,45.4402
2014-03-04,46.3410
2014-03-05,46.2998
2014-03-06,46.7811
2014-03-07,46.5267
2014-03-10,46.2379
2014-03-11,45.9009
2014-03-12,45.7290
2014-03-13,44.8763
2014-03-14,44.7801
2014-03-17,45.3439
2014-03-18,45.6259
2014-03-19,45.0689
2014-03-20,44.8970
2014-03-21,44.8076
2014-03-24,44.9245
2014-03-25,45.4127
2014-03-26,45.4058
2014-03-27,45.6328
2014-03-28,45.9766
2014-03-31,46.2104
2014-04-01,46.5061
2014-04-02,46.5955
2014-04-03,46.4648
2014-04-04,46.3204
2014-04-07,46.1003
2014-04-08,46.0728
2014-04-09,46.6642
2014-04-10,45.8391
2014-04-11,45.5640
2014-04-14,45.8253
2014-04-15,45.6328
2014-04-16,46.1966
2014-04-17,46.4373
2014-04-21,46.4992
2014-04-22,46.6917
2014-04-23,46.5817
2014-04-24,46.5748
2014-04-25,46.3479
2014-04-28,46.4923
2014-04-29,46.7949
2014-04-30,46.9806
2014-05-01,47.1112
2014-05-02,47.0356
2014-05-05,47.0012
2014-05-06,46.9187
2014-05-07,46.9737
2014-05-08,46.9806
2014-05-09,46.9118
2014-05-12,47.2212
2014-05-13,47.2900
2014-05-14,47.2006
2014-05-15,46.9943
2014-05-16,47.0975
2014-05-19,47.0012
2014-05-20,46.7055
2014-05-21,47.0699
2014-05-22,47.1318
2014-05-23,47.2556
2014-05-27,47.5926
2014-05-28,47.4344
2014-05-29,47.7232
2014-05-30,47.7301
2014-06-02,47.8264
2014-06-03,47.7095
2014-06-04,47.6957
2014-06-05,48.0258
2014-06-06,48.2871
2014-06-09,48.2390
2014-06-10,48.1358
2014-06-11,47.8951
2014-06-12,47.9089
2014-06-13,47.9433
2014-06-16,47.9570
2014-06-17,47.9226
2014-06-18,48.3352
2014-06-19,48.5965
2014-06-20,48.5140
2014-06-23,48.3834
2014-06-24,48.0808
2014-06-25,48.0639
2014-06-26,48.0991
2014-06-27,48.1273
2014-06-30,48.1696
2014-07-01,48.5923
2014-07-02,48.6698
2014-07-03,48.7684
2014-07-07,48.3880
2014-07-08,47.8807
2014-07-09,48.0357
2014-07-10,47.5073
2014-07-11,47.5355
2014-07-14,47.8877
2014-07-15,47.7680
2014-07-16,48.0639
2014-07-17,47.4509
2014-07-18,47.8243
2014-07-21,47.6482
2014-07-22,47.8596
2014-07-23,47.9582
2014-07-24,48.0709
2014-07-25,47.8737
2014-07-28,47.8807
2014-07-29,47.7821
2014-07-30,47.7116
2014-07-31,46.9155
2014-08-01,46.5914
2014-08-04,46.8098
2014-08-05,46.2109
2014-08-06,46.0982
2014-08-07,45.7248
2014-08-08,45.9925
2014-08-11,46.1687
2014-08-12,46.1334
2014-08-13,46.3941
2014-08-14,46.6407
2014-08-15,46.5914
2014-08-18,46.8943
2014-08-19,47.0071
2014-08-20,46.8591
2014-08-21,47.0564
2014-08-22,46.8309
2014-08-25,47.1339
2014-08-26,47.1409
2014-08-27,47.2325
2014-08-28,47.0212
2014-08-29,47.0000
2014-09-02,47.0916
2014-09-03,47.4228
2014-09-04,47.1973
2014-09-05,47.2043
2014-09-08,46.7041
2014-09-09,46.5703
2014-09-10,46.8380
2014-09-11,46.5773
2014-09-12,46.5139
2014-09-15,46.4153
2014-09-16,46.6125
2014-09-17,46.2814
2014-09-18,46.6407
2014-09-19,46.4787
2014-09-22,46.2744
2014-09-23,45.8869
2014-09-24,46.1194
2014-09-25,45.4430
2014-09-26,45.6332
2014-09-29,45.2105
2014-09-30,45.1753
2014-10-01,44.6398
2014-10-02,44.1607
2014-10-03,44.1607
2014-10-06,44.4425
2014-10-07,43.6887
2014-10-08,44.3791
2014-10-09,43.1885
2014-10-10,42.5403
2014-10-13,42.4839
2014-10-14,42.5896
2014-10-15,42.3360
2014-10-16,41.9414
2014-10-17,42.7235
2014-10-20,42.9912
2014-10-21,43.5055
2014-10-22,43.1885
2014-10-23,43.6041
2014-10-24,43.8437
2014-10-27,43.5971
2014-10-28,44.2594
2014-10-29,43.9212
2014-10-30,44.2382
2014-10-31,45.0555
2014-11-03,44.6680
2014-11-04,44.4144
2014-11-05,44.4989
2014-11-06,44.2594
2014-11-07,44.2805
2014-11-10,44.4778
2014-11-11,44.7455
2014-11-12,44.3650
2014-11-13,44.5764
2014-11-14,44.6398
2014-11-17,44.4637
2014-11-18,44.9498
2014-11-19,44.8160
2014-11-20,44.5482
2014-11-21,44.9357
2014-11-24,45.1964
2014-11-25,45.2739
2014-11-26,45.4500
2014-11-28,45.0837
2014-12-01,45.0414
2014-12-02,45.1682
2014-12-03,45.1119
2014-12-04,44.9639
2014-12-05,45.0625
2014-12-08,44.6680
2014-12-09,44.4284
2014-12-10,43.8648
2014-12-11,43.8085
2014-12-12,42.9630
2014-12-15,42.2514
2014-12-16,42.5544
2014-12-17,43.0630
2014-12-18,43.8314
2014-12-19,43.8954
2014-12-22,44.1088
2014-12-23,43.9666
2014-12-24,44.1658
2014-12-26,44.2796
2014-12-29,43.9595
2014-12-30,43.5539
2014-12-31,43.2836
2015-01-02,43.0986
2015-01-05,42.0813
2015-01-06,41.6046
2015-01-07,42.0670
2015-01-08,42.6362
2015-01-09,42.4299
2015-01-12,42.3303
2015-01-13,42.5437
2015-01-14,42.4228
2015-01-15,42.6931
2015-01-16,43.2480
2015-01-20,43.3974
2015-01-21,43.7389
2015-01-22,43.9025
2015-01-23,43.6535
2015-01-26,44.2511
2015-01-27,44.3152
2015-01-28,43.6535
2015-01-29,44.2511
2015-01-30,43.5539
2015-02-02,44.0804
2015-02-03,44.7847
2015-02-04,44.4148
2015-02-05,45.0266
2015-02-06,44.4646
2015-02-09,44.2511
2015-02-10,44.6567
2015-02-11,44.4148
2015-02-12,45.1049
2015-02-13,45.4037
2015-02-17,45.5104
2015-02-18,45.7807
2015-02-19,45.8376
2015-02-20,46.2645
2015-02-23,46.1009
2015-02-24,46.3854
2015-02-25,46.4210
2015-02-26,46.2929
2015-02-27,46.3143
2015-03-02,46.3854
2015-03-03,46.1009
2015-03-04,45.9159
2015-03-05,46.0226
2015-03-06,45.3965
2015-03-09,45.4677
2015-03-10,44.4788
2015-03-11,44.5926
2015-03-12,45.1475
2015-03-13,44.8843
2015-03-16,45.3894
2015-03-17,45.2756
2015-03-18,46.2432
2015-03-19,45.7025
2015-03-20,46.7127
2015-03-23,46.9475
2015-03-24,46.8479
2015-03-25,46.6273
2015-03-26,46.2218
2015-03-27,46.3427
2015-03-30,46.3712
2015-03-31,45.6527
2015-04-01,45.9799
2015-04-02,46.3783
2015-04-06,46.8479
2015-04-07,46.7838
2015-04-08,46.9830
2015-04-09,47.0471
2015-04-10,47.1396
2015-04-13,46.8408
2015-04-14,47.1894
2015-04-15,47.4028
2015-04-16,47.5308
2015-04-17,46.9333
2015-04-20,46.9830
2015-04-21,47.4028
2015-04-22,47.4953
2015-04-23,47.6731
2015-04-24,47.9506
2015-04-27,48.1854
2015-04-28,48.2423
2015-04-29,47.8225
2015-04-30,47.3174
2015-05-01,47.8439
2015-05-04,47.7941
2015-05-05,47.0826
2015-05-06,47.2036
2015-05-07,47.0471
2015-05-08,48.1356
2015-05-11,47.7158
2015-05-12,47.6874
2015-05-13,48.0431
2015-05-14,48.6193
2015-05-15,48.6763
2015-05-18,48.5126
2015-05-19,48.3276
2015-05-20,48.4201
2015-05-21,48.6763
2015-05-22,48.3632
2015-05-26,47.4953
2015-05-27,47.9577
2015-05-28,47.8723
2015-05-29,47.4099
2015-06-01,47.2818
2015-06-02,47.5024
2015-06-03,47.7656
2015-06-04,47.2534
2015-06-05,46.6913
2015-06-08,46.6273
2015-06-09,46.3712
2015-06-10,47.3459
2015-06-11,47.4739
2015-06-12,47.0969
2015-06-15,46.8123
2015-06-16,46.7981
2015-06-17,46.6913
2015-06-18,47.1111
2015-06-19,46.9973
2015-06-22,47.8866
2015-06-23,48.0146
2015-06-24,47.6020
2015-06-25,47.5810
2015-06-26,47.5593
2015-06-29,46.0979
2015-06-30,45.9316
2015-07-01,46.2282
2015-07-02,46.2860
2015-07-06,45.3528
2015-07-07,45.3673
2015-07-08,44.3110
2015-07-09,45.0417
2015-07-10,46.5175
2015-07-13,46.6912
2015-07-14,47.0818
2015-07-15,46.9082
2015-07-16,47.3133
2015-07-17,47.2338
2015-07-20,47.3567
2015-07-21,47.2193
2015-07-22,46.8576
2015-07-23,46.7346
2015-07-24,46.2209
2015-07-27,45.8809
2015-07-28,46.4597
2015-07-29,46.6261
2015-07-30,46.5899
2015-07-31,46.8648
2015-08-03,46.7418
2015-08-04,46.7780
2015-08-05,47.0240
2015-08-06,46.8286
2015-08-07,46.7418
2015-08-10,47.3133
2015-08-11,46.5899
2015-08-12,46.2571
2015-08-13,46.2282
2015-08-14,46.3005
2015-08-17,46.2137
2015-08-18,45.8664
2015-08-19,45.4613
2015-08-20,44.3617
2015-08-21,43.3488
2015-08-24,41.8513
2015-08-25,42.2492
2015-08-26,43.2476
2015-08-27,43.7757
2015-08-28,43.7106
2015-08-31,43.3850
2015-09-01,41.9309
2015-09-02,42.5531
2015-09-03,42.6543
2015-09-04,41.6777
2015-09-08,42.9003
2015-09-09,42.7267
2015-09-10,43.0088
2015-09-11,43.0016
2015-09-14,42.6760
2015-09-15,42.9654
2015-09-16,43.6238
2015-09-17,43.6455
2015-09-18,42.5531
2015-09-21,42.5314
2015-09-22,41.5185
2015-09-23,41.3232
2015-09-24,41.2075
2015-09-25,41.5692
2015-09-28,40.7517
2015-09-29,40.6938
2015-09-30,41.4679
2015-10-01,41.5981
2015-10-02,42.3071
2015-10-05,43.1463
2015-10-06,43.1969
2015-10-07,43.7395
2015-10-08,44.0868
2015-10-09,44.1664
2015-10-12,44.0795
2015-10-13,43.5225
2015-10-14,43.6093
2015-10-15,44.3544
2015-10-16,44.3183
2015-10-19,44.1664
2015-10-20,43.9855
2015-10-21,43.9638
2015-10-22,44.4557
2015-10-23,44.8970
2015-10-26,44.7306
2015-10-27,44.3400
2015-10-28,44.6293
2015-10-29,44.3038
2015-10-30,44.2098
2015-11-02,44.6293
2015-11-03,44.6149
2015-11-04,44.3689
2015-11-05,44.2893
2015-11-06,44.0868
2015-11-09,43.6310
2015-11-10,43.6020
2015-11-11,43.8263
2015-11-12,43.2548
2015-11-13,42.8931
2015-11-16,43.4357
2015-11-17,43.5514
2015-11-18,43.9493
2015-11-19,44.1736
2015-11-20,44.0723
2015-11-23,43.7974
2015-11-24,43.8046
2015-11-25,43.9059
2015-11-27,43.9131
2015-11-30,43.8770
2015-12-01,44.3400
2015-12-02,43.8697
2015-12-03,43.6599
2015-12-04,44.0144
2015-12-07,43.7323
2015-12-08,43.0884
2015-12-09,42.8931
2015-12-10,42.9003
2015-12-11,42.0828
2015-12-14,42.1479
2015-12-15,42.3577
2015-12-16,43.2114
2015-12-17,42.6616
2015-12-18,42.2130
2015-12-21,42.4086
2015-12-22,42.7297
2015-12-23,43.4449
2015-12-24,43.3720
2015-12-28,43.2698
2015-12-29,43.7004
2015-12-30,43.4376
2015-12-31,42.8538
2016-01-04,42.1970
2016-01-05,42.1313
2016-01-06,41.4380
2016-01-07,40.5768
2016-01-08,40.0879
2016-01-11,40.2557
2016-01-12,40.4455
2016-01-13,39.8178
2016-01-14,40.3287
2016-01-15,38.8691
2016-01-19,39.2267
2016-01-20,38.3363
2016-01-21,38.6210
2016-01-22,39.7595
2016-01-25,39.2267
2016-01-26,39.9273
2016-01-27,39.6719
2016-01-28,39.7886
2016-01-29,40.4893
2016-02-01,40.4455
2016-02-02,39.5040
2016-02-03,39.8324
2016-02-04,39.8835
2016-02-05,39.2705
2016-02-08,38.5407
2016-02-09,38.0955
2016-02-10,38.0517
2016-02-11,37.4971
2016-02-12,38.1539
2016-02-16,38.9275
2016-02-17,39.5989
2016-02-18,39.3946
2016-02-19,39.3508
2016-02-22,39.7959
2016-02-23,39.1464
2016-02-24,39.0078
2016-02-25,39.4748
2016-02-26,39.3727
2016-02-29,39.1391
2016-03-01,40.1608
2016-03-02,40.4382
2016-03-03,40.8323
2016-03-04,41.1315
2016-03-07,41.0804
2016-03-08,40.6790
2016-03-09,40.8323
2016-03-10,40.7666
2016-03-11,41.8321
2016-03-14,41.7445
2016-03-15,41.3504
2016-03-16,41.7153
2016-03-17,42.0364
2016-03-18,41.9635
2016-03-21,41.8978
2016-03-22,41.8248
2016-03-23,41.4015
2016-03-24,41.1242
2016-03-28,41.3723
2016-03-29,41.8175
2016-03-30,42.1313
2016-03-31,41.7153
2016-04-01,41.2701
2016-04-04,41.1826
2016-04-05,40.3725
2016-04-06,41.0293
2016-04-07,40.4309
2016-04-08,41.2045
2016-04-11,41.2263
2016-04-12,41.8394
2016-04-13,42.5035
2016-04-14,42.6422
2016-04-15,42.5473
2016-04-18,42.9122
2016-04-19,43.6566
2016-04-20,43.6931
2016-04-21,43.4303
2016-04-22,43.4522
2016-04-25,43.2333
2016-04-26,43.3866
2016-04-27,43.4157
2016-04-28,42.8246
2016-04-29,42.6422
2016-05-02,43.0435
2016-05-03,42.3356
2016-05-04,41.8467
2016-05-05,41.7591
2016-05-06,41.8759
2016-05-09,41.7883
2016-05-10,42.3867
2016-05-11,42.0218
2016-05-12,42.0072
2016-05-13,41.5767
2016-05-16,42.0729
2016-05-17,41.7664
2016-05-18,41.7810
2016-05-19,41.4818
2016-05-20,41.8248
2016-05-23,41.6861
2016-05-24,42.2919
2016-05-25,42.7370
2016-05-26,42.8538
2016-05-27,42.8100
2016-05-31,42.6057
2016-06-01,42.5692
2016-06-02,42.5692
2016-06-03,42.8465
2016-06-06,43.0873
2016-06-07,43.4012
2016-06-08,43.4887
2016-06-09,42.9560
2016-06-10,41.7080
2016-06-13,41.1023
2016-06-14,40.4455
2016-06-15,40.7155
2016-06-16,40.8031
2016-06-17,41.2045
2016-06-20,42.2262
2016-06-21,42.5692
2016-06-22,42.5431
2016-06-23,43.7199
2016-06-24,39.9661
2016-06-27,39.1990
2016-06-28,40.2268
2016-06-29,40.9641
2016-06-30,41.5749
2016-07-01,41.5749
2016-07-05,40.7705
2016-07-06,40.6960
2016-07-07,40.5321
2016-07-08,41.1503
2016-07-11,41.7536
2016-07-12,42.3197
2016-07-13,42.2750
2016-07-14,42.6399
2016-07-15,42.4240
2016-07-18,42.5282
2016-07-19,42.1931
2016-07-20,42.5729
2016-07-21,42.4016
2016-07-22,42.4835
2016-07-25,42.4314
2016-07-26,42.6101
2016-07-27,42.7666
2016-07-28,42.7219
2016-07-29,43.2283
2016-08-01,42.9453
2016-08-02,42.7293
2016-08-03,42.5804
2016-08-04,42.8261
2016-08-05,43.0198
2016-08-08,43.1092
2016-08-09,43.4518
2016-08-10,43.6007
2016-08-11,43.9135
2016-08-12,43.8018
2016-08-15,43.9731
2016-08-16,43.9061
2016-08-17,43.8912
2016-08-18,44.1146
2016-08-19,43.7869
2016-08-22,43.8316
2016-08-23,44.0178
2016-08-24,43.9135
2016-08-25,43.7348
2016-08-26,43.4741
2016-08-29,43.6082
2016-08-30,43.5486
2016-08-31,43.4592
2016-09-01,43.7571
2016-09-02,44.2636
2016-09-06,44.5615
2016-09-07,44.5839
2016-09-08,44.4573
2016-09-09,43.5933
2016-09-12,43.9508
2016-09-13,43.0645
2016-09-14,43.0049
2016-09-15,43.3773
2016-09-16,42.8187
2016-09-19,43.0421
2016-09-20,43.3028
2016-09-21,44.0625
2016-09-22,44.5094
2016-09-23,44.1370
2016-09-26,43.7274
2016-09-27,43.9359
2016-09-28,44.2487
2016-09-29,43.6976
2016-09-30,44.0402
2016-10-03,43.9210
2016-10-04,43.9135
2016-10-05,44.0923
2016-10-06,43.8540
2016-10-07,43.6305
2016-10-10,43.7571
2016-10-11,43.1390
2016-10-12,43.0421
2016-10-13,42.8783
2016-10-14,42.9528
2016-10-17,42.8261
2016-10-18,43.2507
2016-10-19,43.3698
2016-10-20,43.4369
2016-10-21,43.3400
2016-10-24,43.3326
2016-10-25,43.3028
2016-10-26,43.1092
2016-10-27,43.0570
2016-10-28,43.0421
2016-10-31,43.0645
2016-11-01,42.8783
2016-11-02,42.5878
2016-11-03,42.5431
2016-11-04,42.1335
2016-11-07,42.7144
2016-11-08,42.8336
2016-11-09,42.8708
2016-11-10,42.7517
2016-11-11,42.4910
2016-11-14,42.2601
2016-11-15,42.4463
2016-11-16,41.9994
2016-11-17,42.3197
2016-11-18,41.8579
2016-11-21,42.2154
2016-11-22,42.3197
2016-11-23,42.1707
2016-11-25,42.2973
2016-11-28,42.0739
2016-11-29,42.3420
2016-11-30,42.2973
2016-12-01,42.1335
2016-12-02,42.2377
2016-12-05,42.6548
2016-12-06,42.9453
2016-12-07,43.5858
2016-12-08,43.5486
2016-12-09,43.7348
2016-12-12,43.5411
2016-12-13,44.0104
2016-12-14,43.3624
2016-12-15,43.2656
2016-12-16,43.2954
2016-12-19,43.2283
2016-12-20,43.3773
2016-12-21,43.3893
2016-12-22,43.2915
2016-12-23,43.4044
2016-12-27,43.3517
2016-12-28,43.1862
2016-12-29,43.2915
2016-12-30,43.4420
2017-01-03,43.7129
2017-01-04,44.2096
2017-01-05,44.5858
2017-01-06,44.4353
2017-01-09,44.3676
2017-01-10,44.3751
2017-01-11,44.6084
2017-01-12,44.6761
2017-01-13,44.8417
2017-01-17,44.6761
2017-01-18,44.5482
2017-01-19,44.4353
2017-01-20,44.6912
2017-01-23,44.8040
2017-01-24,44.9169
2017-01-25,45.3835
2017-01-26,45.2029
2017-01-27,45.1276
2017-01-30,44.8040
2017-01-31,44.8718
2017-02-01,45.0524
2017-02-02,45.0749
2017-02-03,45.2555
2017-02-06,44.9320
2017-02-07,44.8868
2017-02-08,44.9621
2017-02-09,45.1502
2017-02-10,45.2555
2017-02-13,45.4361
2017-02-14,45.3684
2017-02-15,45.5415
2017-02-16,45.6468
2017-02-17,45.5264
2017-02-21,45.6769
2017-02-22,45.6769
2017-02-23,45.7748
2017-02-24,45.4437
2017-02-27,45.4738
2017-02-28,45.4060
2017-03-01,45.8801
2017-03-02,45.5791
2017-03-03,45.8500
2017-03-06,45.7070
2017-03-07,45.5490
2017-03-08,45.3835
2017-03-09,45.5565
2017-03-10,45.9403
2017-03-13,46.1811
2017-03-14,45.8274
2017-03-15,46.4821
2017-03-16,46.7079
2017-03-17,46.8283
2017-03-20,46.7304
2017-03-21,46.5197
2017-03-22,46.5273
2017-03-23,46.6326
2017-03-24,46.7605
2017-03-27,46.8809
2017-03-28,47.1067
2017-03-29,47.1067
2017-03-30,46.9411
2017-03-31,46.8734
2017-04-03,46.8057
2017-04-04,46.7906
2017-04-05,46.5423
2017-04-06,46.5498
2017-04-07,46.5197
2017-04-10,46.4671
2017-04-11,46.6853
2017-04-12,46.6477
2017-04-13,46.3467
2017-04-17,46.6326
2017-04-18,46.4219
2017-04-19,46.2338
2017-04-20,46.6025
2017-04-21,46.6326
2017-04-24,47.8140
2017-04-25,48.1527
2017-04-26,48.0172
2017-04-27,48.0624
2017-04-28,48.0097
2017-05-01,48.2054
2017-05-02,48.4537
2017-05-03,48.3559
2017-05-04,48.8149
2017-05-05,49.3567
2017-05-08,48.9880
2017-05-09,48.8676
2017-05-10,48.9428
2017-05-11,48.8224
2017-05-12,49.0933
2017-05-15,49.3416
2017-05-16,49.6577
2017-05-17,49.0933
2017-05-18,49.1761
2017-05-19,49.7480
2017-05-22,49.8082
2017-05-23,49.8157
2017-05-24,49.8458
2017-05-25,49.8458
2017-05-26,49.7028
2017-05-30,49.6502
2017-05-31,49.7104
2017-06-01,50.0339
2017-06-02,50.5833
2017-06-05,50.3048
2017-06-06,50.1619
2017-06-07,50.1769
2017-06-08,50.0866
2017-06-09,49.8985
2017-06-12,49.7104
2017-06-13,50.0941
2017-06-14,50.0565
2017-06-15,49.5373
2017-06-16,49.9587
2017-06-19,50.1619
2017-06-20,49.7581
2017-06-21,49.6969
2017-06-22,49.6893
2017-06-23,49.8116
2017-06-26,49.8957
2017-06-27,49.8881
2017-06-28,50.3240
2017-06-29,49.8269
2017-06-30,49.8575
2017-07-03,49.7963
2017-07-05,49.7963
2017-07-06,49.5746
2017-07-07,49.5822
2017-07-10,49.7046
2017-07-11,49.8193
2017-07-12,50.2169
2017-07-13,50.3622
2017-07-14,50.7140
2017-07-17,50.6146
2017-07-18,50.6604
2017-07-19,50.8822
2017-07-20,51.0887
2017-07-21,50.8898
2017-07-24,50.7522
2017-07-25,50.8210
2017-07-26,51.1345
2017-07-27,51.0198
2017-07-28,51.0734
2017-07-31,51.1804
2017-08-01,51.4634
2017-08-02,51.4863
2017-08-03,51.5169
2017-08-04,51.5857
2017-08-07,51.6086
2017-08-08,51.3334
2017-08-09,51.2492
2017-08-10,50.5228
2017-08-11,50.4310
2017-08-14,50.7981
2017-08-15,50.7598
2017-08-16,51.0504
2017-08-17,50.4769
2017-08-18,50.6146
2017-08-21,50.5993
2017-08-22,50.8440
2017-08-23,50.8516
2017-08-24,50.7369
2017-08-25,51.0428
2017-08-28,51.0428
2017-08-29,50.8363
2017-08-30,50.7675
2017-08-31,51.1575
2017-09-01,51.2263
2017-09-05,50.8822
2017-09-06,51.1957
2017-09-07,51.6163
2017-09-08,51.6239
2017-09-11,52.0292
2017-09-12,52.1898
2017-09-13,51.9069
2017-09-14,51.9986
2017-09-15,52.0445
2017-09-18,52.1133
2017-09-19,52.3580
2017-09-20,52.2433
2017-09-21,52.1363
2017-09-22,52.2969
2017-09-25,51.9986
2017-09-26,51.8839
2017-09-27,51.9222
2017-09-28,52.0598
2017-09-29,52.3657
2017-10-02,52.3198
2017-10-03,52.4957
2017-10-04,52.3963
2017-10-05,52.3657
2017-10-06,52.3275
2017-10-09,52.3427
2017-10-10,52.8398
2017-10-11,52.9698
2017-10-12,52.9239
2017-10-13,53.1992
2017-10-16,53.1610
2017-10-17,53.0233
2017-10-18,53.1763
2017-10-19,53.0921
2017-10-20,53.0233
2017-10-23,52.9086
2017-10-24,52.9927
2017-10-25,52.7863
2017-10-26,52.7786
2017-10-27,52.9010
2017-10-30,53.0233
2017-10-31,53.2451
2017-11-01,53.2986
2017-11-02,53.4592
2017-11-03,53.3751
2017-11-06,53.4515
2017-11-07,53.2527
2017-11-08,53.4286
2017-11-09,53.1227
2017-11-10,52.9774
2017-11-13,52.7557
2017-11-14,52.7174
2017-11-15,52.4651
2017-11-16,52.8857
2017-11-17,52.6945
2017-11-20,52.8092
2017-11-21,53.2068
2017-11-22,53.3521
2017-11-24,53.7880
2017-11-27,53.4668
2017-11-28,53.7727
2017-11-29,53.5586
2017-11-30,53.6121
2017-12-01,53.3980
2017-12-04,53.2068
2017-12-05,53.0921
2017-12-06,52.9851
2017-12-07,53.1227
2017-12-08,53.4056
2017-12-11,53.5433
2017-12-12,53.6121
2017-12-13,53.8186
2017-12-14,53.5204
2017-12-15,53.5051
2017-12-18,54.1398
2017-12-19,53.9412
2017-12-20,53.8484
2017-12-21,54.0416
2017-12-22,54.1807
2017-12-26,54.1653
2017-12-27,54.2657
2017-12-28,54.2966
2017-12-29,54.3353
2018-01-02,54.7371
2018-01-03,54.9999
2018-01-04,55.6027
2018-01-05,55.9118
2018-01-08,55.8963
2018-01-09,55.9581
2018-01-10,55.8500
2018-01-11,56.2363
2018-01-12,56.8005
2018-01-16,56.7464
2018-01-17,57.0401
2018-01-18,56.9705
2018-01-19,57.2874
2018-01-22,57.5810
2018-01-23,57.7665
2018-01-24,57.8669
2018-01-25,57.6428
2018-01-26,58.1529
2018-01-29,57.6197
2018-01-30,57.1405
2018-01-31,57.0632
2018-02-01,57.2255
2018-02-02,56.0663
2018-02-05,53.7170
2018-02-06,54.7758
2018-02-07,54.1962
2018-02-08,52.7820
2018-02-09,53.0061
2018-02-12,53.8175
2018-02-13,53.6552
2018-02-14,54.6058
2018-02-15,54.9458
2018-02-16,55.1931
2018-02-20,54.6753
2018-02-21,54.4126
2018-02-22,54.6985
2018-02-23,55.1312
2018-02-26,55.6490
2018-02-27,54.8221
2018-02-28,54.3044
2018-03-01,53.3925
2018-03-02,53.6475
2018-03-05,53.9334
2018-03-06,54.2503
2018-03-07,54.2348
2018-03-08,54.3507
2018-03-09,54.6985
2018-03-12,54.7603
2018-03-13,54.3971
2018-03-14,54.5285
2018-03-15,54.4975
2018-03-16,54.4589
2018-03-19,54.0184
2018-03-20,54.0107
2018-03-21,54.0957
2018-03-22,53.0911
2018-03-23,52.5037
2018-03-26,53.4466
2018-03-27,53.0524
2018-03-28,53.3616
2018-03-29,53.8484
2018-04-02,53.1065
2018-04-03,53.4466
2018-04-04,53.6320
2018-04-05,53.9875
2018-04-06,53.6320
2018-04-09,54.0725
2018-04-10,54.6521
2018-04-11,54.4435
2018-04-12,54.6521
2018-04-13,54.7062
2018-04-16,54.7912
2018-04-17,55.0385
2018-04-18,55.3245
2018-04-19,55.1158
2018-04-20,54.9071
2018-04-23,54.8376
2018-04-24,54.6135
2018-04-25,54.5208
2018-04-26,54.7912
2018-04-27,54.8453
2018-04-30,54.6676
2018-05-01,54.4744
2018-05-02,54.4512
2018-05-03,54.6212
2018-05-04,54.8144
2018-05-07,54.8221
2018-05-08,54.8299
2018-05-09,54.9613
2018-05-10,55.3167
2018-05-11,55.4636
2018-05-14,55.5640
2018-05-15,55.1622
2018-05-16,55.2394
2018-05-17,55.3245
2018-05-18,55.1235
2018-05-21,55.4713
2018-05-22,55.4017
2018-05-23,54.7912
2018-05-24,54.6212
2018-05-25,54.2657
2018-05-29,53.1606
2018-05-30,53.9720
2018-05-31,53.6320
2018-06-01,54.0957
2018-06-04,54.2580
2018-06-05,54.1730
2018-06-06,54.6599
2018-06-07,54.3507
2018-06-08,54.4126
2018-06-11,54.7603
2018-06-12,54.4126
2018-06-13,54.4898
2018-06-14,54.3739
2018-06-15,54.0957
2018-06-18,53.7093
2018-06-19,53.2159
2018-06-20,53.2553
2018-06-21,52.8770
2018-06-22,53.4366
2018-06-25,52.6957
2018-06-26,52.7903
2018-06-27,52.2938
2018-06-28,52.4908
2018-06-29,52.7825
2018-07-02,52.3017
2018-07-03,52.4593
2018-07-05,52.9795
2018-07-06,53.2632
2018-07-09,53.7755
2018-07-10,53.7519
2018-07-11,52.8534
2018-07-12,53.2632
2018-07-13,53.4287
2018-07-16,53.4051
2018-07-17,53.4997
2018-07-18,53.5075
2018-07-19,53.3972
2018-07-20,53.6494
2018-07-23,53.6494
2018-07-24,53.9647
2018-07-25,54.3666
2018-07-26,54.1223
2018-07-27,54.2248
2018-07-30,54.2169
2018-07-31,54.2878
2018-08-01,54.0120
2018-08-02,53.6573
2018-08-03,53.6888
2018-08-06,53.4603
2018-08-07,53.8780
2018-08-08,53.8307
2018-08-09,53.6731
2018-08-10,52.6012
2018-08-13,52.4120
2018-08-14,52.4041
2018-08-15,51.6475
2018-08-16,52.0101
2018-08-17,52.3174
2018-08-20,52.6012
2018-08-21,52.9243
2018-08-22,53.1292
2018-08-23,52.7509
2018-08-24,53.0583
2018-08-27,53.7676
2018-08-28,53.7203
2018-08-29,54.0120
2018-08-30,53.4997
2018-08-31,53.0741
2018-09-04,52.6248
2018-09-05,52.1440
2018-09-06,51.9864
2018-09-07,51.5687
2018-09-10,51.8840
2018-09-11,51.9312
2018-09-12,52.1519
2018-09-13,52.5381
2018-09-14,52.6169
2018-09-17,52.6642
2018-09-18,53.2159
2018-09-19,53.4051
2018-09-20,54.0671
2018-09-21,54.0908
2018-09-24,53.8465
2018-09-25,54.1144
2018-09-26,54.1381
2018-09-27,54.0277
2018-09-28,53.5864
2018-10-01,53.6494
2018-10-02,53.3736
2018-10-03,53.2790
2018-10-04,52.6563
2018-10-05,52.3411
2018-10-08,52.0889
2018-10-09,51.9549
2018-10-10,50.8515
2018-10-11,50.1421
2018-10-12,50.3234
2018-10-15,50.2052
2018-10-16,51.0643
2018-10-17,50.7727
2018-10-18,49.9530
2018-10-19,50.2367
2018-10-22,50.0160
2018-10-23,49.5431
2018-10-24,48.1402
2018-10-25,48.7471
2018-10-26,48.4161
2018-10-29,48.2821
2018-10-30,48.8653
2018-10-31,49.2279
2018-11-01,49.8584
2018-11-02,49.9293
2018-11-05,49.9293
2018-11-06,50.1343
2018-11-07,50.8042
2018-11-08,50.3077
2018-11-09,49.9766
2018-11-12,49.1570
2018-11-13,49.3698
2018-11-14,49.4092
2018-11-15,49.5668
2018-11-16,49.6220
2018-11-19,49.1885
2018-11-20,48.3373
2018-11-21,49.0151
2018-11-23,48.6919
2018-11-26,49.4249
2018-11-27,49.2358
2018-11-28,49.9372
2018-11-29,49.6850
2018-11-30,49.4722
2018-12-03,50.1264
2018-12-04,48.8259
2018-12-06,48.3688
2018-12-07,47.8802
2018-12-10,47.5097
2018-12-11,47.6595
2018-12-12,48.3609
2018-12-13,48.2742
2018-12-14,47.6516
2018-12-17,47.2733
2018-12-18,47.3115
2018-12-19,46.8574
2018-12-20,46.6662
2018-12-21,45.8537
2018-12-24,45.3200
2018-12-26,46.3715
2018-12-27,46.5069
2018-12-28,46.7539
2018-12-31,46.8256
2019-01-02,46.7300
2019-01-03,46.3078
2019-01-04,47.7258
2019-01-07,47.9090
2019-01-08,48.2197
2019-01-09,48.7614
2019-01-10,48.9526
2019-01-11,48.6180
2019-01-14,48.3949
2019-01-15,48.6498
2019-01-16,48.7853
2019-01-17,48.9605
2019-01-18,49.4544
2019-01-22,48.6897
2019-01-23,48.9127
2019-01-24,48.9685
2019-01-25,49.5261
2019-01-28,49.2553
2019-01-29,49.3668
2019-01-30,49.9085
2019-01-31,49.9324
2019-02-01,49.9165
2019-02-04,50.0997
2019-02-05,50.4900
2019-02-06,50.2351
2019-02-07,49.5660
2019-02-08,49.4066
2019-02-11,49.3588
2019-02-12,49.9324
2019-02-13,49.9404
2019-02-14,49.9563
2019-02-15,50.6812
2019-02-19,50.8724
2019-02-20,51.0158
2019-02-21,50.9123
2019-02-22,51.0795
2019-02-25,51.2309
2019-02-26,51.4779
2019-02-27,51.2707
2019-02-28,51.1990
2019-03-01,51.4779
2019-03-04,51.2867
2019-03-05,51.3345
2019-03-06,51.2070
2019-03-07,50.5538
2019-03-08,50.5617
2019-03-11,50.9999
2019-03-12,50.9680
2019-03-13,51.4062
2019-03-14,51.3982
2019-03-15,51.9558
2019-03-18,52.1391
2019-03-19,52.2426
2019-03-20,52.2665
2019-03-21,52.2346
2019-03-22,51.2309
2019-03-25,51.3026
2019-03-26,51.5575
2019-03-27,51.5814
2019-03-28,51.4540
2019-03-29,51.6690
2019-04-01,52.3302
2019-04-02,52.3462
2019-04-03,52.7525
2019-04-04,52.6409
2019-04-05,52.7764
2019-04-08,52.8082
2019-04-09,52.4736
2019-04-10,52.6728
2019-04-11,52.5613
2019-04-12,52.9277
2019-04-15,52.9516
2019-04-16,52.9914
2019-04-17,53.1428
2019-04-18,53.1109
2019-04-22,53.0233
2019-04-23,53.1269
2019-04-24,52.7604
2019-04-25,52.7206
2019-04-26,52.9357
2019-04-29,53.1508
2019-04-30,53.1826
2019-05-01,52.8799
2019-05-02,52.8003
2019-05-03,53.3659
2019-05-06,52.7604
2019-05-07,51.8363
2019-05-08,51.9001
2019-05-09,51.6611
2019-05-10,52.0435
2019-05-13,50.8326
2019-05-14,51.3424
2019-05-15,51.5257
2019-05-16,51.9399
2019-05-17,51.5973
2019-05-20,51.3902
2019-05-21,51.7328
2019-05-22,51.5257
2019-05-23,51.0556
2019-05-24,51.6053
2019-05-28,51.1034
2019-05-29,50.7768
2019-05-30,50.9680
2019-05-31,50.5060
2019-06-03,50.8007
2019-06-04,51.3823
2019-06-05,51.3663
2019-06-06,51.5734
2019-06-07,52.2267
2019-06-10,52.3701
2019-06-11,52.6330
2019-06-12,52.2426
2019-06-13,52.2904
2019-06-14,51.9080
2019-06-17,51.9455
2019-06-18,52.6372
2019-06-19,52.9627
2019-06-20,53.4266
2019-06-21,53.1987
2019-06-24,53.3127
2019-06-25,52.9953
2019-06-26,53.0604
2019-06-27,53.1906
2019-06-28,53.4917
2019-07-01,53.7440
2019-07-02,53.8986
2019-07-03,54.2648
2019-07-05,53.8498
2019-07-08,53.5405
2019-07-09,53.3127
2019-07-10,53.4998
2019-07-11,53.4836
2019-07-12,53.5487
2019-07-15,53.5975
2019-07-16,53.3778
2019-07-17,53.3045
2019-07-18,53.4673
2019-07-19,53.3127
2019-07-22,53.3696
2019-07-23,53.7033
2019-07-24,53.7440
2019-07-25,53.1987
2019-07-26,53.3045
2019-07-29,53.4185
2019-07-30,52.8000
2019-07-31,52.4500
2019-08-01,52.3035
2019-08-02,51.8397
2019-08-05,50.5457
2019-08-06,50.8875
2019-08-07,51.0828
2019-08-08,51.5793
2019-08-09,51.2212
2019-08-12,50.8143
2019-08-13,51.2944
2019-08-14,49.8865
2019-08-15,50.0574
2019-08-16,50.6597
2019-08-19,50.9689
2019-08-20,50.7980
2019-08-21,51.1561
2019-08-22,51.0584
2019-08-23,50.4236
2019-08-26,50.8387
2019-08-27,50.7980
2019-08-28,50.7980
2019-08-29,51.2374
2019-08-30,51.4409
2019-09-03,51.3432
2019-09-04,52.0675
2019-09-05,52.3442
2019-09-06,52.5151
2019-09-09,52.6698
2019-09-10,52.7593
2019-09-11,53.0523
2019-09-12,53.3615
2019-09-13,53.6626
2019-09-16,53.1825
2019-09-17,53.3615
2019-09-18,53.2964
2019-09-19,53.4754
2019-09-20,53.3534
2019-09-23,53.2150
2019-09-24,53.0116
2019-09-25,52.8569
2019-09-26,53.0523
2019-09-27,52.8732
2019-09-30,53.0685
2019-10-01,52.5477
2019-10-02,51.4735
2019-10-03,51.8153
2019-10-04,52.2222
2019-10-07,52.1571
2019-10-08,51.6688
2019-10-09,52.0431
2019-10-10,52.4093
2019-10-11,53.3452
2019-10-14,53.1255
2019-10-15,53.7440
2019-10-16,53.8254
2019-10-17,53.9556
2019-10-18,53.9312
2019-10-21,54.2241
2019-10-22,54.0939
2019-10-23,54.3869
2019-10-24,54.4846
2019-10-25,54.5415
2019-10-28,54.7857
2019-10-29,54.7694
2019-10-30,54.9973
2019-10-31,54.8671
2019-11-01,55.3553
2019-11-04,55.6402
2019-11-05,55.5344
2019-11-06,55.5100
2019-11-07,55.6809
2019-11-08,55.6483
2019-11-11,55.5751
2019-11-12,55.5995
2019-11-13,55.4042
2019-11-14,55.2495
2019-11-15,55.5995
2019-11-18,55.6646
2019-11-19,55.5913
2019-11-20,55.2414
2019-11-21,55.1682
2019-11-22,55.3228
2019-11-25,55.7622
2019-11-26,55.7297
2019-11-27,55.8762
2019-11-29,55.4855
2019-12-02,55.2007
2019-12-03,54.9973
2019-12-04,55.5018
2019-12-05,55.3960
2019-12-06,55.9006
2019-12-09,55.6076
2019-12-10,55.6320
2019-12-11,55.9250
2019-12-12,56.2993
2019-12-13,56.6900
2019-12-16,57.2957
2019-12-17,56.9665
2019-12-18,56.8924
2019-12-19,56.8924
2019-12-20,56.9336
2019-12-23,57.0241
2019-12-24,56.9665
2019-12-26,57.2134
2019-12-27,57.3122
2019-12-30,56.8842
2019-12-31,57.1476
2020-01-02,57.7236
2020-01-03,57.0076
2020-01-06,57.2299
2020-01-07,57.0735
2020-01-08,57.2381
2020-01-09,57.3698
2020-01-10,57.1558
2020-01-13,57.4521
2020-01-14,57.5097
2020-01-15,57.5097
2020-01-16,57.7483
2020-01-17,57.9211
2020-01-21,57.4603
2020-01-22,57.5755
2020-01-23,57.4356
2020-01-24,57.1887
2020-01-27,56.0036
2020-01-28,56.5303
2020-01-29,56.5385
2020-01-30,56.4892
2020-01-31,55.5345
2020-02-03,55.6662
2020-02-04,56.5962
2020-02-05,57.1393
2020-02-06,57.2957
2020-02-07,56.7525
2020-02-10,56.8677
2020-02-11,57.2545
2020-02-12,57.4521
2020-02-13,57.0488
2020-02-14,56.9500
2020-02-18,56.5879
2020-02-19,56.7772
2020-02-20,56.4398
2020-02-21,56.1764
2020-02-24,53.9297
2020-02-25,53.0409
2020-02-26,53.1067
2020-02-27,51.5348
2020-02-28,51.2221
2020-03-02,51.8805
2020-03-03,51.4608
2020-03-04,52.9998
2020-03-05,51.5925
2020-03-06,50.8189
2020-03-09,46.8768
2020-03-10,48.6051
2020-03-11,46.1279
2020-03-12,41.0583
2020-03-13,43.5437
2020-03-16,39.0503
2020-03-17,40.9514
2020-03-18,38.6059
2020-03-19,39.2066
2020-03-20,38.7211
2020-03-23,38.2685
2020-03-24,41.5110
2020-03-25,42.8607
2020-03-26,44.7782
2020-03-27,43.5026
2020-03-30,44.3832
2020-03-31,43.9964
2020-04-01,42.0459
2020-04-02,42.8689
2020-04-03,41.8895
2020-04-06,44.1116
2020-04-07,44.3585
2020-04-08,44.7206
2020-04-09,45.7329
2020-04-13,45.2967
2020-04-14,46.1032
2020-04-15,44.6630
2020-04-16,44.6877
2020-04-17,45.8728
2020-04-20,45.1897
2020-04-21,44.3091
2020-04-22,45.0580
2020-04-23,44.9181
2020-04-24,45.4366
2020-04-27,46.0374
2020-04-28,46.3830
2020-04-29,47.5434
2020-04-30,46.5558
2020-05-01,45.5436
2020-05-04,45.5271
2020-05-05,45.6094
2020-05-06,45.3131
2020-05-07,45.9962
2020-05-08,46.7780
2020-05-11,46.7369
2020-05-12,46.1443
2020-05-13,45.7905
2020-05-14,45.3543
2020-05-15,45.3954
2020-05-18,47.2307
2020-05-19,46.5805
2020-05-20,47.5516
2020-05-21,47.0002
2020-05-22,46.8686
2020-05-26,48.2100
2020-05-27,48.7943
2020-05-28,49.2552
2020-05-29,49.0824
2020-06-01,50.1769
2020-06-02,50.6460
2020-06-03,51.8558
2020-06-04,51.6336
2020-06-05,52.5224
2020-06-08,53.2055
2020-06-09,52.5142
2020-06-10,52.3990
2020-06-11,49.5926
2020-06-12,50.4485
2020-06-15,50.6555
2020-06-16,51.2815
2020-06-17,51.4735
2020-06-18,51.1980
2020-06-19,50.9476
2020-06-22,51.5569
2020-06-23,51.8407
2020-06-24,50.5136
2020-06-25,51.2314
2020-06-26,50.4886
2020-06-29,50.8976
2020-06-30,50.8058
2020-07-01,50.9977
2020-07-02,51.5569
2020-07-06,52.3999
2020-07-07,51.6321
2020-07-08,52.0661
2020-07-09,51.4735
2020-07-10,52.0244
2020-07-13,51.6905
2020-07-14,52.4500
2020-07-15,53.0426
2020-07-16,52.7004
2020-07-17,53.0093
2020-07-20,53.2680
2020-07-21,53.3765
2020-07-22,53.5184
2020-07-23,53.0927
2020-07-24,52.8006
2020-07-27,53.4934
2020-07-28,53.1511
2020-07-29,53.7104
2020-07-30,52.9174
2020-07-31,51.7906
2020-08-03,52.8006
2020-08-04,53.0927
2020-08-05,53.2680
2020-08-06,53.3264
2020-08-07,53.1094
2020-08-10,53.2847
2020-08-11,53.4767
2020-08-12,54.6619
2020-08-13,54.4198
2020-08-14,54.0860
2020-08-17,54.4949
2020-08-18,54.4616
2020-08-19,54.2195
2020-08-20,54.0442
2020-08-21,53.7688
2020-08-24,54.4783
2020-08-25,54.5116
2020-08-26,54.8288
2020-08-27,54.2696
2020-08-28,54.6535
2020-08-31,54.2362
2020-09-01,54.2946
2020-09-02,55.0208
2020-09-03,53.7771
2020-09-04,53.8523
2020-09-08,53.1929
2020-09-09,54.1861
2020-09-10,53.5518
2020-09-11,54.0860
2020-09-14,54.3781
2020-09-15,54.7287
2020-09-16,54.7287
2020-09-17,54.8038
2020-09-18,54.3614
2020-09-21,52.9842
2020-09-22,52.9675
2020-09-23,52.5251
2020-09-24,52.4751
2020-09-25,52.6504
2020-09-28,53.4433
2020-09-29,53.3849
2020-09-30,53.1261
2020-10-01,53.4349
2020-10-02,53.3264
2020-10-05,54.1360
2020-10-06,53.5601
2020-10-07,54.0192
2020-10-08,54.3948
2020-10-09,54.8205
2020-10-12,55.1376
2020-10-13,54.5200
2020-10-14,54.4282
2020-10-15,53.7855
2020-10-16,54.0359
2020-10-19,53.8356
2020-10-20,54.1027
2020-10-21,53.8439
2020-10-22,53.8857
2020-10-23,54.2362
2020-10-26,53.2597
2020-10-27,52.8423
2020-10-28,51.2648
2020-10-29,51.5069
2020-10-30,51.2398
2020-11-02,51.9075
2020-11-03,53.2680
2020-11-04,53.8523
2020-11-05,55.1460
2020-11-06,55.2628
2020-11-09,56.8737
2020-11-10,57.3829
2020-11-11,57.8670
2020-11-12,57.0240
2020-11-13,57.9004
2020-11-16,58.5013
2020-11-17,58.4429
2020-11-18,58.1341
2020-11-19,58.5431
2020-11-20,58.7183
2020-11-23,58.6432
2020-11-24,59.5196
2020-11-25,59.4445
2020-11-27,59.8535
2020-11-30,58.5514
2020-12-01,59.9286
2020-12-02,59.9369
2020-12-03,60.0371
2020-12-04,60.5462
2020-12-07,60.0538
2020-12-08,60.2625
2020-12-09,60.3459
2020-12-10,60.4294
2020-12-11,60.2458
2020-12-14,60.2828
2020-12-15,60.8980
2020-12-16,61.1340
2020-12-17,61.5638
2020-12-18,61.2436
2020-12-21,60.4598
2020-12-22,60.3081
2020-12-23,60.9570
2020-12-24,60.9823
2020-12-28,61.4796
2020-12-29,61.8757
2020-12-30,61.9599
2020-12-31,61.4880
2021-01-04,61.8082
2021-01-05,62.4487
2021-01-06,63.1651
2021-01-07,63.2325
2021-01-08,63.8224
2021-01-11,62.9881
2021-01-12,63.2747
2021-01-13,63.1904
2021-01-14,63.6960
2021-01-15,62.7016
2021-01-19,63.1567
2021-01-20,63.5865
2021-01-21,63.6370
2021-01-22,63.3336
2021-01-25,63.2578
2021-01-26,63.3505
2021-01-27,61.9009
2021-01-28,62.2970
2021-01-29,61.0076
2021-02-01,61.7324
2021-02-02,62.3560
2021-02-03,62.5077
2021-02-04,62.5752
2021-02-05,62.9628
2021-02-08,63.4011
2021-02-09,63.7466
2021-02-10,63.5275
2021-02-11,63.9573
2021-02-12,64.3112
2021-02-16,64.7748
2021-02-17,64.3955
2021-02-18,64.0753
2021-02-19,64.2607
2021-02-22,64.1005
2021-02-23,64.1596
2021-02-24,64.3618
2021-02-25,63.2662
2021-02-26,62.3729
2021-03-01,63.5443
2021-03-02,63.4769
2021-03-03,63.0892
2021-03-04,62.4909
2021-03-05,62.8954
2021-03-08,62.6763
2021-03-09,63.5190
2021-03-10,63.7887
2021-03-11,64.1258
2021-03-12,64.2860
2021-03-15,64.3365
2021-03-16,64.4461
2021-03-17,64.8253
2021-03-18,64.2354
2021-03-19,64.4124
2021-03-22,64.4714
2021-03-23,63.5780
2021-03-24,63.2578
2021-03-25,63.7297
2021-03-26,64.5556
2021-03-29,64.3028
2021-03-30,64.2185
2021-03-31,63.9404
2021-04-01,64.7748
2021-04-05,65.7187
2021-04-06,65.0192
2021-04-07,65.1540
2021-04-08,65.5248
2021-04-09,65.7271
2021-04-12,65.3647
2021-04-13,65.7439
2021-04-14,65.7945
2021-04-15,66.3423
2021-04-16,66.8227
2021-04-19,66.7047
2021-04-20,65.5080
2021-04-21,66.1822
2021-04-22,65.9631
2021-04-23,66.6373
2021-04-26,66.6878
2021-04-27,66.4687
2021-04-28,66.6373
2021-04-29,66.6625
2021-04-30,65.8282
2021-05-03,66.5530
2021-05-04,65.5670
2021-05-05,66.4603
2021-05-06,67.0081
2021-05-07,67.7666
2021-05-10,67.4042
2021-05-11,66.5193
2021-05-12,65.4574
2021-05-13,65.9462
2021-05-14,67.0502
2021-05-17,66.9238
2021-05-18,67.0671
2021-05-19,66.4771
2021-05-20,67.3536
2021-05-21,67.4463
2021-05-24,67.8593
2021-05-25,67.8761
2021-05-26,67.8340
2021-05-27,67.9604
2021-05-28,68.1205
2021-06-01,68.3649
2021-06-02,68.5925
2021-06-03,68.2554
2021-06-04,68.8369
2021-06-07,69.0644
2021-06-08,69.0307
2021-06-09,68.8453
2021-06-10,69.0350
2021-06-11,69.1973
2021-06-14,69.3169
2021-06-15,69.4023
2021-06-16,68.9751
2021-06-17,68.4968
2021-06-18,67.0787
2021-06-21,67.9586
2021-06-22,67.9671
2021-06-23,67.5314
2021-06-24,68.1807
2021-06-25,68.3259
2021-06-28,67.8902
2021-06-29,67.9073
2021-06-30,67.3862
2021-07-01,67.5485
2021-07-02,67.7792
2021-07-06,67.3349
2021-07-07,67.7023
2021-07-08,66.8309
2021-07-09,67.9671
2021-07-12,68.2576
2021-07-13,67.8988
2021-07-14,68.0525
2021-07-15,67.4033
2021-07-16,66.9078
2021-07-19,65.6947
2021-07-20,66.1731
2021-07-21,67.1812
2021-07-22,67.2068
2021-07-23,67.6767
2021-07-26,67.7706
2021-07-27,67.4972
2021-07-28,67.7877
2021-07-29,68.2576
2021-07-30,67.9073
2021-08-02,68.2490
2021-08-03,68.7360
2021-08-04,68.5309
2021-08-05,68.8641
2021-08-06,68.6078
2021-08-09,68.5736
2021-08-10,68.7274
2021-08-11,69.1973
2021-08-12,69.1375
2021-08-13,69.5561
2021-08-16,69.1973
2021-08-17,68.5480
2021-08-18,68.2832
2021-08-19,67.6083
2021-08-20,67.8731
2021-08-23,68.5053
2021-08-24,68.6505
2021-08-25,68.6762
2021-08-26,68.3174
2021-08-27,68.9410
2021-08-30,68.9239
2021-08-31,68.8897
2021-09-01,69.5134
2021-09-02,69.7953
2021-09-03,70.1114
2021-09-07,70.1626
2021-09-08,69.6073
2021-09-09,69.4877
2021-09-10,69.3340
2021-09-13,69.8807
2021-09-14,69.5903
2021-09-15,69.7953
2021-09-16,69.6842
2021-09-17,68.7701
2021-09-20,67.4972
2021-09-21,68.1636
2021-09-22,68.5053
2021-09-23,69.2485
2021-09-24,68.5993
2021-09-27,68.5566
2021-09-28,67.0616
2021-09-29,66.9078
2021-09-30,66.6430
2021-10-01,66.8053
2021-10-04,66.1048
2021-10-05,66.5575
2021-10-06,66.1133
2021-10-07,66.6259
2021-10-08,66.6173
2021-10-11,66.4037
2021-10-12,66.4379
2021-10-13,67.0957
2021-10-14,67.7621
2021-10-15,68.3259
2021-10-18,68.0354
2021-10-19,68.4455
2021-10-20,68.6847
2021-10-21,68.3601
2021-10-22,68.7701
2021-10-25,68.6334
2021-10-26,68.7701
2021-10-27,68.4968
2021-10-28,69.1631
2021-10-29,68.7616
2021-11-01,69.4279
2021-11-02,69.2827
2021-11-03,69.8465
2021-11-04,69.8038
2021-11-05,69.9063
2021-11-08,69.8978
2021-11-09,69.7440
2021-11-10,68.8983
2021-11-11,69.1460
2021-11-12,69.5219
2021-11-15,69.3938
2021-11-16,69.2400
2021-11-17,69.1546
2021-11-18,69.2229
2021-11-19,68.6334
2021-11-22,68.2319
2021-11-23,68.1636
2021-11-24,67.7108
2021-11-26,65.8912
2021-11-29,66.2244
2021-11-30,65.6434
2021-12-01,65.2676
2021-12-02,66.0791
2021-12-03,65.8057
2021-12-06,66.4379
2021-12-07,67.8390
2021-12-08,67.9671
2021-12-09,67.4033
2021-12-10,67.5485
2021-12-13,66.9157
2021-12-14,66.5594
2021-12-15,67.4633
2021-12-16,67.4720
2021-12-17,66.6202
2021-12-20,66.4725
2021-12-21,67.2113
2021-12-22,67.8371
2021-12-23,68.2369
2021-12-27,68.7671
2021-12-28,68.7931
2021-12-29,68.7671
2021-12-30,68.5868
2021-12-31,68.5258
2022-01-03,68.9700
2022-01-04,69.3619
2022-01-05,68.7522
2022-01-06,68.4039
2022-01-07,68.6042
2022-01-10,67.9684
2022-01-11,68.7087
2022-01-12,69.3793
2022-01-13,68.8742
2022-01-14,68.8045
2022-01-18,67.7942
2022-01-19,67.7332
2022-01-20,67.4023
2022-01-21,66.4878
2022-01-24,65.8259
2022-01-25,65.4252
2022-01-26,65.1727
2022-01-27,64.8678
2022-01-28,65.0856
2022-01-31,66.0349
2022-02-01,66.6620
2022-02-02,67.1584
2022-02-03,66.0959
2022-02-04,66.2526
2022-02-07,66.3659
2022-02-08,66.7055
2022-02-09,67.7855
2022-02-10,66.9232
2022-02-11,65.9130
2022-02-14,65.4862
2022-02-15,66.6881
2022-02-16,66.9407
2022-02-17,65.8607
2022-02-18,65.5820
2022-02-22,64.8156
2022-02-23,64.2843
2022-02-24,63.4221
2022-02-25,65.0072
2022-02-28,63.7704
2022-03-01,62.3769
2022-03-02,63.1608
2022-03-03,61.9153
2022-03-04,60.1212
2022-03-07,58.2138
2022-03-08,58.7190
2022-03-09,61.1750
2022-03-10,60.4434
2022-03-11,59.7902
2022-03-14,60.3389
2022-03-15,60.9138
2022-03-16,63.0998
2022-03-17,63.6311
2022-03-18,64.2495
2022-03-21,63.8488
2022-03-22,64.4498
2022-03-23,63.6137
2022-03-24,64.2059
2022-03-25,64.2408
2022-03-28,64.0317
2022-03-29,65.4514
2022-03-30,65.1814
2022-03-31,64.1014
2022-04-01,64.7024
2022-04-04,64.9636
2022-04-05,64.0840
2022-04-06,63.3175
2022-04-07,63.4569
2022-04-08,63.4830
2022-04-11,62.8124
2022-04-12,62.3421
2022-04-13,63.0127
2022-04-14,62.7253
2022-04-18,62.3595
2022-04-19,62.6556
2022-04-20,63.0737
2022-04-21,62.3943
2022-04-22,61.3754
2022-04-25,61.0792
2022-04-26,59.3722
2022-04-27,59.6422
2022-04-28,60.4870
2022-04-29,59.7815
2022-05-02,59.6335
2022-05-03,60.0777
2022-05-04,61.1315
2022-05-05,59.1632
2022-05-06,58.5883
2022-05-09,56.8203
2022-05-10,57.2471
2022-05-11,56.9074
2022-05-12,56.7681
2022-05-13,58.3445
2022-05-16,58.3967
2022-05-17,59.4854
2022-05-18,58.0658
2022-05-19,58.6232
2022-05-20,59.0238
2022-05-23,60.0254
2022-05-24,59.9296
2022-05-25,59.9470
2022-05-26,60.6089
2022-05-27,61.3405
2022-05-31,60.9747
2022-06-01,60.3302
2022-06-02,61.5844
2022-06-03,60.7047
2022-06-06,60.9486
2022-06-07,61.1315
2022-06-08,60.2780
2022-06-09,59.0121
2022-06-10,57.5877
2022-06-13,55.6827
2022-06-14,55.1575
2022-06-15,56.1901
2022-06-16,54.9527
2022-06-17,54.7302
2022-06-21,55.5581
2022-06-22,55.1842
2022-06-23,55.1219
2022-06-24,56.7687
2022-06-27,56.5284
2022-06-28,56.1456
2022-06-29,55.9320
2022-06-30,55.6293
2022-07-01,55.7628
2022-07-05,54.5699
2022-07-06,54.6144
2022-07-07,55.4423
2022-07-08,55.5047
2022-07-11,54.6055
2022-07-12,54.5966
2022-07-13,54.5699
2022-07-14,53.8043
2022-07-15,54.6590
2022-07-18,54.8815
2022-07-19,56.3771
2022-07-20,56.0032
2022-07-21,56.5818
2022-07-22,56.4394
2022-07-25,56.8756
2022-07-26,56.0833
2022-07-27,57.4097
2022-07-28,57.7035
2022-07-29,58.5047
2022-08-01,58.5848
2022-08-02,57.6501
2022-08-03,57.9883
2022-08-04,58.2821
2022-08-05,57.8726
2022-08-08,58.0062
2022-08-09,57.6946
2022-08-10,58.9943
2022-08-11,58.9765
2022-08-12,59.4305
2022-08-15,59.0744
2022-08-16,59.0566
2022-08-17,58.5848
2022-08-18,58.3889
2022-08-19,57.5877
2022-08-22,56.6085
2022-08-23,56.6352
2022-08-24,56.7064
2022-08-25,57.3296
2022-08-26,55.8251
2022-08-29,55.7005
2022-08-30,55.2999
2022-08-31,54.9260
2022-09-01,54.1871
2022-09-02,53.8311
2022-09-06,53.6975
2022-09-07,54.1693
2022-09-08,54.2049
2022-09-09,55.5848
2022-09-12,56.3593
2022-09-13,54.4008
2022-09-14,54.5788
2022-09-15,54.0981
2022-09-16,53.7687
2022-09-19,53.9557
2022-09-20,53.0388
2022-09-21,52.3444
2022-09-22,52.1931
2022-09-23,50.5284
2022-09-26,49.7806
2022-09-27,49.4423
2022-09-28,50.6352
2022-09-29,50.0388
2022-09-30,49.8607
2022-10-03,50.8489
2022-10-04,52.8874
2022-10-05,52.3266
2022-10-06,51.4097
2022-10-07,50.5907
2022-10-10,50.3058
2022-10-11,49.7539
2022-10-12,49.5937
2022-10-13,50.6174
2022-10-14,49.8607
2022-10-17,51.0892
2022-10-18,51.4542
2022-10-19,50.8221
2022-10-20,50.7064
2022-10-21,51.6233
2022-10-24,51.6322
2022-10-25,52.7717
2022-10-26,53.2702
2022-10-27,52.7717
2022-10-28,53.2969
2022-10-31,52.7984
2022-11-01,53.2168
2022-11-02,52.4423
2022-11-03,51.9972
2022-11-04,54.0803
2022-11-07,54.2495
2022-11-08,54.8637
2022-11-09,54.0981
2022-11-10,57.1337
2022-11-11,58.2732
2022-11-14,57.6590
2022-11-15,58.0417
2022-11-16,57.9082
2022-11-17,57.8815
2022-11-18,57.9972
2022-11-21,57.5610
2022-11-22,58.3622
2022-11-23,59.0032
2022-11-25,59.3059
2022-11-28,58.5403
2022-11-29,58.7094
2022-11-30,59.7510
2022-12-01,60.3296
2022-12-02,60.2851
2022-12-05,59.4928
2022-12-06,59.2257
2022-12-07,59.2257
2022-12-08,59.5284
2022-12-09,59.5640
2022-12-12,59.7421
2022-12-13,60.5894
2022-12-14,60.5357
2022-12-15,58.9895
2022-12-16,58.4711
2022-12-19,58.3281
2022-12-20,58.5605
2022-12-21,59.1683
2022-12-22,58.6856
2022-12-23,58.8912
2022-12-27,58.9806
2022-12-28,58.3549
2022-12-29,59.2755
2022-12-30,58.6677
2023-01-03,59.1861
2023-01-04,59.9727
2023-01-05,59.3738
2023-01-06,60.8932
2023-01-09,61.1524
2023-01-10,61.3312
2023-01-11,61.7960
2023-01-12,62.7076
2023-01-13,63.0383
2023-01-17,63.2350
2023-01-18,63.0115
2023-01-19,62.9132
2023-01-20,63.4673
2023-01-23,63.7265
2023-01-24,63.6461
2023-01-25,64.0662
2023-01-26,64.1198
2023-01-27,63.9947
2023-01-30,63.5835
2023-01-31,63.9500
2023-02-01,64.5220
2023-02-02,64.4326
2023-02-03,63.8338
2023-02-06,63.1813
2023-02-07,63.7176
2023-02-08,63.3243
2023-02-09,63.4405
2023-02-10,63.1634
2023-02-13,63.7980
2023-02-14,63.9142
2023-02-15,63.6282
2023-02-16,63.3154
2023-02-17,63.4763
2023-02-21,62.7791
2023-02-22,62.4305
2023-02-23,62.7523
2023-02-24,61.7066
2023-02-27,62.4395
2023-02-28,61.9837
2023-03-01,62.3144
2023-03-02,62.4395
2023-03-03,63.3512
2023-03-06,63.1903
2023-03-07,62.1356
2023-03-08,62.4752
2023-03-09,62.0194
2023-03-10,61.3580
2023-03-13,60.9379
2023-03-14,61.7513
2023-03-15,59.8386
2023-03-16,60.7681
2023-03-17,60.0442
2023-03-20,60.9826
2023-03-21,61.9032
2023-03-22,61.6887
2023-03-23,61.6977
2023-03-24,61.5100
2023-03-27,62.0909
2023-03-28,62.1177
2023-03-29,62.8685
2023-03-30,63.6014
2023-03-31,63.9232
2023-04-03,64.4326
2023-04-04,64.4416
2023-04-05,63.9947
2023-04-06,64.2986
2023-04-10,64.2539
2023-04-11,64.4684
2023-04-12,64.8795
2023-04-13,65.7107
2023-04-14,65.4426
2023-04-17,65.3264
2023-04-18,65.6839
2023-04-19,65.4783
2023-04-20,65.4783
2023-04-21,65.8090
2023-04-24,65.9789
2023-04-25,65.0583
2023-04-26,65.0136
2023-04-27,65.8269
2023-04-28,65.8001
2023-05-01,65.7018
2023-05-02,65.0404
2023-05-03,65.2102
2023-05-04,65.0761
2023-05-05,66.0325
2023-05-08,66.0504
2023-05-09,65.7822
2023-05-10,65.6481
2023-05-11,65.4873
2023-05-12,65.3711
2023-05-15,65.8716
2023-05-16,65.2460
2023-05-17,65.5498
2023-05-18,65.4515
2023-05-19,65.8359
2023-05-22,65.8537
2023-05-23,64.8885
2023-05-24,63.9410
2023-05-25,63.8517
2023-05-26,64.4773
2023-05-30,63.8248
2023-05-31,63.1634
2023-06-01,64.1019
2023-06-02,64.9331
2023-06-05,64.5578
2023-06-06,65.0940
2023-06-07,64.5215
2023-06-08,65.2041
2023-06-09,65.0949
2023-06-12,65.3771
2023-06-13,65.9960
2023-06-14,66.2417
2023-06-15,66.9426
2023-06-16,66.7969
2023-06-20,65.9141
2023-06-21,66.0142
2023-06-22,65.6046
2023-06-23,64.5852
2023-06-26,64.6671
2023-06-27,65.2315
2023-06-28,65.2770
2023-06-29,65.1860
2023-06-30,65.9869
2023-07-03,65.9141
2023-07-05,65.1768
2023-07-06,64.0482
2023-07-07,64.5306
2023-07-10,64.7127
2023-07-11,65.2952
2023-07-12,66.5421
2023-07-13,67.6070
2023-07-14,67.2247
2023-07-17,67.1428
2023-07-18,67.5797
2023-07-19,67.5433
2023-07-20,67.1974
2023-07-21,67.3339
2023-07-24,67.1701
2023-07-25,67.2429
2023-07-26,67.4249
2023-07-27,67.2702
2023-07-28,67.7526
2023-07-31,67.7708
2023-08-01,66.9244
2023-08-02,65.6774
2023-08-03,65.4954
2023-08-04,65.6774
2023-08-07,66.2326
2023-08-08,65.8322
2023-08-09,65.8140
2023-08-10,66.0961
2023-08-11,65.6501
2023-08-14,65.3589
2023-08-15,64.5488
2023-08-16,64.0209
2023-08-17,63.5659
2023-08-18,63.5659
2023-08-21,63.8025
2023-08-22,63.6842
2023-08-23,64.3759
2023-08-24,63.4930
2023-08-25,63.9208
2023-08-28,64.5943
2023-08-29,65.3953
2023-08-30,65.3589
2023-08-31,65.1040
2023-09-01,65.0676
2023-09-05,64.5033
2023-09-06,64.3668
2023-09-07,64.1575
2023-09-08,64.0664
2023-09-11,64.7309
2023-09-12,64.4669
2023-09-13,64.2667
2023-09-14,65.1131
2023-09-15,64.9675
2023-09-18,64.7400
2023-09-19,64.7946
2023-09-20,64.6398
2023-09-21,63.5659
2023-09-22,63.6205
2023-09-25,63.3383
2023-09-26,62.5192
2023-09-27,62.4008
2023-09-28,62.9105
2023-09-29,62.7285
2023-10-02,61.8092
2023-10-03,61.0356
2023-10-04,61.1448
2023-10-05,61.6818
2023-10-06,62.3644
2023-10-09,62.2734
2023-10-10,63.1290
2023-10-11,63.3929
2023-10-12,62.8650
2023-10-13,62.2825
2023-10-16,62.7376
2023-10-17,62.7740
2023-10-18,61.6818
2023-10-19,61.1357
2023-10-20,60.5896
2023-10-23,60.6351
2023-10-24,60.9810
2023-10-25,60.5441
2023-10-26,60.1072
2023-10-27,59.9252
2023-10-30,60.6897
2023-10-31,60.9082
2023-11-01,61.4816
2023-11-02,62.7376
2023-11-03,63.4020
2023-11-06,63.0835
2023-11-07,62.7012
2023-11-08,62.6193
2023-11-09,62.6102
2023-11-10,62.8923
2023-11-13,63.0562
2023-11-14,64.6671
2023-11-15,64.5670
2023-11-16,64.5215
2023-11-17,65.3953
2023-11-20,65.6410
2023-11-21,65.3862
2023-11-22,65.5409
2023-11-24,66.0415
2023-11-27,65.8140
2023-11-28,65.8322
2023-11-29,65.9687
2023-11-30,65.9141
2023-12-01,66.6058
2023-12-04,66.0870
2023-12-05,65.8504
2023-12-06,66.0506
2023-12-07,66.3692
2023-12-08,66.5694
2023-12-11,66.7332
2023-12-12,66.8515
2023-12-13,67.8254
2023-12-14,68.3260
2023-12-15,67.6616
2023-12-18,67.8254
2023-12-19,68.3988
2023-12-20,67.7086
2023-12-21,68.8052
2023-12-22,68.8698
2023-12-26,69.1831
2023-12-27,69.5517
2023-12-28,69.3674
2023-12-29,69.4411
2024-01-02,68.6670
2024-01-03,68.1509
2024-01-04,68.3076
2024-01-05,68.3537
2024-01-08,69.0817
2024-01-09,68.4643
2024-01-10,68.9066
2024-01-11,68.8974
2024-01-12,69.1831
2024-01-16,68.0219
2024-01-17,67.3768
2024-01-18,67.9758
2024-01-19,68.1325
2024-01-22,68.3444
2024-01-23,68.1509
2024-01-24,68.6670
2024-01-25,68.8605
2024-01-26,69.1647
2024-01-29,69.5702
2024-01-30,69.4780
2024-01-31,69.1278
2024-02-01,69.8098
2024-02-02,69.2568
2024-02-05,68.8882
2024-02-06,69.3121
2024-02-07,69.2752
2024-02-08,69.1554
2024-02-09,69.3951
2024-02-12,69.5149
2024-02-13,68.4458
2024-02-14,69.2107
2024-02-15,69.9941
2024-02-16,70.1047
2024-02-20,70.3904
2024-02-21,70.4457
2024-02-22,71.2382
2024-02-23,71.3304
2024-02-26,71.2290
2024-02-27,71.4225
2024-02-28,71.0078
2024-02-29,71.1921
2024-03-01,71.8833
2024-03-04,71.6990
2024-03-05,71.5700
2024-03-06,72.4178
2024-03-07,73.2749
2024-03-08,73.0353
2024-03-11,72.6206
2024-03-12,73.2012
2024-03-13,73.2104
2024-03-14,72.6759
2024-03-15,72.7035
2024-03-18,72.6851
2024-03-19,72.8141
2024-03-20,73.5882
2024-03-21,73.5514
2024-03-22,73.3947
2024-03-25,73.2380
2024-03-26,73.3210
2024-03-27,73.7633
2024-03-28,73.5975
2024-04-01,73.2841
2024-04-02,72.7680
2024-04-03,73.1735
2024-04-04,72.5469
2024-04-05,72.7773
2024-04-08,73.1367
2024-04-09,73.1275
2024-04-10,72.1598
2024-04-11,72.3533
2024-04-12,71.1829
2024-04-15,70.9710
2024-04-16,70.2705
2024-04-17,70.3166
2024-04-18,70.1231
2024-04-19,70.1508
2024-04-22,70.9710
2024-04-23,71.7451
2024-04-24,71.6068
2024-04-25,71.2751
2024-04-26,71.8465
2024-04-29,72.1229
2024-04-30,71.2106
2024-05-01,71.0539
2024-05-02,72.0123
2024-05-03,72.7312
2024-05-06,73.2288
2024-05-07,73.4224
2024-05-08,73.3394
2024-05-09,73.9016
2024-05-10,74.0398
2024-05-13,74.0398
2024-05-14,74.5928
2024-05-15,75.3853
2024-05-16,74.9798
2024-05-17,75.2379
2024-05-20,75.2932
2024-05-21,75.1734
2024-05-22,74.4637
2024-05-23,74.0859
2024-05-24,74.6941
2024-05-28,74.6665
2024-05-29,73.4869
2024-05-30,74.1043
2024-05-31,74.8139
2024-06-03,75.0259
2024-06-04,74.9338
2024-06-05,75.4590
2024-06-06,75.7171
2024-06-07,74.8969
2024-06-10,74.8416
2024-06-11,73.9911
2024-06-12,74.8632
2024-06-13,73.7942
2024-06-14,72.9785
2024-06-17,73.2691
2024-06-18,73.5598
2024-06-20,73.6067
2024-06-21,73.0910
2024-06-24,73.6723
2024-06-25,73.8505
2024-06-26,73.3066
2024-06-27,73.3629
2024-06-28,73.4473
2024-07-01,73.5786
2024-07-02,73.7567
2024-07-03,74.6006
2024-07-05,75.0976
2024-07-08,74.7225
2024-07-09,74.4225
2024-07-10,75.4726
2024-07-11,75.6883
2024-07-12,76.4947
2024-07-15,75.8196
2024-07-16,76.1853
2024-07-17,75.7821
2024-07-18,75.0319
2024-07-19,74.5725
2024-07-22,75.3601
2024-07-23,74.9382
2024-07-24,73.9911
2024-07-25,73.5223
2024-07-26,74.4600
2024-07-29,74.1318
2024-07-30,74.3006
2024-07-31,75.3507
2024-08-01,73.3535
2024-08-02,72.2002
2024-08-05,70.6249
2024-08-06,70.7468
2024-08-07,71.0844
2024-08-08,72.2752
2024-08-09,72.5565
2024-08-12,72.4909
2024-08-13,73.7380
2024-08-14,74.0099
2024-08-15,74.9100
2024-08-16,75.3226
2024-08-19,76.2415
2024-08-20,76.0071
2024-08-21,76.7104
2024-08-22,76.2603
2024-08-23,77.6574
2024-08-26,77.3105
2024-08-27,77.6668
2024-08-28,77.3949
2024-08-29,77.6855
2024-08-30,77.8074
2024-09-03,76.5791
2024-09-04,76.2415
2024-09-05,76.2603
2024-09-06,74.8257
2024-09-09,75.5758
2024-09-10,75.2007
2024-09-11,75.6508
2024-09-12,76.2697
2024-09-13,76.4478
2024-09-16,77.0667
2024-09-17,76.6354
2024-09-18,76.3915
2024-09-19,77.9012
2024-09-20,77.1323
2024-09-23,77.4230
2024-09-24,77.8824
2024-09-25,77.4605
2024-09-26,79.1670
2024-09-27,78.6888
2024-09-30,78.4169
2024-10-01,77.8356
2024-10-02,77.6762
2024-10-03,76.9541
2024-10-04,77.4042
2024-10-07,76.9729
2024-10-08,76.8510
2024-10-09,76.8698
2024-10-10,76.7760
2024-10-11,77.1698
2024-10-14,77.3949
2024-10-15,76.1103
2024-10-16,76.3072
2024-10-17,76.3165
2024-10-18,76.8323
2024-10-21,75.9227
2024-10-22,75.4914
2024-10-23,74.7319
2024-10-24,75.1538
2024-10-25,74.9007
2024-10-28,75.5008
2024-10-29,75.2289
2024-10-30,74.7413
2024-10-31,74.2818
2024-11-01,74.4318
2024-11-04,74.4881
2024-11-05,75.2289
2024-11-06,74.1412
2024-11-07,75.2664
2024-11-08,74.2256
2024-11-11,74.2443
2024-11-12,72.8659
2024-11-13,72.4346
2024-11-14,72.5846
2024-11-15,72.3221
2024-11-18,72.7159
2024-11-19,72.6221
2024-11-20,72.4252
2024-11-21,72.4440
2024-11-22,72.7253
2024-11-25,73.1003
2024-11-26,72.6784
2024-11-27,73.0722
2024-11-29,74.0474
2024-12-02,74.2537
2024-12-03,74.6756
2024-12-04,74.7319
2024-12-05,75.0976
2024-12-06,75.0882
2024-12-09,75.0413
2024-12-10,74.3662
2024-12-11,74.8350
2024-12-12,74.1787
2024-12-13,73.9724
2024-12-16,73.7286
2024-12-17,73.6117
2024-12-18,71.8058
2024-12-19,71.5777
2024-12-20,71.3782
2024-12-23,71.8439
2024-12-24,72.1005
2024-12-26,72.4426
2024-12-27,72.3381
2024-12-30,71.8629
2024-12-31,71.8629
2025-01-02,71.6158
2025-01-03,71.9294
2025-01-06,72.6137
2025-01-07,72.5567
2025-01-08,72.4426
2025-01-10,71.3401
2025-01-13,71.1405
2025-01-14,71.3972
2025-01-15,72.3096
2025-01-16,72.6803
2025-01-17,72.9749
2025-01-21,74.4481
2025-01-22,74.2770
2025-01-23,74.8853
2025-01-24,75.3035
2025-01-27,75.3035
2025-01-28,75.2084
2025-01-29,75.1989
2025-01-30,76.0258
2025-01-31,75.3130
2025-02-03,74.4291
2025-02-04,75.2940
2025-02-05,76.0258
2025-02-06,76.3870
2025-02-07,75.6646
2025-02-10,76.1779
2025-02-11,76.5390
2025-02-12,76.8242
2025-02-13,77.7556
2025-02-14,77.8697
2025-02-18,78.4304
2025-02-19,77.6225
2025-02-20,77.9837
2025-02-21,77.4990
2025-02-24,77.4515
2025-02-25,78.1548
2025-02-26,78.2593
2025-02-27,77.3754
2025-02-28,77.5370
2025-03-03,78.3924
2025-03-04,78.3734
2025-03-05,80.2458
2025-03-06,79.4189
2025-03-07,80.2458
2025-03-10,78.3544
2025-03-11,78.0883
2025-03-12,78.6490
2025-03-13,78.1263
2025-03-14,79.5614
2025-03-17,80.4549
2025-03-18,80.4454
2025-03-19,80.6830
2025-03-20,80.0081
2025-03-21,79.5139
2025-03-24,79.5044
2025-03-25,79.9416
2025-03-26,78.9056
2025-03-27,79.0767
2025-03-28,78.3734
2025-03-31,77.6796
2025-04-01,77.7936
2025-04-02,77.9742
2025-04-03,76.3394
2025-04-04,71.3021
2025-04-07,69.5818
2025-04-08,69.3442
2025-04-09,74.6952
2025-04-10,73.2220
2025-04-11,75.0564
2025-04-14,75.8642
2025-04-15,76.5485
2025-04-16,76.2539
2025-04-17,77.0808
2025-04-21,76.6626
2025-04-22,78.2498
2025-04-23,78.5635
2025-04-24,79.6090
2025-04-25,79.9511
2025-04-28,80.4834
2025-04-29,80.6449
2025-04-30,80.5499
2025-05-01,80.2933
2025-05-02,81.8330
2025-05-05,81.9756
2025-05-06,81.8710
2025-05-07,81.5954
2025-05-08,81.3103
2025-05-09,81.7094
2025-05-12,82.1276
2025-05-13,82.2322
2025-05-14,81.8330
2025-05-15,82.7264
2025-05-16,82.9165
2025-05-19,83.7054
2025-05-20,84.1046
2025-05-21,83.6103
2025-05-22,83.5628
2025-05-23,83.6769
2025-05-27,84.8934
2025-05-28,83.9145
2025-05-29,84.2851
2025-05-30,84.4087
2025-06-02,85.3116
2025-06-03,84.6653
2025-06-04,85.0455
2025-06-05,84.9885
2025-06-06,85.2926
2025-06-09,85.2831
2025-06-10,85.3972
2025-06-11,85.2546
2025-06-12,85.9104
2025-06-13,84.8079
2025-06-16,85.1260
2025-06-17,84.0817
2025-06-18,84.2268
2025-06-20,83.4726
2025-06-23,84.1011
2025-06-24,85.1260
2025-06-25,84.6619
2025-06-26,85.6094
2025-06-27,86.3830
2025-06-30,86.4313
2025-07-01,86.2863
2025-07-02,86.5377
2025-07-03,86.5570
2025-07-07,85.6191
2025-07-08,86.2476
2025-07-09,86.8954
2025-07-10,86.8374
2025-07-11,86.0059
2025-07-14,86.0059
2025-07-15,85.1067
2025-07-16,85.4547
2025-07-17,85.6771
2025-07-18,85.4354
2025-07-21,85.8898
2025-07-22,86.3636
2025-07-23,88.5101
2025-07-24,87.8527
2025-07-25,87.7463
2025-07-28,86.3346
2025-07-29,86.1606
2025-07-30,85.5418
2025-07-31,84.6232
2025-08-01,84.4008
2025-08-04,85.5224
2025-08-05,85.5128
2025-08-06,86.0736
2025-08-07,86.8471
2025-08-08,87.3789
2025-08-11,87.0114
2025-08-12,88.0750
2025-08-13,88.6068
2025-08-14,88.6165
2025-08-15,89.1386
2025-08-18,89.0419
2025-08-19,89.0516
2025-08-20,89.3707
2025-08-21,88.8099
2025-08-22,90.1442
2025-08-25,88.9549
2025-08-26,88.8582
2025-08-27,88.6455
2025-08-28,88.9743
2025-08-29,88.4521
2025-09-02,87.5819
2025-09-03,87.7173
2025-09-04,88.3554
2025-09-05,88.7519
2025-09-08,89.6414
2025-09-09,89.3417
2025-09-10,89.3223
2025-09-11,90.2699
2025-09-12,89.9122
2025-09-15,90.5116
2025-09-16,90.2602
2025-09-17,89.9218
2025-09-18,90.2699
2025-09-19,89.9218
2025-09-22,90.2119
2025-09-23,90.0379
2025-09-24,89.5157
2025-09-25,88.8776
2025-09-26,89.5641
2025-09-29,89.9122
2025-09-30,90.2796
2025-10-01,91.0241
2025-10-02,91.1691
2025-10-03,91.9330
2025-10-06,92.1457
2025-10-07,91.3432
2025-10-08,91.6139
2025-10-09,90.8597
2025-10-10,89.1870
2025-10-13,89.9025
2025-10-14,90.3086
2025-10-15,90.7437
2025-10-16,91.2175
2025-10-17,91.3818
2025-10-20,92.1360
2025-10-21,91.4592
2025-10-22,91.3238
2025-10-23,91.7493
2025-10-24,91.8943
2025-10-27,92.5325
2025-10-28,92.4938
2025-10-29,91.9717
2025-10-30,91.5656
2025-10-31,91.3625
2025-11-03,91.4012
2025-11-04,90.4633
2025-11-05,91.0434
2025-11-06,90.8404
2025-11-07,91.1788
2025-11-10,92.1360
2025-11-11,92.8129
2025-11-12,93.3640
2025-11-13,92.3681
2025-11-14,92.1070
2025-11-17,90.9081
2025-11-18,89.7284
2025-11-19,89.4577
2025-11-20,88.2201
2025-11-21,89.5834
2025-11-24,89.6608
2025-11-25,90.7340
2025-11-26,91.7299
2025-11-28,92.0393
2025-12-01,91.5849
2025-12-02,91.8943
2025-12-03,92.3874
2025-12-04,92.6388
2025-12-05,92.6388
2025-12-08,92.3487
2025-12-09,92.2231
2025-12-10,93.2480
2025-12-11,93.7991
2025-12-12,93.3060
2025-12-15,93.8764
2025-12-16,93.4413
2025-12-17,92.6833
2025-12-18,93.3429
2025-12-19,93.9729
2025-12-22,94.2092
2025-12-23,94.7900
2025-12-24,94.9081
2025-12-26,95.0656
2025-12-29,94.7802
2025-12-30,94.9377
2025-12-31,94.5340
2026-01-02,95.5283
2026-01-05,96.6210
2026-01-06,96.7687
2026-01-07,96.4044
2026-01-08,96.4143
2026-01-09,97.2707
2026-01-12,97.8614
2026-01-13,97.3003
2026-01-14,97.7531
2026-01-15,97.7137
2026-01-16,97.9795
2026-01-20,96.4930
2026-01-21,97.4873
2026-01-22,97.8712
2026-01-23,98.4127
2026-01-26,98.9049
2026-01-27,100.4996
2026-01-28,99.4365
2026-01-29,100.1059
2026-01-30,99.1707
2026-02-02,99.8204
2026-02-03,99.8696
2026-02-04,100.1945
2026-02-05,98.7671
2026-02-06,101.0115
2026-02-09,102.3700
2026-02-10,102.6161
2026-02-11,103.3053
2026-02-12,102.5276
2026-02-13,102.6161
2026-02-17,102.5965
2026-02-18,102.7146
2026-02-19,102.4291
2026-02-20,103.2659
2026-02-23,102.8426
2026-02-24,103.0296
2026-02-25,104.0140
2026-02-26,103.9254
2026-02-27,103.7384
2026-03-02,101.6908
2026-03-03,98.5308
2026-03-04,99.8007
2026-03-05,97.6153
2026-03-06,96.7490
2026-03-09,97.4479
2026-03-10,97.6744
2026-03-11,97.4676
2026-03-12,95.9418
2026-03-13,94.7998
2026-03-16,96.5718
2026-03-17,96.8376
2026-03-18,95.1838
2026-03-19,95.0164
2026-03-20,92.1321
2026-03-23,94.3470
2026-03-24,93.7859
2026-03-25,95.1542
2026-03-26,93.1854
2026-03-27,92.3388
2026-03-30,92.6046
2026-03-31,95.6169
2026-04-01,97.0739
2026-04-02,96.4734
2026-04-06,96.9557
2026-04-07,96.8179
2026-04-08,100.5981
2026-04-09,100.3618
2026-04-10,100.5882
2026-04-13,101.2084
2026-04-14,102.0255
2026-04-15,101.7006
2026-04-16,101.4053
2026-04-17,102.6949
2026-04-20,102.2913
2026-04-21,100.0468
2026-04-22,100.3815
2026-04-23,99.6629
2026-04-24,100.1846
2026-04-27,99.8007
2026-04-28,99.3872
2026-04-29,98.3733
2026-04-30,100.7261
2026-05-01,100.5095
2026-05-04,99.1313
2026-05-05,100.4504
2026-05-06,103.1773
2026-05-07,101.2872
2026-05-08,102.3405
2026-05-11,102.1239
2026-05-12,101.5333
2026-05-13,102.2125
2026-05-14,101.8483
2026-05-15,100.1354
2026-05-18,101.0608
2026-05-19,100.3323
2026-05-20,102.0058
2026-05-21,102.5669
2026-05-22,102.3602
2026-05-26,103.4923
2026-05-27,103.1379
2026-05-28,103.0591
2026-05-29,103.1674
2026-06-01,102.8130
2026-06-02,103.3840
2026-06-03,102.4980
2026-06-04,103.3151
2026-06-05,100.6670
2026-06-08,101.2773
2026-06-09,101.2970
2026-06-10,99.9877
2026-06-11,103.0985
2026-06-12,103.3840
2026-06-15,104.0800
2026-06-16,104.3100
2026-06-17,103.7800
2026-06-18,104.4100
2026-06-22,104.5800
2026-06-23,102.4600
2026-06-24,102.2600
2026-06-25,103.1500
2026-06-26,102.5400
2026-06-29,103.4500
2026-06-30,103.8800
2026-07-01,103.0200
2026-07-02,104.3700
2026-07-06,105.4600
2026-07-07,104.1600
2026-07-08,103.3600
2026-07-09,103.9200
2026-07-10,104.3300
2026-07-13,103.2400
2026-07-14,103.9600
2026-07-15,104.6500
2026-07-16,103.8100
2026-07-17,103.3300
2026-07-20,102.5700
2026-07-21,104.0600
2026-07-22,104.2500
2026-07-23,102.9000
2026-07-24,103.4100
2026-07-27,103.9100
2026-07-28,103.8900
2026-07-29,103.3700
2026-07-30,106.2400
2026-07-31,105.5800
2026-08-03,106.0200
2026-08-04,107.3200
2026-08-05,107.4300
2026-08-06,107.3600
2026-08-07,108.5500
2026-08-10,108.0100
2026-08-11,108.0900
2026-08-12,108.5000
2026-08-13,108.6900
2026-08-14,108.6400
2026-08-17,108.4500
2026-08-18,107.2700
2026-08-19,107.6600
2026-08-20,107.3500
2026-08-21,108.2400
2026-08-24,108.0300
2026-08-25,108.8100
2026-08-26,108.2700
2026-08-27,108.0200
2026-08-31,107.4500
