date,adj_close
2003-01-02,42.3510
2003-01-03,42.4209
2003-01-06,42.3159
2003-01-07,42.4508
2003-01-08,42.5508
2003-01-09,42.0363
2003-01-10,42.0812
2003-01-13,42.1562
2003-01-14,42.2561
2003-01-15,42.3510
2003-01-16,42.3359
2003-01-17,42.5108
2003-01-21,42.6556
2003-01-22,42.8305
2003-01-23,42.7405
2003-01-24,42.8255
2003-01-27,42.6956
2003-01-28,42.7006
2003-01-29,42.5157
2003-01-30,42.6806
2003-01-31,42.7006
2003-02-03,42.6345
2003-02-04,42.7748
2003-02-05,42.6094
2003-02-06,42.7748
2003-02-07,42.7948
2003-02-10,42.7146
2003-02-11,42.7547
2003-02-12,42.9401
2003-02-13,43.0955
2003-02-14,42.9451
2003-02-18,42.9451
2003-02-19,43.1055
2003-02-20,43.2558
2003-02-21,43.0955
2003-02-24,43.2658
2003-02-25,43.3260
2003-02-26,43.4563
2003-02-27,43.4964
2003-02-28,43.6417
2003-03-03,43.7321
2003-03-04,43.8175
2003-03-05,43.8979
2003-03-06,43.8075
2003-03-07,43.9532
2003-03-10,44.0989
2003-03-11,44.0889
2003-03-12,43.9884
2003-03-13,43.5010
2003-03-14,43.6416
2003-03-17,43.3000
2003-03-18,43.0638
2003-03-19,42.8578
2003-03-20,42.8879
2003-03-21,42.4959
2003-03-24,42.9080
2003-03-25,42.9131
2003-03-26,43.0136
2003-03-27,43.0940
2003-03-28,43.1643
2003-03-31,43.4759
2003-04-01,43.4199
2003-04-02,43.1125
2003-04-03,43.1881
2003-04-04,43.1125
2003-04-07,43.0117
2003-04-08,43.1730
2003-04-09,43.3191
2003-04-10,43.2032
2003-04-11,43.0923
2003-04-14,42.9714
2003-04-15,43.1226
2003-04-16,43.2184
2003-04-17,43.1629
2003-04-21,43.0823
2003-04-22,43.0923
2003-04-23,43.0722
2003-04-24,43.3241
2003-04-25,43.3947
2003-04-28,43.3494
2003-04-29,43.2738
2003-04-30,43.5358
2003-05-01,43.5722
2003-05-02,43.3344
2003-05-05,43.4710
2003-05-06,43.7392
2003-05-07,44.0428
2003-05-08,44.0883
2003-05-09,44.1592
2003-05-12,44.3464
2003-05-13,44.3868
2003-05-14,44.6297
2003-05-15,44.5841
2003-05-16,44.8219
2003-05-19,44.8118
2003-05-20,45.1103
2003-05-21,44.9686
2003-05-22,45.1812
2003-05-23,45.1305
2003-05-27,44.9636
2003-05-28,44.9737
2003-05-29,45.2115
2003-05-30,45.1862
2003-06-02,45.0107
2003-06-03,45.3100
2003-06-04,45.4419
2003-06-05,45.2796
2003-06-06,45.2289
2003-06-09,45.4775
2003-06-10,45.7311
2003-06-11,45.6347
2003-06-12,45.8123
2003-06-13,45.9797
2003-06-16,45.7413
2003-06-17,45.4926
2003-06-18,45.2187
2003-06-19,45.2847
2003-06-20,45.2136
2003-06-23,45.3861
2003-06-24,45.5992
2003-06-25,45.2542
2003-06-26,44.8077
2003-06-27,44.7671
2003-06-30,44.8737
2003-07-01,44.9928
2003-07-02,45.0388
2003-07-03,44.7525
2003-07-07,44.5123
2003-07-08,44.5276
2003-07-09,44.6094
2003-07-10,44.7116
2003-07-11,44.8701
2003-07-14,44.6094
2003-07-15,44.0011
2003-07-16,44.0165
2003-07-17,43.9245
2003-07-18,43.8120
2003-07-21,43.2395
2003-07-22,43.3928
2003-07-23,43.5258
2003-07-24,43.3571
2003-07-25,43.3008
2003-07-28,42.9839
2003-07-29,42.5648
2003-07-30,42.9073
2003-07-31,42.6210
2003-08-01,42.7948
2003-08-04,43.1093
2003-08-05,42.8205
2003-08-06,43.2588
2003-08-07,43.4135
2003-08-08,43.4083
2003-08-11,43.2279
2003-08-12,43.1505
2003-08-13,42.6710
2003-08-14,42.7587
2003-08-15,42.7432
2003-08-18,42.8721
2003-08-19,43.2124
2003-08-20,43.0061
2003-08-21,42.8463
2003-08-22,42.8772
2003-08-25,42.6916
2003-08-26,42.8463
2003-08-27,42.7432
2003-08-28,43.0422
2003-08-29,42.9237
2003-09-02,42.7488
2003-09-03,42.8581
2003-09-04,43.1338
2003-09-05,43.6803
2003-09-08,43.4773
2003-09-09,43.6855
2003-09-10,43.9821
2003-09-11,43.8260
2003-09-12,44.0029
2003-09-15,44.0810
2003-09-16,44.0446
2003-09-17,44.2891
2003-09-18,44.2839
2003-09-19,44.2839
2003-09-22,44.0913
2003-09-23,44.1954
2003-09-24,44.4192
2003-09-25,44.4817
2003-09-26,44.8199
2003-09-29,44.6274
2003-09-30,45.0593
2003-10-01,45.2592
2003-10-02,45.0965
2003-10-03,44.4720
2003-10-06,44.6032
2003-10-07,44.3461
2003-10-08,44.4248
2003-10-09,44.2831
2003-10-10,44.4143
2003-10-13,44.3461
2003-10-14,44.1676
2003-10-15,44.0102
2003-10-16,43.7687
2003-10-17,44.0049
2003-10-20,44.0364
2003-10-21,44.1151
2003-10-22,44.4353
2003-10-23,44.2936
2003-10-24,44.6032
2003-10-27,44.4825
2003-10-28,44.6924
2003-10-29,44.4038
2003-10-30,44.2411
2003-10-31,44.3985
2003-11-03,44.2295
2003-11-04,44.3874
2003-11-05,44.2295
2003-11-06,44.0031
2003-11-07,43.9294
2003-11-10,43.9136
2003-11-11,43.9821
2003-11-12,44.1242
2003-11-13,44.5086
2003-11-14,44.7508
2003-11-17,44.8034
2003-11-18,44.9877
2003-11-19,44.6823
2003-11-20,44.9614
2003-11-21,44.9403
2003-11-24,44.7034
2003-11-25,44.8140
2003-11-26,44.7034
2003-11-28,44.4085
2003-12-01,44.1372
2003-12-02,44.2639
2003-12-03,44.1477
2003-12-04,44.2428
2003-12-05,44.7813
2003-12-08,44.6123
2003-12-09,44.3906
2003-12-10,44.5015
2003-12-11,44.7707
2003-12-12,44.7707
2003-12-15,44.7496
2003-12-16,45.2882
2003-12-17,45.4055
2003-12-18,45.5601
2003-12-19,45.5655
2003-12-22,45.4428
2003-12-23,45.1336
2003-12-24,45.4161
2003-12-26,45.5601
2003-12-29,45.2828
2003-12-30,45.2348
2003-12-31,45.3146
2004-01-02,44.9507
2004-01-05,44.9133
2004-01-06,45.2504
2004-01-07,45.3520
2004-01-08,45.3520
2004-01-09,45.8870
2004-01-12,45.8870
2004-01-13,46.1331
2004-01-14,46.2240
2004-01-15,46.2508
2004-01-16,46.0582
2004-01-20,45.9780
2004-01-21,46.1117
2004-01-22,46.3096
2004-01-23,45.9619
2004-01-26,45.7693
2004-01-27,45.9512
2004-01-28,45.6196
2004-01-29,45.5660
2004-01-30,45.7747
2004-02-02,45.7291
2004-02-03,45.9061
2004-02-04,45.8310
2004-02-05,45.6593
2004-02-06,45.9383
2004-02-09,46.0456
2004-02-10,45.9169
2004-02-11,46.1583
2004-02-12,46.1315
2004-02-13,46.2495
2004-02-17,46.2495
2004-02-18,46.2388
2004-02-19,46.2710
2004-02-20,46.1154
2004-02-23,46.2656
2004-02-24,46.3461
2004-02-25,46.3998
2004-02-26,46.3300
2004-02-27,46.5125
2004-03-01,46.5615
2004-03-02,46.2924
2004-03-03,46.2493
2004-03-04,46.3946
2004-03-05,46.9704
2004-03-08,47.2342
2004-03-09,47.4118
2004-03-10,47.4064
2004-03-11,47.4118
2004-03-12,47.2664
2004-03-15,47.2933
2004-03-16,47.5248
2004-03-17,47.4925
2004-03-18,47.3418
2004-03-19,47.2772
2004-03-22,47.4548
2004-03-23,47.5248
2004-03-24,47.4925
2004-03-25,47.4279
2004-03-26,47.1265
2004-03-29,46.9274
2004-03-30,46.9436
2004-03-31,47.1158
2004-04-01,47.0002
2004-04-02,46.1313
2004-04-05,45.9046
2004-04-06,46.0665
2004-04-07,46.0719
2004-04-08,45.9856
2004-04-12,45.8398
2004-04-13,45.4836
2004-04-14,45.4512
2004-04-15,45.3865
2004-04-16,45.5538
2004-04-19,45.4350
2004-04-20,45.1058
2004-04-21,45.1976
2004-04-22,45.3757
2004-04-23,45.1867
2004-04-26,45.1813
2004-04-27,45.3595
2004-04-28,45.0626
2004-04-29,44.9601
2004-04-30,45.0680
2004-05-03,45.0507
2004-05-04,44.9207
2004-05-05,44.8178
2004-05-06,44.7745
2004-05-07,44.2222
2004-05-10,44.2114
2004-05-11,44.2980
2004-05-12,44.2331
2004-05-13,44.0977
2004-05-14,44.3197
2004-05-17,44.6067
2004-05-18,44.5200
2004-05-19,44.3143
2004-05-20,44.5363
2004-05-21,44.4388
2004-05-24,44.4713
2004-05-25,44.4875
2004-05-26,44.7095
2004-05-27,44.9532
2004-05-28,44.8287
2004-06-01,44.6054
2004-06-02,44.5293
2004-06-03,44.5999
2004-06-04,44.4152
2004-06-07,44.4804
2004-06-08,44.4696
2004-06-09,44.3391
2004-06-10,44.3881
2004-06-14,44.1708
2004-06-15,44.7575
2004-06-16,44.6597
2004-06-17,44.7847
2004-06-18,44.6923
2004-06-21,44.7629
2004-06-22,44.7032
2004-06-23,44.7684
2004-06-24,44.9422
2004-06-25,44.9640
2004-06-28,44.6326
2004-06-29,44.8444
2004-06-30,45.1215
2004-07-01,45.2104
2004-07-02,45.5974
2004-07-06,45.5102
2004-07-07,45.5320
2004-07-08,45.5374
2004-07-09,45.6137
2004-07-12,45.6682
2004-07-13,45.5701
2004-07-14,45.5483
2004-07-15,45.5265
2004-07-16,45.9680
2004-07-19,45.9572
2004-07-20,45.6574
2004-07-21,45.5592
2004-07-22,45.6137
2004-07-23,45.7228
2004-07-26,45.5646
2004-07-27,45.2431
2004-07-28,45.3139
2004-07-29,45.3575
2004-07-30,45.6682
2004-08-02,45.7136
2004-08-03,45.8230
2004-08-04,45.7957
2004-08-05,45.9324
2004-08-06,46.5613
2004-08-09,46.4082
2004-08-10,46.2167
2004-08-11,46.3754
2004-08-12,46.4355
2004-08-13,46.5176
2004-08-16,46.4683
2004-08-17,46.6871
2004-08-18,46.5340
2004-08-19,46.6488
2004-08-20,46.5558
2004-08-23,46.3972
2004-08-24,46.4410
2004-08-25,46.4465
2004-08-26,46.6488
2004-08-27,46.5941
2004-08-30,46.7582
2004-08-31,46.9605
2004-09-01,46.9529
2004-09-02,46.7005
2004-09-03,46.5743
2004-09-07,46.6018
2004-09-08,46.8706
2004-09-09,46.7883
2004-09-10,46.8816
2004-09-13,46.9967
2004-09-14,47.0077
2004-09-15,46.9584
2004-09-16,47.2161
2004-09-17,47.0516
2004-09-20,47.3204
2004-09-21,47.3533
2004-09-22,47.5453
2004-09-23,47.3808
2004-09-24,47.3753
2004-09-27,47.5069
2004-09-28,47.4575
2004-09-29,47.1613
2004-09-30,47.1119
2004-10-01,46.9232
2004-10-04,46.9397
2004-10-05,46.9397
2004-10-06,46.7856
2004-10-07,46.7031
2004-10-08,47.0993
2004-10-11,47.1763
2004-10-12,47.1763
2004-10-13,47.3469
2004-10-14,47.5119
2004-10-15,47.3524
2004-10-18,47.4239
2004-10-19,47.4074
2004-10-20,47.6220
2004-10-21,47.5560
2004-10-22,47.6880
2004-10-25,47.7431
2004-10-26,47.6605
2004-10-27,47.3689
2004-10-28,47.4404
2004-10-29,47.5780
2004-11-01,47.3434
2004-11-02,47.4593
2004-11-03,47.4427
2004-11-04,47.4152
2004-11-05,47.0619
2004-11-08,46.9957
2004-11-09,47.0068
2004-11-10,46.9129
2004-11-11,46.9019
2004-11-12,47.0785
2004-11-15,47.1005
2004-11-16,47.0509
2004-11-17,47.2993
2004-11-18,47.3379
2004-11-19,47.0785
2004-11-22,47.1116
2004-11-23,47.0674
2004-11-24,47.1337
2004-11-26,46.9626
2004-11-29,46.6811
2004-11-30,46.6370
2004-12-01,46.6215
2004-12-02,46.5162
2004-12-03,46.9813
2004-12-06,47.0699
2004-12-07,47.0643
2004-12-08,47.4131
2004-12-09,47.3024
2004-12-10,47.3743
2004-12-13,47.4076
2004-12-14,47.4907
2004-12-15,47.6623
2004-12-16,47.2969
2004-12-17,47.2360
2004-12-20,47.2913
2004-12-21,47.3578
2004-12-22,47.3080
2004-12-23,47.2470
2004-12-27,47.0477
2004-12-28,47.0422
2004-12-29,46.9481
2004-12-30,47.1253
2004-12-31,47.1814
2005-01-03,47.2758
2005-01-04,46.9814
2005-01-05,47.0592
2005-01-06,47.1036
2005-01-07,47.0647
2005-01-10,47.0592
2005-01-11,47.1536
2005-01-12,47.2258
2005-01-13,47.4146
2005-01-14,47.3868
2005-01-18,47.3702
2005-01-19,47.3980
2005-01-20,47.4813
2005-01-21,47.5757
2005-01-24,47.5702
2005-01-25,47.3924
2005-01-26,47.4035
2005-01-27,47.3313
2005-01-28,47.5757
2005-01-31,47.5923
2005-02-01,47.5595
2005-02-02,47.5651
2005-02-03,47.4871
2005-02-04,47.7322
2005-02-07,47.8269
2005-02-08,47.8715
2005-02-09,48.1054
2005-02-10,47.8046
2005-02-11,47.7433
2005-02-14,47.8046
2005-02-15,47.7322
2005-02-16,47.5595
2005-02-17,47.4536
2005-02-18,47.2141
2005-02-22,47.2197
2005-02-23,47.2587
2005-02-24,47.1807
2005-02-25,47.2475
2005-02-28,46.9412
2005-03-01,46.9417
2005-03-02,46.9361
2005-03-03,46.9081
2005-03-04,47.1204
2005-03-07,47.1316
2005-03-08,46.9081
2005-03-09,46.5506
2005-03-10,46.6344
2005-03-11,46.4389
2005-03-14,46.5506
2005-03-15,46.4612
2005-03-16,46.5674
2005-03-17,46.7461
2005-03-18,46.6288
2005-03-21,46.5730
2005-03-22,46.2322
2005-03-23,46.3384
2005-03-24,46.3774
2005-03-28,46.2266
2005-03-29,46.4165
2005-03-30,46.5227
2005-03-31,46.7518
2005-04-01,46.8465
2005-04-04,46.8240
2005-04-05,46.8296
2005-04-06,46.9697
2005-04-07,46.7904
2005-04-08,46.8408
2005-04-11,46.9810
2005-04-12,47.2276
2005-04-13,47.2500
2005-04-14,47.3733
2005-04-15,47.6816
2005-04-18,47.5807
2005-04-19,47.8554
2005-04-20,47.8273
2005-04-21,47.4854
2005-04-22,47.6872
2005-04-25,47.6872
2005-04-26,47.6648
2005-04-27,47.8105
2005-04-28,48.1020
2005-04-29,47.9282
2005-05-02,47.9771
2005-05-03,48.0390
2005-05-04,48.0278
2005-05-05,48.1795
2005-05-06,47.8366
2005-05-09,47.8310
2005-05-10,47.9996
2005-05-11,48.0614
2005-05-12,48.1064
2005-05-13,48.2301
2005-05-16,48.2358
2005-05-17,48.2976
2005-05-18,48.4551
2005-05-19,48.3088
2005-05-20,48.3033
2005-05-23,48.5225
2005-05-24,48.6518
2005-05-25,48.4775
2005-05-26,48.5057
2005-05-27,48.5562
2005-05-31,48.8093
2005-06-01,49.1104
2005-06-02,49.0935
2005-06-03,48.8115
2005-06-06,48.9413
2005-06-07,49.0823
2005-06-08,48.9920
2005-06-09,48.9638
2005-06-10,48.6536
2005-06-13,48.5239
2005-06-14,48.4675
2005-06-15,48.4506
2005-06-16,48.6029
2005-06-17,48.5465
2005-06-20,48.4731
2005-06-21,48.6254
2005-06-22,48.9920
2005-06-23,48.9413
2005-06-24,49.0597
2005-06-27,49.0991
2005-06-28,48.8905
2005-06-29,48.8736
2005-06-30,49.0427
2005-07-01,48.6208
2005-07-05,48.4227
2005-07-06,48.5246
2005-07-07,48.6377
2005-07-08,48.4623
2005-07-11,48.4398
2005-07-12,48.3153
2005-07-13,48.2700
2005-07-14,48.2078
2005-07-15,48.2191
2005-07-18,48.1399
2005-07-19,48.2078
2005-07-20,48.2983
2005-07-21,47.9419
2005-07-22,48.1682
2005-07-25,48.0833
2005-07-26,48.1173
2005-07-27,48.0494
2005-07-28,48.2587
2005-07-29,47.9702
2005-08-01,47.8743
2005-08-02,47.8289
2005-08-03,47.9481
2005-08-04,47.9140
2005-08-05,47.6586
2005-08-08,47.5338
2005-08-09,47.6700
2005-08-10,47.6473
2005-08-11,47.8516
2005-08-12,48.0445
2005-08-15,47.9821
2005-08-16,48.2091
2005-08-17,48.0219
2005-08-18,48.2772
2005-08-19,48.2489
2005-08-22,48.2886
2005-08-23,48.3794
2005-08-24,48.4021
2005-08-25,48.4304
2005-08-26,48.3510
2005-08-29,48.3850
2005-08-30,48.6121
2005-08-31,48.9299
2005-09-01,48.9777
2005-09-02,48.9891
2005-09-06,48.8354
2005-09-07,48.6759
2005-09-08,48.6759
2005-09-09,48.7158
2005-09-12,48.5620
2005-09-13,48.7101
2005-09-14,48.6076
2005-09-15,48.4596
2005-09-16,48.2717
2005-09-19,48.3685
2005-09-20,48.3287
2005-09-21,48.5507
2005-09-22,48.5849
2005-09-23,48.3173
2005-09-26,48.1921
2005-09-27,48.2205
2005-09-28,48.3173
2005-09-29,48.2091
2005-09-30,48.0725
2005-10-03,47.8880
2005-10-04,47.9109
2005-10-05,48.0251
2005-10-06,47.9623
2005-10-07,48.0251
2005-10-10,48.0364
2005-10-11,47.9451
2005-10-12,47.7624
2005-10-13,47.6881
2005-10-14,47.6881
2005-10-17,47.6309
2005-10-18,47.6995
2005-10-19,47.7566
2005-10-20,47.7852
2005-10-21,47.9965
2005-10-24,47.7909
2005-10-25,47.5681
2005-10-26,47.3853
2005-10-27,47.4939
2005-10-28,47.4425
2005-10-31,47.4767
2005-11-01,47.4469
2005-11-02,47.3495
2005-11-03,47.1833
2005-11-04,47.1603
2005-11-07,47.2463
2005-11-08,47.4813
2005-11-09,47.2291
2005-11-10,47.4985
2005-11-11,47.5558
2005-11-14,47.3438
2005-11-15,47.5042
2005-11-16,47.7450
2005-11-17,47.8366
2005-11-18,47.7221
2005-11-21,47.8138
2005-11-22,47.9800
2005-11-23,47.8539
2005-11-25,47.9972
2005-11-28,48.0602
2005-11-29,47.7965
2005-11-30,47.7736
2005-12-01,47.6661
2005-12-02,47.7064
2005-12-05,47.5625
2005-12-06,47.7868
2005-12-07,47.7581
2005-12-08,47.9651
2005-12-09,47.7524
2005-12-12,47.6431
2005-12-13,47.7581
2005-12-14,48.0571
2005-12-15,47.9939
2005-12-16,48.0802
2005-12-19,48.1089
2005-12-20,48.0284
2005-12-21,47.9651
2005-12-22,48.1549
2005-12-23,48.2700
2005-12-27,48.5000
2005-12-28,48.3511
2005-12-29,48.4089
2005-12-30,48.4261
2006-01-03,48.4203
2006-01-04,48.5069
2006-01-05,48.5185
2006-01-06,48.4550
2006-01-09,48.4781
2006-01-10,48.2819
2006-01-11,48.1607
2006-01-12,48.3338
2006-01-13,48.5473
2006-01-17,48.6050
2006-01-18,48.6224
2006-01-19,48.5011
2006-01-20,48.5820
2006-01-23,48.5704
2006-01-24,48.4896
2006-01-25,48.1895
2006-01-26,48.0857
2006-01-27,48.1202
2006-01-30,48.0164
2006-01-31,48.0857
2006-02-01,47.9374
2006-02-02,47.9374
2006-02-03,48.0821
2006-02-06,48.0127
2006-02-07,47.9548
2006-02-08,47.9258
2006-02-09,47.9722
2006-02-10,47.8332
2006-02-13,47.8332
2006-02-14,47.7637
2006-02-15,47.8506
2006-02-16,47.8274
2006-02-17,47.9895
2006-02-21,47.9316
2006-02-22,48.1111
2006-02-23,47.9953
2006-02-24,47.9374
2006-02-27,47.8448
2006-02-28,48.0359
2006-03-01,47.9412
2006-03-02,47.7495
2006-03-03,47.6333
2006-03-06,47.4823
2006-03-07,47.5056
2006-03-08,47.5288
2006-03-09,47.5753
2006-03-10,47.4823
2006-03-13,47.4417
2006-03-14,47.7146
2006-03-15,47.6275
2006-03-16,47.9296
2006-03-17,47.8308
2006-03-20,47.9238
2006-03-21,47.7263
2006-03-22,47.7843
2006-03-23,47.6623
2006-03-24,47.8715
2006-03-27,47.7669
2006-03-28,47.5346
2006-03-29,47.4882
2006-03-30,47.3488
2006-03-31,47.3836
2006-04-03,47.3312
2006-04-04,47.3370
2006-04-05,47.4477
2006-04-06,47.3137
2006-04-07,47.0981
2006-04-10,47.1563
2006-04-11,47.2437
2006-04-12,47.1331
2006-04-13,46.8825
2006-04-17,47.0631
2006-04-18,47.2146
2006-04-19,47.0806
2006-04-20,47.0398
2006-04-21,47.1389
2006-04-24,47.1971
2006-04-25,46.9000
2006-04-26,46.8766
2006-04-27,47.0049
2006-04-28,47.0864
2006-05-01,46.8314
2006-05-02,46.9074
2006-05-03,46.8431
2006-05-04,46.8139
2006-05-05,46.9250
2006-05-08,46.9484
2006-05-09,46.9309
2006-05-10,46.9543
2006-05-11,46.8724
2006-05-12,46.6970
2006-05-15,46.7963
2006-05-16,46.9718
2006-05-17,46.8373
2006-05-18,47.1706
2006-05-19,47.1414
2006-05-22,47.2058
2006-05-23,47.1882
2006-05-24,47.2584
2006-05-25,47.1823
2006-05-26,47.2233
2006-05-30,47.1823
2006-05-31,47.0361
2006-06-01,47.1148
2006-06-02,47.4787
2006-06-05,47.3848
2006-06-06,47.4259
2006-06-07,47.3613
2006-06-08,47.4259
2006-06-09,47.5433
2006-06-12,47.5198
2006-06-13,47.5843
2006-06-14,47.2674
2006-06-15,47.1618
2006-06-16,47.1324
2006-06-19,47.0795
2006-06-20,47.0443
2006-06-21,47.0385
2006-06-22,46.8859
2006-06-23,46.8448
2006-06-26,46.8154
2006-06-27,46.9387
2006-06-28,46.7861
2006-06-29,46.9798
2006-06-30,47.1441
2006-07-03,47.1217
2006-07-05,46.9508
2006-07-06,47.0982
2006-07-07,47.2454
2006-07-10,47.2808
2006-07-11,47.3339
2006-07-12,47.3751
2006-07-13,47.4811
2006-07-14,47.5165
2006-07-17,47.4753
2006-07-18,47.2926
2006-07-19,47.5931
2006-07-20,47.6933
2006-07-21,47.6638
2006-07-24,47.6638
2006-07-25,47.6167
2006-07-26,47.7346
2006-07-27,47.7286
2006-07-28,47.8583
2006-07-31,47.9349
2006-08-01,47.9461
2006-08-02,47.9875
2006-08-03,47.9994
2006-08-04,48.2360
2006-08-07,48.1709
2006-08-08,48.1769
2006-08-09,48.1532
2006-08-10,48.1650
2006-08-11,48.0112
2006-08-14,47.9284
2006-08-15,48.1591
2006-08-16,48.3602
2006-08-17,48.3484
2006-08-18,48.4785
2006-08-21,48.5377
2006-08-22,48.5554
2006-08-23,48.5081
2006-08-24,48.5554
2006-08-25,48.6205
2006-08-28,48.6146
2006-08-29,48.6560
2006-08-30,48.7151
2006-08-31,48.7802
2006-09-01,48.8526
2006-09-05,48.6923
2006-09-06,48.6567
2006-09-07,48.6923
2006-09-08,48.7399
2006-09-11,48.6508
2006-09-12,48.7874
2006-09-13,48.8349
2006-09-14,48.7399
2006-09-15,48.7102
2006-09-18,48.6390
2006-09-19,48.9299
2006-09-20,48.9417
2006-09-21,49.2921
2006-09-22,49.4406
2006-09-25,49.6068
2006-09-26,49.4821
2006-09-27,49.4702
2006-09-28,49.4228
2006-09-29,49.3693
2006-10-02,49.4563
2006-10-03,49.4503
2006-10-04,49.6768
2006-10-05,49.5040
2006-10-06,49.2358
2006-10-09,49.2954
2006-10-10,48.9974
2006-10-11,48.9377
2006-10-12,48.9676
2006-10-13,48.8841
2006-10-16,48.9676
2006-10-17,49.0212
2006-10-18,49.0093
2006-10-19,48.9676
2006-10-20,48.9556
2006-10-23,48.8185
2006-10-24,48.8841
2006-10-25,49.0629
2006-10-26,49.2298
2006-10-27,49.3907
2006-10-30,49.4146
2006-10-31,49.6351
2006-11-01,49.8074
2006-11-02,49.6698
2006-11-03,49.2929
2006-11-06,49.3408
2006-11-07,49.5083
2006-11-08,49.6160
2006-11-09,49.6100
2006-11-10,49.7177
2006-11-13,49.6938
2006-11-14,49.7955
2006-11-15,49.6579
2006-11-16,49.5323
2006-11-17,49.7117
2006-11-20,49.7416
2006-11-21,49.8134
2006-11-22,49.8912
2006-11-24,49.9450
2006-11-27,49.9929
2006-11-28,50.0827
2006-11-29,50.0229
2006-11-30,50.2861
2006-12-01,50.4026
2006-12-04,50.3966
2006-12-05,50.3305
2006-12-06,50.2525
2006-12-07,50.2345
2006-12-08,50.0062
2006-12-11,50.1624
2006-12-12,50.2525
2006-12-13,49.9942
2006-12-14,49.9162
2006-12-15,49.9282
2006-12-18,49.9522
2006-12-19,49.9402
2006-12-20,49.9282
2006-12-21,50.1084
2006-12-22,49.8802
2006-12-26,49.9162
2006-12-27,49.7831
2006-12-28,49.6687
2006-12-29,49.6446
2007-01-03,49.7892
2007-01-04,49.9698
2007-01-05,49.8072
2007-01-08,49.8433
2007-01-09,49.8313
2007-01-10,49.7470
2007-01-11,49.6145
2007-01-12,49.5121
2007-01-16,49.6085
2007-01-17,49.5121
2007-01-18,49.5784
2007-01-19,49.5001
2007-01-22,49.5904
2007-01-23,49.4459
2007-01-24,49.4519
2007-01-25,49.2592
2007-01-26,49.2532
2007-01-29,49.2171
2007-01-30,49.2652
2007-01-31,49.4459
2007-02-01,49.4102
2007-02-02,49.4525
2007-02-05,49.5069
2007-02-06,49.6460
2007-02-07,49.7547
2007-02-08,49.7669
2007-02-09,49.6157
2007-02-12,49.5493
2007-02-13,49.5130
2007-02-14,49.7971
2007-02-15,49.8757
2007-02-16,49.9301
2007-02-20,49.9905
2007-02-21,49.9845
2007-02-22,49.8575
2007-02-23,50.0570
2007-02-26,50.2142
2007-02-27,50.6373
2007-02-28,50.4620
2007-03-01,50.5075
2007-03-02,50.6713
2007-03-05,50.7016
2007-03-06,50.6348
2007-03-07,50.7258
2007-03-08,50.7198
2007-03-09,50.4347
2007-03-12,50.5742
2007-03-13,50.7986
2007-03-14,50.7319
2007-03-15,50.6773
2007-03-16,50.6713
2007-03-19,50.6046
2007-03-20,50.6773
2007-03-21,50.7501
2007-03-22,50.5803
2007-03-23,50.5014
2007-03-26,50.5439
2007-03-27,50.5318
2007-03-28,50.5257
2007-03-29,50.4529
2007-03-30,50.3923
2007-04-02,50.4483
2007-04-03,50.4057
2007-04-04,50.4849
2007-04-05,50.3570
2007-04-09,50.1256
2007-04-10,50.2291
2007-04-11,50.1682
2007-04-12,50.2169
2007-04-13,50.1317
2007-04-16,50.1865
2007-04-17,50.3996
2007-04-18,50.5152
2007-04-19,50.5092
2007-04-20,50.4544
2007-04-23,50.5579
2007-04-24,50.6553
2007-04-25,50.6249
2007-04-26,50.4787
2007-04-27,50.4787
2007-04-30,50.6979
2007-05-01,50.7004
2007-05-02,50.6393
2007-05-03,50.5842
2007-05-04,50.7126
2007-05-07,50.7553
2007-05-08,50.7553
2007-05-09,50.5903
2007-05-10,50.7187
2007-05-11,50.6148
2007-05-14,50.5415
2007-05-15,50.5353
2007-05-16,50.5048
2007-05-17,50.3704
2007-05-18,50.2236
2007-05-21,50.2909
2007-05-22,50.1503
2007-05-23,50.0525
2007-05-24,50.1198
2007-05-25,50.0648
2007-05-29,49.9609
2007-05-30,50.0098
2007-05-31,49.9915
2007-06-01,49.7760
2007-06-04,49.8558
2007-06-05,49.6963
2007-06-06,49.7208
2007-06-07,49.2238
2007-06-08,49.3158
2007-06-11,49.1870
2007-06-12,48.8372
2007-06-13,48.9968
2007-06-14,49.0090
2007-06-15,49.2238
2007-06-18,49.1993
2007-06-19,49.4386
2007-06-20,49.2791
2007-06-21,49.2176
2007-06-22,49.3650
2007-06-25,49.5245
2007-06-26,49.5368
2007-06-27,49.5306
2007-06-28,49.4999
2007-06-29,49.7576
2007-07-02,49.8334
2007-07-03,49.6856
2007-07-05,49.4084
2007-07-06,49.2914
2007-07-09,49.4700
2007-07-10,49.8088
2007-07-11,49.6363
2007-07-12,49.4946
2007-07-13,49.6055
2007-07-16,49.8026
2007-07-17,49.6979
2007-07-18,49.8766
2007-07-19,49.8704
2007-07-20,50.1167
2007-07-23,50.0983
2007-07-24,50.2338
2007-07-25,50.3015
2007-07-26,50.7020
2007-07-27,50.8005
2007-07-30,50.6712
2007-07-31,50.8806
2007-08-01,50.7396
2007-08-02,50.7767
2007-08-03,51.1045
2007-08-06,50.9003
2007-08-07,50.8942
2007-08-08,50.5417
2007-08-09,50.8262
2007-08-10,50.7519
2007-08-13,50.8324
2007-08-14,51.0179
2007-08-15,51.1106
2007-08-16,51.3085
2007-08-17,51.3456
2007-08-20,51.4570
2007-08-21,51.6795
2007-08-22,51.5126
2007-08-23,51.5311
2007-08-24,51.5497
2007-08-27,51.6919
2007-08-28,51.9578
2007-08-29,51.7599
2007-08-30,52.0197
2007-08-31,52.0321
2007-09-04,51.9352
2007-09-05,52.2580
2007-09-06,52.1463
2007-09-07,52.7050
2007-09-10,52.8230
2007-09-11,52.7113
2007-09-12,52.5809
2007-09-13,52.2705
2007-09-14,52.3388
2007-09-17,52.3698
2007-09-18,52.3139
2007-09-19,52.1277
2007-09-20,51.5378
2007-09-21,51.7986
2007-09-24,51.8669
2007-09-25,51.8731
2007-09-26,51.8917
2007-09-27,52.0594
2007-09-28,52.0780
2007-10-01,52.1403
2007-10-02,52.2524
2007-10-03,52.2151
2007-10-04,52.3086
2007-10-05,51.8474
2007-10-08,52.0344
2007-10-09,51.8723
2007-10-10,51.9222
2007-10-11,51.9284
2007-10-12,51.7540
2007-10-15,51.8038
2007-10-16,51.9471
2007-10-17,52.2649
2007-10-18,52.4644
2007-10-19,52.9130
2007-10-22,52.8133
2007-10-23,52.8009
2007-10-24,53.0688
2007-10-25,53.0252
2007-10-26,52.8943
2007-10-29,52.9380
2007-10-30,52.9940
2007-10-31,52.6388
2007-11-01,53.0685
2007-11-02,53.2123
2007-11-05,53.1498
2007-11-06,53.0560
2007-11-07,53.2498
2007-11-08,53.3686
2007-11-09,53.6875
2007-11-12,53.7814
2007-11-13,53.5062
2007-11-14,53.5438
2007-11-15,53.8439
2007-11-16,53.8439
2007-11-19,54.2316
2007-11-20,54.0878
2007-11-21,54.5131
2007-11-23,54.3504
2007-11-26,55.0946
2007-11-27,54.5818
2007-11-28,54.3880
2007-11-29,54.6944
2007-11-30,54.7694
2007-12-03,54.9859
2007-12-04,55.0361
2007-12-05,54.8291
2007-12-06,54.5404
2007-12-07,54.1890
2007-12-10,54.0635
2007-12-11,54.8040
2007-12-12,54.3459
2007-12-13,53.9444
2007-12-14,53.7874
2007-12-17,54.1075
2007-12-18,54.2141
2007-12-19,54.6471
2007-12-20,54.5593
2007-12-21,54.1639
2007-12-24,54.0071
2007-12-26,53.7498
2007-12-27,54.1106
2007-12-28,54.5452
2007-12-31,54.7971
2008-01-02,55.1876
2008-01-03,55.3010
2008-01-04,55.4458
2008-01-07,55.5465
2008-01-08,55.6662
2008-01-09,55.5781
2008-01-10,55.4269
2008-01-11,55.7796
2008-01-14,55.8048
2008-01-15,56.1701
2008-01-16,56.0630
2008-01-17,56.5164
2008-01-18,56.4346
2008-01-22,57.0643
2008-01-23,56.7998
2008-01-24,56.2834
2008-01-25,56.8061
2008-01-28,56.5983
2008-01-29,56.3716
2008-01-30,56.3464
2008-01-31,56.6361
2008-02-01,56.8199
2008-02-04,56.5041
2008-02-05,56.9020
2008-02-06,56.8010
2008-02-07,56.1629
2008-02-08,56.6367
2008-02-11,56.7630
2008-02-12,56.6430
2008-02-13,56.4030
2008-02-14,56.0934
2008-02-15,56.2134
2008-02-19,55.8091
2008-02-20,55.7586
2008-02-21,56.3335
2008-02-22,56.1756
2008-02-25,55.8028
2008-02-26,55.9418
2008-02-27,56.0745
2008-02-28,56.7315
2008-02-29,57.3380
2008-03-03,57.1922
2008-03-04,56.9767
2008-03-05,56.7296
2008-03-06,57.1859
2008-03-07,57.3823
2008-03-10,57.7943
2008-03-11,57.1669
2008-03-12,57.8259
2008-03-13,57.5217
2008-03-14,58.1174
2008-03-17,58.4089
2008-03-18,58.0097
2008-03-19,58.5103
2008-03-20,58.6371
2008-03-24,57.6041
2008-03-25,57.8070
2008-03-26,57.8513
2008-03-27,57.7753
2008-03-28,58.0033
2008-03-31,58.1048
2008-04-01,57.5967
2008-04-02,57.4059
2008-04-03,57.4059
2008-04-04,57.8446
2008-04-07,57.4631
2008-04-08,57.4695
2008-04-09,57.8129
2008-04-10,57.5840
2008-04-11,57.8320
2008-04-14,57.6857
2008-04-15,57.4250
2008-04-16,57.0371
2008-04-17,56.9036
2008-04-18,56.8464
2008-04-21,56.8527
2008-04-22,56.8973
2008-04-23,56.8400
2008-04-24,56.3949
2008-04-25,56.3186
2008-04-28,56.4203
2008-04-29,56.5221
2008-04-30,56.7001
2008-05-01,56.6938
2008-05-02,56.2345
2008-05-05,56.3174
2008-05-06,56.1388
2008-05-07,56.3621
2008-05-08,56.7256
2008-05-09,56.7894
2008-05-12,56.6938
2008-05-13,56.2217
2008-05-14,56.2026
2008-05-15,56.5151
2008-05-16,56.4194
2008-05-19,56.5470
2008-05-20,56.7192
2008-05-21,56.5853
2008-05-22,56.2154
2008-05-23,56.4641
2008-05-27,56.1899
2008-05-28,55.7688
2008-05-29,55.5073
2008-05-30,55.6923
2008-06-02,56.0232
2008-06-03,56.3177
2008-06-04,56.1129
2008-06-05,55.8184
2008-06-06,56.3049
2008-06-09,55.9016
2008-06-10,55.5688
2008-06-11,55.6263
2008-06-12,55.1399
2008-06-13,55.0118
2008-06-16,55.0182
2008-06-17,55.2039
2008-06-18,55.5047
2008-06-19,55.1847
2008-06-20,55.4407
2008-06-23,55.4151
2008-06-24,55.7096
2008-06-25,55.7032
2008-06-26,56.0168
2008-06-27,56.2921
2008-06-30,56.3305
2008-07-01,56.1777
2008-07-02,56.3125
2008-07-03,56.3318
2008-07-07,56.5951
2008-07-08,56.7364
2008-07-09,57.0062
2008-07-10,57.0254
2008-07-11,56.4924
2008-07-14,56.7942
2008-07-15,56.9997
2008-07-16,56.4795
2008-07-17,56.2097
2008-07-18,56.0171
2008-07-21,56.1455
2008-07-22,55.9529
2008-07-23,55.8630
2008-07-24,56.3446
2008-07-25,56.0171
2008-07-28,56.3382
2008-07-29,56.1777
2008-07-30,56.2868
2008-07-31,56.7364
2008-08-01,56.7648
2008-08-04,56.7261
2008-08-05,56.4361
2008-08-06,56.4554
2008-08-07,56.9839
2008-08-08,56.9581
2008-08-11,56.6810
2008-08-12,57.0741
2008-08-13,56.9517
2008-08-14,57.1257
2008-08-15,57.3383
2008-08-18,57.4801
2008-08-19,57.3963
2008-08-20,57.5639
2008-08-21,57.4415
2008-08-22,57.2738
2008-08-25,57.6541
2008-08-26,57.6735
2008-08-27,57.7572
2008-08-28,57.6735
2008-08-29,57.6026
2008-09-02,57.9162
2008-09-03,58.0584
2008-09-04,58.3494
2008-09-05,58.2200
2008-09-08,58.2265
2008-09-09,58.4917
2008-09-10,58.3429
2008-09-11,58.2394
2008-09-12,57.9485
2008-09-15,59.0607
2008-09-16,58.8925
2008-09-17,59.4228
2008-09-18,58.7244
2008-09-19,57.6769
2008-09-22,57.5541
2008-09-23,57.5541
2008-09-24,57.7028
2008-09-25,57.5282
2008-09-26,57.4894
2008-09-29,58.2912
2008-09-30,57.5218
2008-10-01,57.9272
2008-10-02,58.2517
2008-10-03,58.4722
2008-10-06,58.9459
2008-10-07,58.9005
2008-10-08,58.1478
2008-10-09,57.5639
2008-10-10,56.8892
2008-10-13,56.4998
2008-10-14,56.2338
2008-10-15,56.6945
2008-10-16,56.7075
2008-10-17,57.0643
2008-10-20,57.1227
2008-10-21,57.7261
2008-10-22,58.1673
2008-10-23,58.2452
2008-10-24,57.9986
2008-10-27,57.9662
2008-10-28,57.4990
2008-10-29,57.5834
2008-10-30,57.1421
2008-10-31,57.0254
2008-11-03,57.1165
2008-11-04,57.8003
2008-11-05,58.1064
2008-11-06,57.9306
2008-11-07,57.7221
2008-11-10,57.7808
2008-11-11,57.9957
2008-11-12,58.3538
2008-11-13,57.9306
2008-11-14,58.5036
2008-11-17,58.7510
2008-11-18,59.2069
2008-11-19,59.8451
2008-11-20,61.0498
2008-11-21,60.4897
2008-11-24,59.9232
2008-11-25,60.9521
2008-11-26,61.3233
2008-11-28,61.4470
2008-12-01,62.2788
2008-12-02,62.6055
2008-12-03,62.7035
2008-12-04,63.0955
2008-12-05,62.4291
2008-12-08,62.1938
2008-12-09,62.7230
2008-12-10,62.6642
2008-12-11,63.0432
2008-12-12,63.2196
2008-12-15,63.3567
2008-12-16,64.3630
2008-12-17,64.8007
2008-12-18,65.2385
2008-12-19,65.0229
2008-12-22,64.8530
2008-12-23,64.8204
2008-12-24,64.7550
2008-12-26,65.1013
2008-12-29,65.2449
2008-12-30,65.3367
2008-12-31,64.6154
2009-01-02,63.6907
2009-01-05,63.5792
2009-01-06,63.5398
2009-01-07,63.5529
2009-01-08,63.7235
2009-01-09,64.0186
2009-01-12,64.4186
2009-01-13,64.4645
2009-01-14,64.8252
2009-01-15,64.7727
2009-01-16,64.1760
2009-01-20,64.0776
2009-01-21,63.5071
2009-01-22,63.0874
2009-01-23,63.1005
2009-01-26,62.9431
2009-01-27,63.3562
2009-01-28,62.9496
2009-01-29,62.1299
2009-01-30,62.1037
2009-02-02,62.6074
2009-02-03,62.0681
2009-02-04,61.7524
2009-02-05,61.8971
2009-02-06,61.5223
2009-02-09,61.3974
2009-02-10,62.2194
2009-02-11,62.6994
2009-02-12,62.6797
2009-02-13,62.1866
2009-02-17,63.2322
2009-02-18,62.7718
2009-02-19,62.4233
2009-02-20,62.6009
2009-02-23,62.6600
2009-02-24,62.4233
2009-02-25,61.8577
2009-02-26,61.6998
2009-02-27,61.6472
2009-03-02,62.2658
2009-03-03,62.1866
2009-03-04,61.8701
2009-03-05,62.5954
2009-03-06,62.2988
2009-03-09,62.3251
2009-03-10,61.8701
2009-03-11,62.3119
2009-03-12,62.4899
2009-03-13,62.4438
2009-03-16,62.0878
2009-03-17,61.9690
2009-03-18,64.0922
2009-03-19,63.8746
2009-03-20,63.8746
2009-03-23,63.6571
2009-03-24,63.5648
2009-03-25,63.1823
2009-03-26,63.3472
2009-03-27,63.3076
2009-03-30,63.5779
2009-03-31,63.6900
2009-04-01,63.8461
2009-04-02,63.4295
2009-04-03,62.7021
2009-04-06,62.5566
2009-04-07,62.7153
2009-04-08,63.0261
2009-04-09,62.6558
2009-04-13,63.0261
2009-04-14,63.3502
2009-04-15,63.4096
2009-04-16,63.1583
2009-04-17,62.6492
2009-04-20,63.0856
2009-04-21,62.8409
2009-04-22,62.6889
2009-04-23,62.6757
2009-04-24,62.4310
2009-04-27,62.6889
2009-04-28,62.3847
2009-04-29,62.0474
2009-04-30,61.9416
2009-05-01,61.7427
2009-05-04,61.8024
2009-05-05,61.7891
2009-05-06,61.8156
2009-05-07,61.2983
2009-05-08,61.3712
2009-05-11,61.9482
2009-05-12,61.9084
2009-05-13,62.1937
2009-05-14,62.2003
2009-05-15,62.0477
2009-05-18,61.6830
2009-05-19,61.5968
2009-05-20,61.7891
2009-05-21,61.1126
2009-05-22,60.7544
2009-05-26,60.3498
2009-05-27,59.6666
2009-05-28,59.9784
2009-05-29,60.6549
2009-06-01,59.6650
2009-06-02,59.8646
2009-06-03,60.2305
2009-06-04,59.5320
2009-06-05,58.9399
2009-06-08,58.6405
2009-06-09,58.8934
2009-06-10,58.5408
2009-06-11,58.9399
2009-06-12,59.2526
2009-06-15,59.5187
2009-06-16,59.8513
2009-06-17,59.6917
2009-06-18,58.9665
2009-06-19,59.2393
2009-06-22,59.5585
2009-06-23,59.7515
2009-06-24,59.5253
2009-06-25,60.2704
2009-06-26,60.3502
2009-06-29,60.4767
2009-06-30,60.3170
2009-07-01,60.2783
2009-07-02,60.4784
2009-07-06,60.5184
2009-07-07,60.7586
2009-07-08,61.4590
2009-07-09,61.0988
2009-07-10,61.4790
2009-07-13,61.2589
2009-07-14,60.8520
2009-07-15,60.0648
2009-07-16,60.4251
2009-07-17,60.0181
2009-07-20,60.2383
2009-07-21,60.9120
2009-07-22,60.5518
2009-07-23,59.9647
2009-07-24,60.0915
2009-07-27,59.8113
2009-07-28,59.9314
2009-07-29,59.9714
2009-07-30,60.2115
2009-07-31,60.8186
2009-08-03,60.1723
2009-08-04,59.9984
2009-08-05,59.6572
2009-08-06,59.6572
2009-08-07,59.2625
2009-08-10,59.6438
2009-08-11,60.0586
2009-08-12,59.8914
2009-08-13,60.3597
2009-08-14,60.5470
2009-08-17,60.9618
2009-08-18,60.7477
2009-08-19,60.9752
2009-08-20,61.1357
2009-08-21,60.5135
2009-08-24,60.8882
2009-08-25,61.0488
2009-08-26,61.1291
2009-08-27,60.9618
2009-08-28,61.1023
2009-08-31,61.2829
2009-09-01,61.4419
2009-09-02,61.7774
2009-09-03,61.5560
2009-09-04,61.1870
2009-09-08,61.0461
2009-09-09,61.0997
2009-09-10,61.5560
2009-09-11,61.7371
2009-09-14,61.3748
2009-09-15,61.2473
2009-09-16,61.2004
2009-09-17,61.5023
2009-09-18,61.1736
2009-09-21,61.1333
2009-09-22,61.2943
2009-09-23,61.4285
2009-09-24,61.5962
2009-09-25,61.8444
2009-09-28,61.9518
2009-09-29,61.9250
2009-09-30,61.9719
2009-10-01,62.4381
2009-10-02,62.4113
2009-10-05,62.4046
2009-10-06,62.2027
2009-10-07,62.5996
2009-10-08,62.3709
2009-10-09,61.7722
2009-10-12,61.9538
2009-10-13,62.0951
2009-10-14,61.6712
2009-10-15,61.4694
2009-10-16,61.7520
2009-10-19,61.8461
2009-10-20,61.9874
2009-10-21,61.8461
2009-10-22,61.6645
2009-10-23,61.3618
2009-10-26,61.0119
2009-10-27,61.5367
2009-10-28,61.7251
2009-10-29,61.4290
2009-10-30,61.8865
2009-11-02,61.7237
2009-11-03,61.5812
2009-11-04,61.4116
2009-11-05,61.4252
2009-11-06,61.6084
2009-11-09,61.6355
2009-11-10,61.6830
2009-11-11,61.8594
2009-11-12,61.8797
2009-11-13,61.9272
2009-11-16,62.2596
2009-11-17,62.3953
2009-11-18,62.2392
2009-11-19,62.3139
2009-11-20,62.3071
2009-11-23,62.2189
2009-11-24,62.5378
2009-11-25,62.7481
2009-11-27,63.0331
2009-11-30,63.1348
2009-12-01,62.7866
2009-12-02,62.6575
2009-12-03,62.3651
2009-12-04,61.9027
2009-12-07,62.0728
2009-12-08,62.2903
2009-12-09,62.1679
2009-12-10,61.9571
2009-12-11,61.6512
2009-12-14,61.6512
2009-12-15,61.4540
2009-12-16,61.4540
2009-12-17,61.9980
2009-12-18,61.6919
2009-12-21,61.0596
2009-12-22,60.7876
2009-12-23,60.7604
2009-12-24,60.5428
2009-12-28,60.3796
2009-12-29,60.5390
2009-12-30,60.6480
2009-12-31,60.3551
2010-01-04,60.5050
2010-01-05,60.7707
2010-01-06,60.5254
2010-01-07,60.5254
2010-01-08,60.6004
2010-01-11,60.6412
2010-01-12,61.0772
2010-01-13,60.7843
2010-01-14,61.0704
2010-01-15,61.3429
2010-01-19,61.2339
2010-01-20,61.4450
2010-01-21,61.6698
2010-01-22,61.7243
2010-01-25,61.5881
2010-01-26,61.7108
2010-01-27,61.5677
2010-01-28,61.5472
2010-01-29,61.7857
2010-02-01,61.5738
2010-02-02,61.6763
2010-02-03,61.3824
2010-02-04,61.8882
2010-02-05,62.0864
2010-02-08,62.0317
2010-02-09,61.6968
2010-02-10,61.5260
2010-02-11,61.4508
2010-02-12,61.5943
2010-02-16,61.7310
2010-02-17,61.4029
2010-02-18,61.1842
2010-02-19,61.2184
2010-02-22,61.1706
2010-02-23,61.6353
2010-02-24,61.6695
2010-02-25,61.8950
2010-02-26,61.9907
2010-03-01,62.0551
2010-03-02,62.0894
2010-03-03,62.0277
2010-03-04,62.1374
2010-03-05,61.8427
2010-03-08,61.6782
2010-03-09,61.8358
2010-03-10,61.7330
2010-03-11,61.6782
2010-03-12,61.7742
2010-03-15,61.7742
2010-03-16,62.0140
2010-03-17,62.0894
2010-03-18,61.9249
2010-03-19,61.8427
2010-03-22,62.0483
2010-03-23,61.9181
2010-03-24,61.3013
2010-03-25,61.0751
2010-03-26,61.2191
2010-03-29,61.1300
2010-03-30,61.1916
2010-03-31,61.3355
2010-04-01,61.2084
2010-04-05,60.6586
2010-04-06,60.8372
2010-04-07,61.2152
2010-04-08,61.1466
2010-04-09,61.2152
2010-04-12,61.3803
2010-04-13,61.4971
2010-04-14,61.3321
2010-04-15,61.4352
2010-04-16,61.8063
2010-04-19,61.6552
2010-04-20,61.6826
2010-04-21,61.8819
2010-04-22,61.7376
2010-04-23,61.5658
2010-04-26,61.6070
2010-04-27,62.1843
2010-04-28,61.8682
2010-04-29,61.9712
2010-04-30,62.3493
2010-05-03,62.1859
2010-05-04,62.6064
2010-05-05,62.8477
2010-05-06,63.5370
2010-05-07,63.3647
2010-05-10,62.8821
2010-05-11,62.9579
2010-05-12,62.7994
2010-05-13,62.9717
2010-05-14,63.3785
2010-05-17,63.2406
2010-05-18,63.7025
2010-05-19,63.7576
2010-05-20,64.3780
2010-05-21,64.4125
2010-05-24,64.4125
2010-05-25,64.6331
2010-05-26,64.5021
2010-05-27,63.8886
2010-05-28,64.1781
2010-06-01,64.2611
2010-06-02,63.8947
2010-06-03,63.8048
2010-06-04,64.6896
2010-06-07,64.9524
2010-06-08,64.7519
2010-06-09,64.7588
2010-06-10,64.1574
2010-06-11,64.5652
2010-06-14,64.5099
2010-06-15,64.3095
2010-06-16,64.4892
2010-06-17,64.7933
2010-06-18,64.6620
2010-06-21,64.6136
2010-06-22,65.0007
2010-06-23,65.2427
2010-06-24,65.1873
2010-06-25,65.2911
2010-06-28,65.7542
2010-06-29,66.0376
2010-06-30,66.1344
2010-07-01,66.1053
2010-07-02,65.9875
2010-07-06,66.1469
2010-07-07,65.9390
2010-07-08,65.7796
2010-07-09,65.6063
2010-07-12,65.7172
2010-07-13,65.3915
2010-07-14,65.7172
2010-07-15,66.0568
2010-07-16,66.4380
2010-07-19,66.2647
2010-07-20,66.3340
2010-07-21,66.7568
2010-07-22,66.3894
2010-07-23,66.1746
2010-07-26,66.1539
2010-07-27,65.9251
2010-07-28,66.2093
2010-07-29,66.3479
2010-07-30,66.7360
2010-08-02,66.5296
2010-08-03,66.8424
2010-08-04,66.5643
2010-08-05,66.8840
2010-08-06,67.3218
2010-08-09,67.3079
2010-08-10,67.6484
2010-08-11,68.0306
2010-08-12,67.8569
2010-08-13,68.1488
2010-08-16,68.6421
2010-08-17,68.2946
2010-08-18,68.2252
2010-08-19,68.5309
2010-08-20,68.3086
2010-08-23,68.3989
2010-08-24,68.9409
2010-08-25,68.6282
2010-08-26,68.9409
2010-08-27,68.1488
2010-08-30,68.6699
2010-08-31,68.9757
2010-09-01,68.4790
2010-09-02,68.1934
2010-09-03,67.8032
2010-09-07,68.3396
2010-09-08,68.1516
2010-09-09,67.6151
2010-09-10,67.4201
2010-09-13,67.7405
2010-09-14,68.0819
2010-09-15,67.8450
2010-09-16,67.6082
2010-09-17,67.7615
2010-09-20,67.9705
2010-09-21,68.6044
2010-09-22,68.7089
2010-09-23,68.8064
2010-09-24,68.4650
2010-09-27,68.9945
2010-09-28,69.2243
2010-09-29,69.0572
2010-09-30,68.9736
2010-10-01,69.0106
2010-10-04,69.2550
2010-10-05,69.2690
2010-10-06,69.7158
2010-10-07,69.7856
2010-10-08,69.8136
2010-10-11,69.8835
2010-10-12,69.6809
2010-10-13,69.6809
2010-10-14,69.2829
2010-10-15,68.9827
2010-10-18,69.3108
2010-10-19,69.5483
2010-10-20,69.5064
2010-10-21,69.1223
2010-10-22,69.1433
2010-10-25,69.1223
2010-10-26,68.6615
2010-10-27,68.2635
2010-10-28,68.6615
2010-10-29,68.9687
2010-11-01,68.8533
2010-11-02,69.0842
2010-11-03,69.3082
2010-11-04,69.8681
2010-11-05,69.5741
2010-11-08,69.5952
2010-11-09,69.0072
2010-11-10,69.2662
2010-11-11,69.1891
2010-11-12,68.6152
2010-11-15,67.7333
2010-11-16,68.2372
2010-11-17,68.0413
2010-11-18,67.8803
2010-11-19,68.0203
2010-11-22,68.3842
2010-11-23,68.5242
2010-11-24,67.7893
2010-11-26,68.0833
2010-11-29,68.2303
2010-11-30,68.3492
2010-12-01,67.4504
2010-12-02,67.2820
2010-12-03,67.2891
2010-12-06,67.7100
2010-12-07,66.5874
2010-12-08,66.0191
2010-12-09,66.1594
2010-12-10,65.5980
2010-12-13,65.8085
2010-12-14,65.1139
2010-12-15,64.8472
2010-12-16,65.2332
2010-12-17,65.7945
2010-12-20,65.7875
2010-12-21,65.9278
2010-12-22,65.7454
2010-12-23,65.5139
2010-12-27,65.7664
2010-12-28,65.0756
2010-12-29,65.8073
2010-12-30,65.6736
2010-12-31,66.0042
2011-01-03,65.8002
2011-01-04,65.9550
2011-01-05,65.2444
2011-01-06,65.5821
2011-01-07,66.0183
2011-01-10,66.2434
2011-01-11,65.9831
2011-01-12,65.7932
2011-01-13,66.2364
2011-01-14,66.0535
2011-01-18,65.8916
2011-01-19,66.0605
2011-01-20,65.5470
2011-01-21,65.7651
2011-01-24,65.7721
2011-01-25,66.1027
2011-01-26,65.7017
2011-01-27,65.9479
2011-01-28,66.2504
2011-01-31,65.9902
2011-02-01,65.6834
2011-02-02,65.5282
2011-02-03,65.1544
2011-02-04,64.7524
2011-02-07,64.7242
2011-02-08,64.2799
2011-02-09,64.6466
2011-02-10,64.4350
2011-02-11,64.7312
2011-02-14,64.7524
2011-02-15,64.9005
2011-02-16,64.8088
2011-02-17,65.0486
2011-02-18,65.0345
2011-02-22,65.6622
2011-02-23,65.5000
2011-02-24,65.6693
2011-02-25,65.8808
2011-02-28,65.8526
2011-03-01,65.9275
2011-03-02,65.5812
2011-03-03,65.1358
2011-03-04,65.6024
2011-03-07,65.4398
2011-03-08,65.2842
2011-03-09,65.6660
2011-03-10,66.2244
2011-03-11,66.0690
2011-03-14,66.2174
2011-03-15,66.4577
2011-03-16,67.0233
2011-03-17,66.8183
2011-03-18,66.7759
2011-03-21,66.4294
2011-03-22,66.4648
2011-03-23,66.3800
2011-03-24,66.0407
2011-03-25,65.8639
2011-03-28,65.8851
2011-03-29,65.6943
2011-03-30,65.9205
2011-03-31,65.7509
2011-04-01,65.8912
2011-04-04,66.0400
2011-04-05,65.7069
2011-04-06,65.4233
2011-04-07,65.4304
2011-04-08,65.2391
2011-04-11,65.3242
2011-04-12,65.6927
2011-04-13,65.9479
2011-04-14,65.7281
2011-04-15,66.2102
2011-04-18,66.3732
2011-04-19,66.4582
2011-04-20,66.1960
2011-04-21,66.2456
2011-04-25,66.4795
2011-04-26,66.7630
2011-04-27,66.5717
2011-04-28,66.8268
2011-04-29,66.9614
2011-05-02,66.9409
2011-05-03,67.1185
2011-05-04,67.2891
2011-05-05,67.6231
2011-05-06,67.6586
2011-05-09,67.7580
2011-05-10,67.4312
2011-05-11,67.6728
2011-05-12,67.5236
2011-05-13,67.7865
2011-05-16,67.9500
2011-05-17,68.1489
2011-05-18,67.7580
2011-05-19,67.8291
2011-05-20,67.9926
2011-05-23,68.0850
2011-05-24,68.1561
2011-05-25,68.1631
2011-05-26,68.5398
2011-05-27,68.5327
2011-05-31,68.6393
2011-06-01,69.2049
2011-06-02,68.7918
2011-06-03,69.0625
2011-06-06,69.0197
2011-06-07,69.1479
2011-06-08,69.2976
2011-06-09,69.0197
2011-06-10,69.2405
2011-06-13,69.0910
2011-06-14,68.5424
2011-06-15,69.2833
2011-06-16,69.4757
2011-06-17,69.4258
2011-06-20,69.3190
2011-06-21,69.2262
2011-06-22,69.1978
2011-06-23,69.5611
2011-06-24,69.8533
2011-06-27,69.5825
2011-06-28,68.9414
2011-06-29,68.5281
2011-06-30,68.2930
2011-07-01,68.1224
2011-07-05,68.5508
2011-07-06,68.6722
2011-07-07,68.4080
2011-07-08,69.1364
2011-07-11,69.6649
2011-07-12,69.7649
2011-07-13,69.8791
2011-07-14,69.4792
2011-07-15,69.7649
2011-07-18,69.7220
2011-07-19,69.9863
2011-07-20,69.6435
2011-07-21,69.2579
2011-07-22,69.5221
2011-07-25,69.3007
2011-07-26,69.5935
2011-07-27,69.4792
2011-07-28,69.6149
2011-07-29,70.4576
2011-08-01,70.7139
2011-08-02,71.3653
2011-08-03,71.4226
2011-08-04,72.3675
2011-08-05,71.5300
2011-08-08,72.6682
2011-08-09,73.0906
2011-08-10,74.0570
2011-08-11,72.9689
2011-08-12,73.4772
2011-08-15,73.2051
2011-08-16,73.5416
2011-08-17,74.0570
2011-08-18,74.4436
2011-08-19,74.5223
2011-08-22,74.3864
2011-08-23,74.0857
2011-08-24,73.2910
2011-08-25,73.7420
2011-08-26,73.9782
2011-08-29,73.4915
2011-08-30,73.9998
2011-08-31,73.7349
2011-09-01,74.3225
2011-09-02,75.0041
2011-09-06,75.1045
2011-09-07,74.7027
2011-09-08,75.0687
2011-09-09,75.4346
2011-09-12,75.2049
2011-09-13,74.9825
2011-09-14,75.0256
2011-09-15,74.4660
2011-09-16,74.6095
2011-09-19,75.2193
2011-09-20,75.3198
2011-09-21,75.6426
2011-09-22,76.3457
2011-09-23,75.7144
2011-09-26,75.3987
2011-09-27,74.8965
2011-09-28,74.9108
2011-09-29,74.9108
2011-09-30,75.3843
2011-10-03,76.0824
2011-10-04,75.6942
2011-10-05,75.3779
2011-10-06,74.8531
2011-10-07,74.4649
2011-10-10,73.6812
2011-10-11,73.9257
2011-10-12,73.6740
2011-10-13,73.9688
2011-10-14,73.6021
2011-10-17,74.0838
2011-10-18,74.0048
2011-10-19,74.1198
2011-10-20,73.9688
2011-10-21,73.8322
2011-10-24,73.7963
2011-10-25,74.4289
2011-10-26,73.8825
2011-10-27,72.9911
2011-10-28,73.4296
2011-10-31,74.4146
2011-11-01,75.3070
2011-11-02,75.1270
2011-11-03,74.7740
2011-11-04,74.9973
2011-11-07,75.0837
2011-11-08,74.7452
2011-11-09,75.4079
2011-11-10,75.0405
2011-11-11,74.6948
2011-11-14,75.1630
2011-11-15,75.0621
2011-11-16,75.3358
2011-11-17,75.4871
2011-11-18,75.2062
2011-11-21,75.4151
2011-11-22,75.6456
2011-11-23,75.9050
2011-11-25,75.4223
2011-11-28,75.4295
2011-11-29,75.2854
2011-11-30,74.8460
2011-12-01,74.8244
2011-12-02,75.1564
2011-12-05,75.1131
2011-12-06,74.9182
2011-12-07,75.2574
2011-12-08,75.6400
2011-12-09,75.1203
2011-12-12,75.3801
2011-12-13,75.7266
2011-12-14,76.0441
2011-12-15,75.9792
2011-12-16,76.3473
2011-12-19,76.6071
2011-12-20,75.9142
2011-12-21,75.6688
2011-12-22,75.7626
2011-12-23,75.4523
2011-12-27,75.4950
2011-12-28,75.9722
2011-12-29,76.0662
2011-12-30,76.3337
2012-01-03,75.8493
2012-01-04,75.6107
2012-01-05,75.6251
2012-01-06,75.9215
2012-01-09,75.9360
2012-01-10,75.7842
2012-01-11,76.2252
2012-01-12,76.0662
2012-01-13,76.4060
2012-01-17,76.4783
2012-01-18,76.2397
2012-01-19,75.7842
2012-01-20,75.5239
2012-01-23,75.3576
2012-01-24,75.4443
2012-01-25,75.8059
2012-01-26,76.2108
2012-01-27,76.4422
2012-01-30,76.7025
2012-01-31,76.9917
2012-02-01,76.7244
2012-02-02,76.8331
2012-02-03,76.2246
2012-02-06,76.4346
2012-02-07,75.9421
2012-02-08,75.9783
2012-02-09,75.8045
2012-02-10,76.2318
2012-02-13,76.1811
2012-02-14,76.3405
2012-02-15,76.3985
2012-02-16,76.0508
2012-02-17,75.9711
2012-02-21,75.6959
2012-02-22,75.9928
2012-02-23,76.1014
2012-02-24,76.1594
2012-02-27,76.4129
2012-02-28,76.4492
2012-02-29,76.1449
2012-03-01,75.8982
2012-03-02,76.2030
2012-03-05,76.0506
2012-03-06,76.3698
2012-03-07,76.2247
2012-03-08,75.9998
2012-03-09,75.9417
2012-03-12,75.9200
2012-03-13,75.3758
2012-03-14,74.5125
2012-03-15,74.4907
2012-03-16,74.4689
2012-03-19,74.0118
2012-03-20,74.0481
2012-03-21,74.4254
2012-03-22,74.5197
2012-03-23,74.7954
2012-03-26,74.7084
2012-03-27,75.1219
2012-03-28,74.9913
2012-03-29,75.3033
2012-03-30,74.9333
2012-04-02,75.1128
2012-04-03,74.5604
2012-04-04,74.9384
2012-04-05,75.2727
2012-04-09,76.0430
2012-04-10,76.3992
2012-04-11,76.1012
2012-04-12,75.9486
2012-04-13,76.4065
2012-04-16,76.3847
2012-04-17,76.3047
2012-04-18,76.4573
2012-04-19,76.5445
2012-04-20,76.5518
2012-04-23,76.7045
2012-04-24,76.5082
2012-04-25,76.4137
2012-04-26,76.6681
2012-04-27,76.7480
2012-04-30,76.8135
2012-05-01,76.6737
2012-05-02,76.8193
2012-05-03,76.8120
2012-05-04,77.1178
2012-05-07,77.0959
2012-05-08,77.2706
2012-05-09,77.3361
2012-05-10,77.2269
2012-05-11,77.4817
2012-05-14,77.8239
2012-05-15,77.8457
2012-05-16,77.9039
2012-05-17,78.1951
2012-05-18,78.1441
2012-05-21,77.9403
2012-05-22,77.7729
2012-05-23,77.9767
2012-05-24,77.8093
2012-05-25,78.0349
2012-05-29,77.9694
2012-05-30,78.7119
2012-05-31,79.0177
2012-06-01,79.6965
2012-06-04,79.2371
2012-06-05,78.9746
2012-06-06,78.4570
2012-06-07,78.6465
2012-06-08,78.7048
2012-06-11,78.9163
2012-06-12,78.4935
2012-06-13,78.9090
2012-06-14,78.6976
2012-06-15,79.0622
2012-06-18,79.0402
2012-06-19,78.7705
2012-06-20,78.6101
2012-06-21,78.7778
2012-06-22,78.4351
2012-06-25,78.8653
2012-06-26,78.6902
2012-06-27,78.7997
2012-06-28,79.0548
2012-06-29,78.6902
2012-07-02,79.0554
2012-07-03,78.8582
2012-07-05,79.0700
2012-07-06,79.3475
2012-07-09,79.5665
2012-07-10,79.6030
2012-07-11,79.5300
2012-07-12,79.7125
2012-07-13,79.6468
2012-07-16,79.8220
2012-07-17,79.6176
2012-07-18,79.6979
2012-07-19,79.5811
2012-07-20,79.8950
2012-07-23,80.0265
2012-07-24,80.1799
2012-07-25,80.2236
2012-07-26,79.9754
2012-07-27,79.3985
2012-07-30,79.6541
2012-07-31,79.7928
2012-08-01,79.5018
2012-08-02,79.6919
2012-08-03,79.2751
2012-08-06,79.3263
2012-08-07,78.9095
2012-08-08,78.7998
2012-08-09,78.7413
2012-08-10,78.9680
2012-08-13,78.9168
2012-08-14,78.5292
2012-08-15,78.1344
2012-08-16,77.9442
2012-08-17,78.0393
2012-08-20,78.0832
2012-08-21,78.1490
2012-08-22,78.7559
2012-08-23,78.8949
2012-08-24,78.8583
2012-08-27,79.0630
2012-08-28,79.0923
2012-08-29,79.0411
2012-08-30,79.1874
2012-08-31,79.6992
2012-09-04,79.5169
2012-09-05,79.4876
2012-09-06,78.9457
2012-09-07,79.0482
2012-09-10,79.0849
2012-09-11,78.9384
2012-09-12,78.5503
2012-09-13,78.7773
2012-09-14,78.0377
2012-09-17,78.1988
2012-09-18,78.3965
2012-09-19,78.5796
2012-09-20,78.6235
2012-09-21,78.7920
2012-09-24,78.9677
2012-09-25,79.2606
2012-09-26,79.5902
2012-09-27,79.4217
2012-09-28,79.4217
2012-10-01,79.5690
2012-10-02,79.5177
2012-10-03,79.5984
2012-10-04,79.2831
2012-10-05,78.9238
2012-10-08,79.1805
2012-10-09,79.0192
2012-10-10,79.2098
2012-10-11,79.2831
2012-10-12,79.2905
2012-10-15,79.3125
2012-10-16,78.9385
2012-10-17,78.4399
2012-10-18,78.3006
2012-10-19,78.6306
2012-10-22,78.3666
2012-10-23,78.7406
2012-10-24,78.5719
2012-10-25,78.2859
2012-10-26,78.7846
2012-10-31,79.1072
2012-11-01,78.9493
2012-11-02,79.0154
2012-11-05,79.2063
2012-11-06,78.8465
2012-11-07,79.5073
2012-11-08,79.8597
2012-11-09,79.8671
2012-11-12,79.9185
2012-11-13,80.0139
2012-11-14,80.0359
2012-11-15,79.9992
2012-11-16,80.0506
2012-11-19,79.8891
2012-11-20,79.5587
2012-11-21,79.4412
2012-11-23,79.3972
2012-11-26,79.5294
2012-11-27,79.7129
2012-11-28,79.8157
2012-11-29,79.8964
2012-11-30,79.8817
2012-12-03,79.8501
2012-12-04,79.9898
2012-12-05,80.0560
2012-12-06,80.1001
2012-12-07,79.8722
2012-12-10,79.9457
2012-12-11,79.7913
2012-12-12,79.4532
2012-12-13,79.2988
2012-12-14,79.4752
2012-12-17,79.0561
2012-12-18,78.7474
2012-12-19,78.8577
2012-12-20,78.9092
2012-12-21,79.1224
2012-12-24,79.0415
2012-12-26,79.2042
2012-12-27,79.3661
2012-12-28,79.5502
2012-12-31,79.1306
2013-01-02,78.7698
2013-01-03,78.3650
2013-01-04,78.4017
2013-01-07,78.4459
2013-01-08,78.6373
2013-01-09,78.6815
2013-01-10,78.4533
2013-01-11,78.7036
2013-01-14,78.6741
2013-01-15,78.8655
2013-01-16,78.9686
2013-01-17,78.6079
2013-01-18,78.8288
2013-01-22,78.8950
2013-01-23,78.9318
2013-01-24,78.7993
2013-01-25,78.2766
2013-01-28,78.1147
2013-01-29,77.9969
2013-01-30,78.0410
2013-01-31,78.1073
2013-02-01,77.8419
2013-02-04,78.2915
2013-02-05,78.0114
2013-02-06,78.2473
2013-02-07,78.2842
2013-02-08,78.3432
2013-02-11,78.2621
2013-02-12,78.1810
2013-02-13,77.9082
2013-02-14,78.2399
2013-02-15,78.1663
2013-02-19,78.0409
2013-02-20,78.2105
2013-02-21,78.3653
2013-02-22,78.4611
2013-02-25,79.0656
2013-02-26,78.9181
2013-02-27,78.8813
2013-02-28,78.9919
2013-03-01,79.1889
2013-03-04,79.0044
2013-03-05,78.9232
2013-03-06,78.6723
2013-03-07,78.3697
2013-03-08,77.9712
2013-03-11,78.0081
2013-03-12,78.2221
2013-03-13,78.1557
2013-03-14,78.1779
2013-03-15,78.4509
2013-03-18,78.7092
2013-03-19,78.9527
2013-03-20,78.6502
2013-03-21,78.8568
2013-03-22,78.8863
2013-03-25,78.9453
2013-03-26,79.0265
2013-03-27,79.3660
2013-03-28,79.2184
2013-04-01,79.4290
2013-04-02,79.2739
2013-04-03,79.6064
2013-04-04,79.9241
2013-04-05,80.1755
2013-04-08,79.9168
2013-04-09,79.9464
2013-04-10,79.6138
2013-04-11,79.7025
2013-04-12,80.1459
2013-04-15,80.3232
2013-04-16,80.0942
2013-04-17,80.2420
2013-04-18,80.2863
2013-04-19,80.2420
2013-04-22,80.2863
2013-04-23,80.2346
2013-04-24,80.2715
2013-04-25,80.1829
2013-04-26,80.4710
2013-04-29,80.4415
2013-04-30,80.4267
2013-05-01,80.6894
2013-05-02,80.6894
2013-05-03,80.0013
2013-05-06,79.8977
2013-05-07,79.7867
2013-05-08,79.8829
2013-05-09,79.8681
2013-05-10,79.4167
2013-05-13,79.2761
2013-05-14,78.9580
2013-05-15,79.1652
2013-05-16,79.5425
2013-05-17,79.1134
2013-05-20,79.0541
2013-05-21,79.2613
2013-05-22,78.6324
2013-05-23,78.7138
2013-05-24,78.7434
2013-05-28,77.8184
2013-05-29,78.1366
2013-05-30,78.1441
2013-05-31,77.9294
2013-06-03,78.0421
2013-06-04,77.8421
2013-06-05,78.2199
2013-06-06,78.3162
2013-06-07,77.7086
2013-06-10,77.5160
2013-06-11,77.7086
2013-06-12,77.3604
2013-06-13,77.9458
2013-06-14,78.0495
2013-06-17,77.8642
2013-06-18,77.8198
2013-06-19,76.7529
2013-06-20,76.4046
2013-06-21,75.5970
2013-06-24,75.4117
2013-06-25,75.3229
2013-06-26,75.6266
2013-06-27,76.0341
2013-06-28,75.9452
2013-07-01,75.9742
2013-07-02,76.0039
2013-07-03,75.8554
2013-07-05,74.5793
2013-07-08,75.0171
2013-07-09,75.1432
2013-07-10,74.8761
2013-07-11,75.6255
2013-07-12,75.5661
2013-07-15,75.8035
2013-07-16,75.8406
2013-07-17,76.1745
2013-07-18,75.8184
2013-07-19,76.2338
2013-07-22,76.2265
2013-07-23,76.1374
2013-07-24,75.6255
2013-07-25,75.7367
2013-07-26,75.8035
2013-07-29,75.6477
2013-07-30,75.6255
2013-07-31,75.6774
2013-08-01,75.0095
2013-08-02,75.6484
2013-08-05,75.4107
2013-08-06,75.4330
2013-08-07,75.7079
2013-08-08,75.8193
2013-08-09,75.8713
2013-08-12,75.7227
2013-08-13,75.0392
2013-08-14,75.1060
2013-08-15,74.6900
2013-08-16,74.4003
2013-08-19,74.0808
2013-08-20,74.4820
2013-08-21,74.0139
2013-08-22,73.9842
2013-08-23,74.4003
2013-08-26,74.5489
2013-08-27,74.9724
2013-08-28,74.6677
2013-08-29,74.7420
2013-08-30,74.6008
2013-09-03,74.1775
2013-09-04,73.9319
2013-09-05,73.3664
2013-09-06,73.8128
2013-09-09,73.9617
2013-09-10,73.6194
2013-09-11,73.9915
2013-09-12,73.9989
2013-09-13,74.0956
2013-09-16,74.2593
2013-09-17,74.4081
2013-09-18,75.3307
2013-09-19,75.0704
2013-09-20,75.1448
2013-09-23,75.4276
2013-09-24,75.7028
2013-09-25,75.9112
2013-09-26,75.7475
2013-09-27,75.8516
2013-09-30,75.9781
2013-10-01,75.8090
2013-10-02,75.9357
2013-10-03,76.0400
2013-10-04,75.8314
2013-10-07,75.8984
2013-10-08,75.8612
2013-10-09,75.7271
2013-10-10,75.5631
2013-10-11,75.6749
2013-10-14,75.4215
2013-10-15,75.4364
2013-10-16,75.8015
2013-10-17,76.2338
2013-10-18,76.2412
2013-10-21,76.1890
2013-10-22,76.7181
2013-10-23,76.8523
2013-10-24,76.6958
2013-10-25,76.8299
2013-10-28,76.7553
2013-10-29,76.8597
2013-10-30,76.6585
2013-10-31,76.5691
2013-11-01,76.1443
2013-11-04,76.2937
2013-11-05,75.9504
2013-11-06,76.1818
2013-11-07,76.3832
2013-11-08,75.5249
2013-11-11,75.4876
2013-11-12,75.4205
2013-11-13,75.7339
2013-11-14,76.0996
2013-11-15,76.0399
2013-11-18,76.3086
2013-11-19,76.0250
2013-11-20,75.6070
2013-11-21,75.6742
2013-11-22,75.8906
2013-11-25,75.9504
2013-11-26,76.1145
2013-11-27,75.9429
2013-11-29,75.8981
2013-12-02,75.5721
2013-12-03,75.7068
2013-12-04,75.3629
2013-12-05,75.1759
2013-12-06,75.2432
2013-12-09,75.3329
2013-12-10,75.6470
2013-12-11,75.3554
2013-12-12,75.1386
2013-12-13,75.2507
2013-12-16,75.2133
2013-12-17,75.4526
2013-12-18,75.1685
2013-12-19,74.8545
2013-12-20,75.0862
2013-12-23,74.8470
2013-12-24,74.5554
2013-12-26,74.4911
2013-12-27,74.4461
2013-12-30,74.6483
2013-12-31,74.3114
2014-01-02,74.6033
2014-01-03,74.5584
2014-01-06,74.7681
2014-01-07,74.8879
2014-01-08,74.5210
2014-01-09,74.7157
2014-01-10,75.3447
2014-01-13,75.5619
2014-01-14,75.2773
2014-01-15,75.2099
2014-01-16,75.4196
2014-01-17,75.5993
2014-01-21,75.5170
2014-01-22,75.3073
2014-01-23,75.8164
2014-01-24,76.1235
2014-01-27,75.8913
2014-01-28,76.0037
2014-01-29,76.3631
2014-01-30,76.2882
2014-01-31,76.5877
2014-02-03,77.0040
2014-02-04,76.7715
2014-02-05,76.4940
2014-02-06,76.3514
2014-02-07,76.5540
2014-02-10,76.5915
2014-02-11,76.2540
2014-02-12,76.0739
2014-02-13,76.4339
2014-02-14,76.3814
2014-02-18,76.5689
2014-02-19,76.4189
2014-02-20,76.3365
2014-02-21,76.4339
2014-02-24,76.3589
2014-02-25,76.6215
2014-02-26,76.8465
2014-02-27,76.9365
2014-02-28,76.8615
2014-03-03,77.2416
2014-03-04,76.6481
2014-03-05,76.7308
2014-03-06,76.4002
2014-03-07,76.0696
2014-03-10,76.1523
2014-03-11,76.2274
2014-03-12,76.5280
2014-03-13,76.9787
2014-03-14,76.9862
2014-03-17,76.6782
2014-03-18,76.8660
2014-03-19,76.1523
2014-03-20,76.1673
2014-03-21,76.3100
2014-03-24,76.3401
2014-03-25,76.2950
2014-03-26,76.6181
2014-03-27,76.6932
2014-03-28,76.4227
2014-03-31,76.4303
2014-04-01,76.2722
2014-04-02,75.9410
2014-04-03,75.9937
2014-04-04,76.4604
2014-04-07,76.6410
2014-04-08,76.7465
2014-04-09,76.7238
2014-04-10,77.0474
2014-04-11,77.2055
2014-04-14,77.0851
2014-04-15,77.1754
2014-04-16,77.0550
2014-04-17,76.6184
2014-04-21,76.6034
2014-04-22,76.5733
2014-04-23,76.7689
2014-04-24,76.7465
2014-04-25,76.8518
2014-04-28,76.7389
2014-04-29,76.8066
2014-04-30,77.0098
2014-05-01,77.2315
2014-05-02,77.3447
2014-05-05,77.2995
2014-05-06,77.3899
2014-05-07,77.4503
2014-05-08,77.5332
2014-05-09,77.4729
2014-05-12,77.2693
2014-05-13,77.5709
2014-05-14,77.9254
2014-05-15,78.2044
2014-05-16,78.0385
2014-05-19,77.9404
2014-05-20,78.1667
2014-05-21,78.0461
2014-05-22,77.9631
2014-05-23,78.1214
2014-05-27,78.1441
2014-05-28,78.5740
2014-05-29,78.4759
2014-05-30,78.4156
2014-06-02,78.0567
2014-06-03,77.6640
2014-06-04,77.6035
2014-06-05,77.7168
2014-06-06,77.6564
2014-06-09,77.5431
2014-06-10,77.4071
2014-06-11,77.5129
2014-06-12,77.8150
2014-06-13,77.6640
2014-06-16,77.6640
2014-06-17,77.3391
2014-06-18,77.7470
2014-06-19,77.5506
2014-06-20,77.6413
2014-06-23,77.5883
2014-06-24,77.9056
2014-06-25,77.9812
2014-06-26,78.1851
2014-06-27,78.1851
2014-06-30,78.2456
2014-07-01,77.9898
2014-07-02,77.6719
2014-07-03,77.5130
2014-07-07,77.7023
2014-07-08,78.0579
2014-07-09,78.0731
2014-07-10,78.2395
2014-07-11,78.3682
2014-07-14,78.1941
2014-07-15,78.1260
2014-07-16,78.2395
2014-07-17,78.6936
2014-07-18,78.5347
2014-07-21,78.5574
2014-07-22,78.6558
2014-07-23,78.6482
2014-07-24,78.3303
2014-07-25,78.6331
2014-07-28,78.5423
2014-07-29,78.6482
2014-07-30,78.0957
2014-07-31,78.0731
2014-08-01,78.5325
2014-08-04,78.5780
2014-08-05,78.6160
2014-08-06,78.6842
2014-08-07,79.0406
2014-08-08,78.9723
2014-08-11,78.9344
2014-08-12,78.8207
2014-08-13,79.0785
2014-08-14,79.2377
2014-08-15,79.5562
2014-08-18,79.3059
2014-08-19,79.2225
2014-08-20,78.9875
2014-08-21,79.1543
2014-08-22,79.1619
2014-08-25,79.2225
2014-08-26,79.2074
2014-08-27,79.4273
2014-08-28,79.5334
2014-08-29,79.5410
2014-09-02,79.0329
2014-09-03,79.1468
2014-09-04,78.8658
2014-09-05,78.8885
2014-09-08,78.8050
2014-09-09,78.6227
2014-09-10,78.4252
2014-09-11,78.3265
2014-09-12,78.0302
2014-09-15,78.1746
2014-09-16,78.1518
2014-09-17,77.9543
2014-09-18,77.9011
2014-09-19,78.1973
2014-09-22,78.3644
2014-09-23,78.5315
2014-09-24,78.3113
2014-09-25,78.6911
2014-09-26,78.5240
2014-09-29,78.7746
2014-09-30,78.7063
2014-10-01,79.3675
2014-10-02,79.1316
2014-10-03,79.1088
2014-10-06,79.2382
2014-10-07,79.7024
2014-10-08,79.9839
2014-10-09,79.8469
2014-10-10,80.1589
2014-10-13,80.5774
2014-10-14,80.7373
2014-10-15,81.1938
2014-10-16,80.9731
2014-10-17,80.7373
2014-10-20,80.8513
2014-10-21,80.6307
2014-10-22,80.6078
2014-10-23,80.2730
2014-10-24,80.3416
2014-10-27,80.4252
2014-10-28,80.2274
2014-10-29,79.9611
2014-10-30,80.0448
2014-10-31,79.9154
2014-11-03,79.8857
2014-11-04,79.8781
2014-11-05,79.9009
2014-11-06,79.6570
2014-11-07,80.1677
2014-11-10,79.8400
2014-11-11,79.8476
2014-11-12,79.8171
2014-11-13,79.9466
2014-11-14,80.1144
2014-11-17,80.0229
2014-11-18,80.1144
2014-11-19,79.9009
2014-11-20,80.0457
2014-11-21,80.2058
2014-11-24,80.2973
2014-11-25,80.4955
2014-11-26,80.6327
2014-11-28,80.9452
2014-12-01,80.7467
2014-12-02,80.3879
2014-12-03,80.4184
2014-12-04,80.7009
2014-12-05,80.2504
2014-12-08,80.5176
2014-12-09,80.8154
2014-12-10,81.1820
2014-12-11,81.0445
2014-12-12,81.7088
2014-12-15,81.4110
2014-12-16,81.8233
2014-12-17,81.2583
2014-12-18,80.8001
2014-12-19,81.0979
2014-12-22,81.0979
2014-12-23,80.4260
2014-12-24,80.4841
2014-12-26,80.5911
2014-12-29,80.8665
2014-12-30,80.9583
2014-12-31,81.0500
2015-01-02,81.4630
2015-01-05,81.9600
2015-01-06,82.5106
2015-01-07,82.4953
2015-01-08,82.1588
2015-01-09,82.5641
2015-01-12,82.8547
2015-01-13,82.9312
2015-01-14,83.3135
2015-01-15,84.0247
2015-01-16,83.4053
2015-01-20,83.5965
2015-01-21,83.1988
2015-01-22,82.9923
2015-01-23,83.5352
2015-01-26,83.3441
2015-01-27,83.4588
2015-01-28,84.1011
2015-01-29,83.8029
2015-01-30,84.5370
2015-02-02,84.4313
2015-02-03,83.7190
2015-02-04,83.8569
2015-02-05,83.5505
2015-02-06,82.6160
2015-02-09,82.5777
2015-02-10,82.3709
2015-02-11,82.3403
2015-02-12,82.3709
2015-02-13,82.0951
2015-02-17,81.5131
2015-02-18,81.9037
2015-02-19,81.6968
2015-02-20,81.6509
2015-02-23,82.0262
2015-02-24,82.5700
2015-02-25,82.6466
2015-02-26,82.1564
2015-02-27,82.4475
2015-03-02,81.8338
2015-03-03,81.6573
2015-03-04,81.7187
2015-03-05,81.7647
2015-03-06,80.9285
2015-03-09,81.3044
2015-03-10,81.6496
2015-03-11,81.7954
2015-03-12,81.8721
2015-03-13,81.7494
2015-03-16,82.0332
2015-03-17,82.2020
2015-03-18,83.1456
2015-03-19,82.7543
2015-03-20,83.0919
2015-03-23,83.1993
2015-03-24,83.4524
2015-03-25,83.0919
2015-03-26,82.6239
2015-03-27,82.9462
2015-03-30,82.9385
2015-03-31,83.1533
2015-04-01,83.5490
2015-04-02,83.3108
2015-04-06,83.4184
2015-04-07,83.4875
2015-04-08,83.4107
2015-04-09,83.0726
2015-04-10,83.0496
2015-04-13,83.2186
2015-04-14,83.4644
2015-04-15,83.5106
2015-04-16,83.5721
2015-04-17,83.7411
2015-04-20,83.5874
2015-04-21,83.4107
2015-04-22,82.9266
2015-04-23,83.1802
2015-04-24,83.4722
2015-04-27,83.3415
2015-04-28,82.9573
2015-04-29,82.6500
2015-04-30,82.6269
2015-05-01,82.1751
2015-05-04,82.0059
2015-05-05,81.8674
2015-05-06,81.4671
2015-05-07,81.8135
2015-05-08,82.1290
2015-05-11,81.3210
2015-05-12,81.3825
2015-05-13,81.2748
2015-05-14,81.5518
2015-05-15,82.1367
2015-05-18,81.5826
2015-05-19,81.2209
2015-05-20,81.3979
2015-05-21,81.8827
2015-05-22,81.6981
2015-05-26,82.2059
2015-05-27,82.1598
2015-05-28,82.2367
2015-05-29,82.2829
2015-06-01,81.9199
2015-06-02,81.3495
2015-06-03,80.6558
2015-06-04,81.0489
2015-06-05,80.4631
2015-06-08,80.5787
2015-06-09,80.3166
2015-06-10,80.0083
2015-06-11,80.6404
2015-06-12,80.5941
2015-06-15,80.7868
2015-06-16,81.0951
2015-06-17,81.1414
2015-06-18,81.0797
2015-06-19,81.5113
2015-06-22,80.8253
2015-06-23,80.5787
2015-06-24,80.8176
2015-06-25,80.6172
2015-06-26,80.2318
2015-06-29,81.1645
2015-06-30,80.9410
2015-07-01,80.5179
2015-07-02,80.8036
2015-07-06,81.3748
2015-07-07,81.5910
2015-07-08,81.9152
2015-07-09,81.3440
2015-07-10,80.7804
2015-07-13,80.5643
2015-07-14,80.8190
2015-07-15,81.1278
2015-07-16,81.0969
2015-07-17,81.1047
2015-07-20,80.9425
2015-07-21,81.1664
2015-07-22,81.2667
2015-07-23,81.5987
2015-07-24,81.6759
2015-07-27,81.9461
2015-07-28,81.7145
2015-07-29,81.5987
2015-07-30,81.6913
2015-07-31,82.1700
2015-08-03,82.4204
2015-08-04,81.9952
2015-08-05,81.6782
2015-08-06,81.9643
2015-08-07,82.2890
2015-08-10,81.9488
2015-08-11,82.4900
2015-08-12,82.4591
2015-08-13,82.2427
2015-08-14,82.1576
2015-08-17,82.3045
2015-08-18,82.1731
2015-08-19,82.6756
2015-08-20,82.8999
2015-08-21,83.2323
2015-08-24,83.3715
2015-08-25,82.9153
2015-08-26,82.4050
2015-08-27,82.3586
2015-08-28,82.3741
2015-08-31,82.2349
2015-09-01,82.6043
2015-09-02,82.3798
2015-09-03,82.5811
2015-09-04,82.8366
2015-09-08,82.4727
2015-09-09,82.5036
2015-09-10,82.3178
2015-09-11,82.5346
2015-09-14,82.6120
2015-09-15,81.9616
2015-09-16,81.9383
2015-09-17,82.6198
2015-09-18,83.0070
2015-09-21,82.5346
2015-09-22,82.9450
2015-09-23,82.8521
2015-09-24,82.9760
2015-09-25,82.7592
2015-09-28,83.2316
2015-09-29,83.5181
2015-09-30,83.5336
2015-10-01,83.5988
2015-10-02,84.0020
2015-10-05,83.5366
2015-10-06,83.7073
2015-10-07,83.4979
2015-10-08,83.2807
2015-10-09,83.3273
2015-10-12,83.6065
2015-10-13,83.6840
2015-10-14,84.1416
2015-10-15,83.8547
2015-10-16,83.7849
2015-10-19,83.7461
2015-10-20,83.4591
2015-10-21,83.7461
2015-10-22,83.8314
2015-10-23,83.3583
2015-10-26,83.5755
2015-10-27,83.7849
2015-10-28,83.3506
2015-10-29,82.8387
2015-10-30,83.0015
2015-11-02,82.7630
2015-11-03,82.5455
2015-11-04,82.4601
2015-11-05,82.4057
2015-11-06,81.8465
2015-11-09,81.7067
2015-11-10,81.8620
2015-11-11,81.8232
2015-11-12,81.8698
2015-11-13,82.1805
2015-11-16,82.2893
2015-11-17,82.2660
2015-11-18,82.2271
2015-11-19,82.4057
2015-11-20,82.2970
2015-11-23,82.4057
2015-11-24,82.4835
2015-11-25,82.5300
2015-11-27,82.6155
2015-11-30,82.6466
2015-12-01,83.0861
2015-12-02,82.8527
2015-12-03,81.9814
2015-12-04,82.2848
2015-12-07,82.5493
2015-12-08,82.5960
2015-12-09,82.7205
2015-12-10,82.5415
2015-12-11,83.2028
2015-12-14,82.5882
2015-12-15,82.3782
2015-12-16,82.1603
2015-12-17,82.5027
2015-12-18,82.7982
2015-12-21,82.8372
2015-12-22,82.6038
2015-12-23,82.4171
2015-12-24,82.5682
2015-12-28,82.5838
2015-12-29,82.1474
2015-12-30,82.1787
2015-12-31,82.2721
2016-01-04,82.6228
2016-01-05,82.5994
2016-01-06,83.0981
2016-01-07,83.2773
2016-01-08,83.4876
2016-01-11,83.2227
2016-01-12,83.5967
2016-01-13,83.9239
2016-01-14,83.7525
2016-01-15,84.1421
2016-01-19,84.0330
2016-01-20,84.4460
2016-01-21,84.2356
2016-01-22,84.0486
2016-01-25,84.3291
2016-01-26,84.3915
2016-01-27,84.4538
2016-01-28,84.5629
2016-01-29,85.0148
2016-02-01,84.8189
2016-02-02,85.4198
2016-02-03,85.3261
2016-02-04,85.5290
2016-02-05,85.6383
2016-02-08,86.2781
2016-02-09,86.2937
2016-02-10,86.5512
2016-02-11,86.9492
2016-02-12,86.2859
2016-02-16,86.0284
2016-02-17,85.8177
2016-02-18,86.2157
2016-02-19,86.2157
2016-02-22,86.1298
2016-02-23,86.3015
2016-02-24,86.3015
2016-02-25,86.5590
2016-02-26,86.1377
2016-02-29,86.2781
2016-03-01,85.6038
2016-03-02,85.4552
2016-03-03,85.5569
2016-03-04,85.2678
2016-03-07,85.0958
2016-03-08,85.5881
2016-03-09,85.2521
2016-03-10,84.9473
2016-03-11,84.7051
2016-03-14,84.7676
2016-03-15,84.7520
2016-03-16,85.1974
2016-03-17,85.2912
2016-03-18,85.4396
2016-03-21,85.1974
2016-03-22,85.0177
2016-03-23,85.4084
2016-03-24,85.3224
2016-03-28,85.4475
2016-03-29,86.0257
2016-03-30,85.9085
2016-03-31,86.2211
2016-04-01,86.1960
2016-04-04,86.2978
2016-04-05,86.6421
2016-04-06,86.4543
2016-04-07,86.9003
2016-04-08,86.7673
2016-04-11,86.7517
2016-04-12,86.4073
2016-04-13,86.4699
2016-04-14,86.2665
2016-04-15,86.5247
2016-04-18,86.4386
2016-04-19,86.2978
2016-04-20,85.8595
2016-04-21,85.7186
2016-04-22,85.6246
2016-04-25,85.5308
2016-04-26,85.3508
2016-04-27,85.8204
2016-04-28,86.1178
2016-04-29,86.0865
2016-05-02,85.8364
2016-05-03,86.3459
2016-05-04,86.5026
2016-05-05,86.7378
2016-05-06,86.5340
2016-05-09,86.6985
2016-05-10,86.6829
2016-05-11,86.8161
2016-05-12,86.5810
2016-05-13,86.9101
2016-05-16,86.5967
2016-05-17,86.4791
2016-05-18,85.7815
2016-05-19,85.8678
2016-05-20,85.9226
2016-05-23,85.9775
2016-05-24,85.8364
2016-05-25,85.7972
2016-05-26,86.0637
2016-05-27,85.8991
2016-05-31,86.0010
2016-06-01,85.9720
2016-06-02,86.2389
2016-06-03,87.0394
2016-06-06,86.8118
2016-06-07,86.9374
2016-06-08,87.0394
2016-06-09,87.1729
2016-06-10,87.4790
2016-06-13,87.6517
2016-06-14,87.6281
2016-06-15,87.8950
2016-06-16,87.9892
2016-06-17,87.6909
2016-06-20,87.3142
2016-06-21,87.1180
2016-06-22,87.2906
2016-06-23,86.8747
2016-06-24,88.0756
2016-06-27,88.8369
2016-06-28,88.8212
2016-06-29,88.4601
2016-06-30,88.6564
2016-07-01,88.8906
2016-07-05,89.3780
2016-07-06,89.3937
2016-07-07,89.2758
2016-07-08,89.4487
2016-07-11,88.9771
2016-07-12,88.4505
2016-07-13,88.6785
2016-07-14,88.3090
2016-07-15,87.9710
2016-07-18,87.9474
2016-07-19,88.1833
2016-07-20,88.0024
2016-07-21,88.1989
2016-07-22,88.1282
2016-07-25,88.0574
2016-07-26,88.1125
2016-07-27,88.4897
2016-07-28,88.5369
2016-07-29,88.8749
2016-08-01,88.5664
2016-08-02,88.3538
2016-08-03,88.4011
2016-08-04,88.6136
2016-08-05,88.0626
2016-08-08,88.0154
2016-08-09,88.3302
2016-08-10,88.5664
2016-08-11,88.1413
2016-08-12,88.4562
2016-08-15,88.1964
2016-08-16,88.0468
2016-08-17,88.1885
2016-08-18,88.3460
2016-08-19,88.0468
2016-08-22,88.2436
2016-08-23,88.2358
2016-08-24,88.2043
2016-08-25,88.0626
2016-08-26,87.7242
2016-08-29,88.0862
2016-08-30,88.0783
2016-08-31,87.9760
2016-09-01,88.1139
2016-09-02,87.8854
2016-09-06,88.2952
2016-09-07,88.3425
2016-09-08,87.9091
2016-09-09,87.4913
2016-09-12,87.5701
2016-09-13,87.2470
2016-09-14,87.4440
2016-09-15,87.4676
2016-09-16,87.5622
2016-09-19,87.4125
2016-09-20,87.5464
2016-09-21,87.6883
2016-09-22,87.9485
2016-09-23,87.9878
2016-09-26,88.2401
2016-09-27,88.3899
2016-09-28,88.3504
2016-09-29,88.4056
2016-09-30,88.1849
2016-10-03,87.9797
2016-10-04,87.5772
2016-10-05,87.3799
2016-10-06,87.1983
2016-10-07,87.3246
2016-10-10,87.0957
2016-10-11,87.0720
2016-10-12,87.0720
2016-10-13,87.2535
2016-10-14,86.9852
2016-10-17,87.1746
2016-10-18,87.3483
2016-10-19,87.3877
2016-10-20,87.3088
2016-10-21,87.4036
2016-10-24,87.2851
2016-10-25,87.2693
2016-10-26,87.0799
2016-10-27,86.7800
2016-10-28,86.7958
2016-10-31,86.8668
2016-11-01,86.8700
2016-11-02,87.1308
2016-11-03,87.0755
2016-11-04,87.3442
2016-11-07,86.9806
2016-11-08,86.6724
2016-11-09,85.3525
2016-11-10,84.8387
2016-11-11,84.6648
2016-11-14,84.1748
2016-11-15,84.1748
2016-11-16,84.2539
2016-11-17,83.8824
2016-11-18,83.5109
2016-11-21,83.5820
2016-11-22,83.6611
2016-11-23,83.3607
2016-11-25,83.2896
2016-11-28,83.6690
2016-11-29,83.7559
2016-11-30,83.1948
2016-12-01,82.8774
2016-12-02,83.2493
2016-12-05,83.2177
2016-12-06,83.2493
2016-12-07,83.5264
2016-12-08,83.2098
2016-12-09,82.7823
2016-12-12,82.7982
2016-12-13,82.8457
2016-12-14,82.1571
2016-12-15,81.9276
2016-12-16,82.0305
2016-12-19,82.4104
2016-12-20,82.2363
2016-12-21,82.3708
2016-12-22,82.3351
2016-12-23,82.4144
2016-12-27,82.2955
2016-12-28,82.5967
2016-12-29,82.8504
2016-12-30,83.0962
2017-01-03,83.0565
2017-01-04,83.1516
2017-01-05,83.6907
2017-01-06,83.3102
2017-01-09,83.6273
2017-01-10,83.5877
2017-01-11,83.6828
2017-01-12,83.7304
2017-01-13,83.5480
2017-01-17,83.9682
2017-01-18,83.3736
2017-01-19,83.0565
2017-01-20,83.0962
2017-01-23,83.5322
2017-01-24,83.2151
2017-01-25,82.8028
2017-01-26,82.9138
2017-01-27,83.0169
2017-01-30,82.9931
2017-01-31,83.2785
2017-02-01,83.1189
2017-02-02,83.1507
2017-02-03,83.2142
2017-02-06,83.6112
2017-02-07,83.7620
2017-02-08,84.1034
2017-02-09,83.6032
2017-02-10,83.5477
2017-02-13,83.4206
2017-02-14,83.1189
2017-02-15,82.9602
2017-02-16,83.2936
2017-02-17,83.5158
2017-02-21,83.4762
2017-02-22,83.6112
2017-02-23,83.8335
2017-02-24,84.2225
2017-02-27,83.9208
2017-02-28,83.8811
2017-03-01,83.2967
2017-03-02,83.0582
2017-03-03,83.1377
2017-03-06,83.1219
2017-03-07,83.0026
2017-03-08,82.7243
2017-03-09,82.4938
2017-03-10,82.6687
2017-03-13,82.4620
2017-03-14,82.5494
2017-03-15,83.2729
2017-03-16,83.0423
2017-03-17,83.2649
2017-03-20,83.4637
2017-03-21,83.7420
2017-03-22,83.9010
2017-03-23,83.8135
2017-03-24,83.8612
2017-03-27,84.0679
2017-03-28,83.7817
2017-03-29,84.0202
2017-03-30,83.7817
2017-03-31,83.9487
2017-04-03,84.3619
2017-04-04,84.2425
2017-04-05,84.4018
2017-04-06,84.3460
2017-04-07,84.0912
2017-04-10,84.2425
2017-04-11,84.6327
2017-04-12,84.8954
2017-04-13,85.1502
2017-04-17,85.0148
2017-04-18,85.5005
2017-04-19,85.2776
2017-04-20,85.0865
2017-04-21,85.1264
2017-04-24,84.9512
2017-04-25,84.5133
2017-04-26,84.7362
2017-04-27,84.7919
2017-04-28,84.8795
2017-05-01,84.6961
2017-05-02,84.8715
2017-05-03,84.6961
2017-05-04,84.5047
2017-05-05,84.5206
2017-05-08,84.3133
2017-05-09,84.2176
2017-05-10,84.1857
2017-05-11,84.2495
2017-05-12,84.6801
2017-05-15,84.6243
2017-05-16,84.7360
2017-05-17,85.4138
2017-05-18,85.3898
2017-05-19,85.3659
2017-05-22,85.2703
2017-05-23,85.0470
2017-05-24,85.2224
2017-05-25,85.2703
2017-05-26,85.3260
2017-05-30,85.5414
2017-05-31,85.5813
2017-06-01,85.5365
2017-06-02,85.9119
2017-06-05,85.7682
2017-06-06,86.0397
2017-06-07,85.8799
2017-06-08,85.7442
2017-06-09,85.6643
2017-06-12,85.6483
2017-06-13,85.6803
2017-06-14,86.1275
2017-06-15,85.9758
2017-06-16,86.0237
2017-06-19,85.7841
2017-06-20,85.9997
2017-06-21,85.9918
2017-06-22,86.0716
2017-06-23,86.0956
2017-06-26,86.1675
2017-06-27,85.7442
2017-06-28,85.6643
2017-06-29,85.3448
2017-06-30,85.1452
2017-07-03,84.8325
2017-07-05,84.8964
2017-07-06,84.7365
2017-07-07,84.6005
2017-07-10,84.7124
2017-07-11,84.8244
2017-07-12,85.0724
2017-07-13,84.9844
2017-07-14,85.1044
2017-07-17,85.2084
2017-07-18,85.5203
2017-07-19,85.5203
2017-07-20,85.5443
2017-07-21,85.6962
2017-07-24,85.6403
2017-07-25,85.1604
2017-07-26,85.4324
2017-07-27,85.2964
2017-07-28,85.4403
2017-07-31,85.4643
2017-08-01,85.6766
2017-08-02,85.5965
2017-08-03,85.8929
2017-08-04,85.6606
2017-08-07,85.7086
2017-08-08,85.6366
2017-08-09,85.7407
2017-08-10,86.0612
2017-08-11,86.1573
2017-08-14,85.9490
2017-08-15,85.6927
2017-08-16,85.8528
2017-08-17,86.1573
2017-08-18,86.1733
2017-08-21,86.2294
2017-08-22,86.0612
2017-08-23,86.3575
2017-08-24,86.2214
2017-08-25,86.3656
2017-08-28,86.4457
2017-08-29,86.6460
2017-08-30,86.5738
2017-08-31,86.7100
2017-09-01,86.4549
2017-09-05,87.0566
2017-09-06,86.8480
2017-09-07,87.2251
2017-09-08,87.1609
2017-09-11,86.6635
2017-09-12,86.4549
2017-09-13,86.2784
2017-09-14,86.2944
2017-09-15,86.3987
2017-09-18,86.0618
2017-09-19,85.9655
2017-09-20,85.7970
2017-09-21,85.6847
2017-09-22,85.8371
2017-09-25,86.0938
2017-09-26,86.0216
2017-09-27,85.5804
2017-09-28,85.5644
2017-09-29,85.4601
2017-10-02,85.3628
2017-10-03,85.4834
2017-10-04,85.4592
2017-10-05,85.3708
2017-10-06,85.2664
2017-10-09,85.3628
2017-10-10,85.3950
2017-10-11,85.4914
2017-10-12,85.5717
2017-10-13,85.8610
2017-10-16,85.7164
2017-10-17,85.6842
2017-10-18,85.4673
2017-10-19,85.5557
2017-10-20,85.2021
2017-10-23,85.2825
2017-10-24,85.0253
2017-10-25,84.8888
2017-10-26,84.7763
2017-10-27,85.0495
2017-10-30,85.3548
2017-10-31,85.2986
2017-11-01,85.3501
2017-11-02,85.4627
2017-11-03,85.5995
2017-11-06,85.7042
2017-11-07,85.7363
2017-11-08,85.6317
2017-11-09,85.5995
2017-11-10,85.1650
2017-11-13,85.1247
2017-11-14,85.2454
2017-11-15,85.5512
2017-11-16,85.3340
2017-11-17,85.4466
2017-11-20,85.3098
2017-11-21,85.3259
2017-11-22,85.5995
2017-11-24,85.5271
2017-11-27,85.5834
2017-11-28,85.5995
2017-11-29,85.3259
2017-11-30,85.0604
2017-12-01,85.3747
2017-12-04,85.3344
2017-12-05,85.3988
2017-12-06,85.5761
2017-12-07,85.4230
2017-12-08,85.3585
2017-12-11,85.3021
2017-12-12,85.2296
2017-12-13,85.5761
2017-12-14,85.5439
2017-12-15,85.5278
2017-12-18,85.3344
2017-12-19,84.9475
2017-12-20,84.6977
2017-12-21,84.7574
2017-12-22,84.7896
2017-12-26,84.8220
2017-12-27,85.1852
2017-12-28,85.0803
2017-12-29,85.2175
2018-01-02,84.9350
2018-01-03,85.0238
2018-01-04,84.9834
2018-01-05,84.8785
2018-01-08,84.8381
2018-01-09,84.4345
2018-01-10,84.4103
2018-01-11,84.4668
2018-01-12,84.4103
2018-01-16,84.4507
2018-01-17,84.2650
2018-01-18,83.9986
2018-01-19,83.7806
2018-01-22,83.7484
2018-01-23,83.9905
2018-01-24,83.8291
2018-01-25,84.0147
2018-01-26,83.7645
2018-01-29,83.5547
2018-01-30,83.3609
2018-01-31,83.3851
2018-02-01,82.9550
2018-02-02,82.6478
2018-02-05,83.3269
2018-02-06,82.9630
2018-02-07,82.7205
2018-02-08,82.7933
2018-02-09,82.6478
2018-02-12,82.6235
2018-02-13,82.7610
2018-02-14,82.2597
2018-02-15,82.2839
2018-02-16,82.4780
2018-02-20,82.3891
2018-02-21,82.1465
2018-02-22,82.2597
2018-02-23,82.5750
2018-02-26,82.6720
2018-02-27,82.4133
2018-02-28,82.6074
2018-03-01,82.9628
2018-03-02,82.6551
2018-03-05,82.5499
2018-03-06,82.5417
2018-03-07,82.5417
2018-03-08,82.7118
2018-03-09,82.5337
2018-03-12,82.7280
2018-03-13,82.8656
2018-03-14,83.0276
2018-03-15,82.9952
2018-03-16,82.8980
2018-03-19,82.8171
2018-03-20,82.6551
2018-03-21,82.7118
2018-03-22,83.0519
2018-03-23,83.1652
2018-03-26,82.9385
2018-03-27,83.4082
2018-03-28,83.3920
2018-03-29,83.5621
2018-04-02,83.6472
2018-04-03,83.3796
2018-04-04,83.3309
2018-04-05,83.1200
2018-04-06,83.4850
2018-04-09,83.5013
2018-04-10,83.3552
2018-04-11,83.4364
2018-04-12,83.1362
2018-04-13,83.2092
2018-04-16,83.1687
2018-04-17,83.2173
2018-04-18,82.8929
2018-04-19,82.6657
2018-04-20,82.3900
2018-04-23,82.3088
2018-04-24,82.2115
2018-04-25,82.0330
2018-04-26,82.2683
2018-04-27,82.4062
2018-04-30,82.4954
2018-05-01,82.3662
2018-05-02,82.3824
2018-05-03,82.5937
2018-05-04,82.6019
2018-05-07,82.5612
2018-05-08,82.4231
2018-05-09,82.2362
2018-05-10,82.4068
2018-05-11,82.4149
2018-05-14,82.2362
2018-05-15,81.7810
2018-05-16,81.6104
2018-05-17,81.5616
2018-05-18,81.8786
2018-05-21,81.9355
2018-05-22,81.9029
2018-05-23,82.2768
2018-05-24,82.4880
2018-05-25,82.8132
2018-05-29,83.7071
2018-05-30,83.3496
2018-05-31,83.3089
2018-06-01,83.0011
2018-06-04,82.7080
2018-06-05,82.9197
2018-06-06,82.5858
2018-06-07,82.9360
2018-06-08,82.8220
2018-06-11,82.7405
2018-06-12,82.6916
2018-06-13,82.5939
2018-06-14,82.8545
2018-06-15,82.9197
2018-06-18,82.9604
2018-06-19,83.1802
2018-06-20,82.9116
2018-06-21,83.1314
2018-06-22,83.1477
2018-06-25,83.2617
2018-06-26,83.3023
2018-06-27,83.6200
2018-06-28,83.5385
2018-06-29,83.4734
2018-07-02,83.4163
2018-07-03,83.6284
2018-07-05,83.6365
2018-07-06,83.7100
2018-07-09,83.4978
2018-07-10,83.4326
2018-07-11,83.6039
2018-07-12,83.5713
2018-07-13,83.7100
2018-07-16,83.5713
2018-07-17,83.5223
2018-07-18,83.4570
2018-07-19,83.6855
2018-07-20,83.3918
2018-07-23,82.9839
2018-07-24,83.0410
2018-07-25,82.9839
2018-07-26,82.8941
2018-07-27,83.0247
2018-07-30,82.9187
2018-07-31,83.0328
2018-08-01,82.8367
2018-08-02,82.9347
2018-08-03,83.1473
2018-08-06,83.1881
2018-08-07,83.0165
2018-08-08,83.0901
2018-08-09,83.3189
2018-08-10,83.6786
2018-08-13,83.6541
2018-08-14,83.5723
2018-08-15,83.7767
2018-08-16,83.7522
2018-08-17,83.7849
2018-08-20,84.0464
2018-08-21,83.9320
2018-08-22,84.0873
2018-08-23,84.0792
2018-08-24,84.1036
2018-08-27,83.9156
2018-08-28,83.7276
2018-08-29,83.7031
2018-08-30,83.8584
2018-08-31,83.8747
2018-09-04,83.6832
2018-09-05,83.6749
2018-09-06,83.8470
2018-09-07,83.4702
2018-09-10,83.5193
2018-09-11,83.2163
2018-09-12,83.3146
2018-09-13,83.3064
2018-09-14,83.1507
2018-09-17,83.1671
2018-09-18,82.8231
2018-09-19,82.6839
2018-09-20,82.6921
2018-09-21,82.7248
2018-09-24,82.6347
2018-09-25,82.5528
2018-09-26,82.8231
2018-09-27,82.8231
2018-09-28,82.8640
2018-10-01,82.6539
2018-10-02,82.8673
2018-10-03,82.2518
2018-10-04,82.0384
2018-10-05,81.8415
2018-10-08,81.8743
2018-10-09,82.0302
2018-10-10,82.0713
2018-10-11,82.4078
2018-10-12,82.3093
2018-10-15,82.3585
2018-10-16,82.3503
2018-10-17,82.1123
2018-10-18,82.2600
2018-10-19,82.1615
2018-10-22,82.1779
2018-10-23,82.3914
2018-10-24,82.8345
2018-10-25,82.6376
2018-10-26,83.0069
2018-10-29,82.9987
2018-10-30,82.8181
2018-10-31,82.6129
2018-11-01,82.6837
2018-11-02,82.2231
2018-11-05,82.2724
2018-11-06,82.1819
2018-11-07,82.1819
2018-11-08,82.0668
2018-11-09,82.3876
2018-11-12,82.6343
2018-11-13,82.7001
2018-11-14,82.8728
2018-11-15,82.9304
2018-11-16,83.1854
2018-11-19,83.3087
2018-11-20,83.2923
2018-11-21,83.2758
2018-11-23,83.3252
2018-11-26,83.2594
2018-11-27,83.3416
2018-11-28,83.3334
2018-11-29,83.5473
2018-11-30,83.7118
2018-12-03,83.8947
2018-12-04,84.2821
2018-12-06,84.4964
2018-12-07,84.7437
2018-12-10,84.7931
2018-12-11,84.5788
2018-12-12,84.3480
2018-12-13,84.3975
2018-12-14,84.5294
2018-12-17,84.7766
2018-12-18,84.9856
2018-12-19,85.2829
2018-12-20,85.1755
2018-12-21,85.2499
2018-12-24,85.4646
2018-12-26,85.0599
2018-12-27,85.2747
2018-12-28,85.7371
2018-12-31,86.0592
2019-01-02,86.2410
2019-01-03,86.9265
2019-01-04,86.2244
2019-01-07,85.9849
2019-01-08,85.7702
2019-01-09,85.8197
2019-01-10,85.7784
2019-01-11,86.0345
2019-01-14,85.9849
2019-01-15,85.9023
2019-01-16,85.8528
2019-01-17,85.6959
2019-01-18,85.4233
2019-01-22,85.7206
2019-01-23,85.6793
2019-01-24,85.9519
2019-01-25,85.7537
2019-01-28,85.7784
2019-01-29,86.0262
2019-01-30,86.2244
2019-01-31,86.6209
2019-02-01,86.1574
2019-02-04,85.9670
2019-02-05,86.1160
2019-02-06,86.1822
2019-02-07,86.4636
2019-02-08,86.5795
2019-02-11,86.4471
2019-02-12,86.3312
2019-02-13,86.1160
2019-02-14,86.5216
2019-02-15,86.4388
2019-02-19,86.5878
2019-02-20,86.5712
2019-02-21,86.3146
2019-02-22,86.5712
2019-02-25,86.4388
2019-02-26,86.6953
2019-02-27,86.3891
2019-02-28,86.1657
2019-03-01,85.8829
2019-03-04,86.1482
2019-03-05,86.1980
2019-03-06,86.4385
2019-03-07,86.7287
2019-03-08,86.8531
2019-03-11,86.7867
2019-03-12,87.0272
2019-03-13,86.9940
2019-03-14,86.8697
2019-03-15,87.1433
2019-03-18,87.0272
2019-03-19,86.9692
2019-03-20,87.5745
2019-03-21,87.5330
2019-03-22,88.1799
2019-03-25,88.4037
2019-03-26,88.3291
2019-03-27,88.5862
2019-03-28,88.5945
2019-03-29,88.4535
2019-04-01,87.8453
2019-04-02,87.9948
2019-04-03,87.7206
2019-04-04,87.8120
2019-04-05,87.8535
2019-04-08,87.7123
2019-04-09,87.8702
2019-04-10,88.0779
2019-04-11,87.8785
2019-04-12,87.4713
2019-04-15,87.5877
2019-04-16,87.2886
2019-04-17,87.3052
2019-04-18,87.5129
2019-04-22,87.3882
2019-04-23,87.5461
2019-04-24,87.8785
2019-04-25,87.7705
2019-04-26,88.0032
2019-04-29,87.8203
2019-04-30,87.9948
2019-05-01,87.9549
2019-05-02,87.7051
2019-05-03,87.8216
2019-05-06,88.0465
2019-05-07,88.3462
2019-05-08,88.1797
2019-05-09,88.4128
2019-05-10,88.3545
2019-05-13,88.7957
2019-05-14,88.7125
2019-05-15,88.9956
2019-05-16,88.8208
2019-05-17,88.8624
2019-05-20,88.7125
2019-05-21,88.6126
2019-05-22,88.8790
2019-05-23,89.4202
2019-05-24,89.3952
2019-05-28,89.7865
2019-05-29,89.7533
2019-05-30,90.0780
2019-05-31,90.6774
2019-06-03,91.1137
2019-06-04,90.7801
2019-06-05,90.7801
2019-06-06,90.7634
2019-06-07,91.1220
2019-06-10,90.6716
2019-06-11,90.6716
2019-06-12,90.9052
2019-06-13,91.1304
2019-06-14,91.1972
2019-06-17,91.1805
2019-06-18,91.3556
2019-06-19,91.6059
2019-06-20,91.7561
2019-06-21,91.3807
2019-06-24,91.6977
2019-06-25,91.8395
2019-06-26,91.4641
2019-06-27,91.7394
2019-06-28,91.7811
2019-07-01,91.6658
2019-07-02,91.9917
2019-07-03,92.1672
2019-07-05,91.5822
2019-07-08,91.4903
2019-07-09,91.4318
2019-07-10,91.4819
2019-07-11,91.0306
2019-07-12,91.1310
2019-07-15,91.3232
2019-07-16,91.1226
2019-07-17,91.5488
2019-07-18,91.7744
2019-07-19,91.6073
2019-07-22,91.6490
2019-07-23,91.4987
2019-07-24,91.6324
2019-07-25,91.4735
2019-07-26,91.4569
2019-07-29,91.5404
2019-07-30,91.5822
2019-07-31,91.8162
2019-08-01,92.8577
2019-08-02,93.0502
2019-08-05,93.8538
2019-08-06,94.0046
2019-08-07,94.0046
2019-08-08,94.0129
2019-08-09,93.8706
2019-08-12,94.4650
2019-08-13,94.1301
2019-08-14,94.7580
2019-08-15,95.3607
2019-08-16,95.1096
2019-08-19,94.6575
2019-08-20,95.0761
2019-08-21,94.8249
2019-08-22,94.6157
2019-08-23,95.2519
2019-08-26,95.1598
2019-08-27,95.5700
2019-08-28,95.6035
2019-08-29,95.4193
2019-08-30,95.4444
2019-09-03,95.6541
2019-09-04,95.8050
2019-09-05,95.0335
2019-09-06,95.0922
2019-09-09,94.5053
2019-09-10,93.8176
2019-09-11,93.7254
2019-09-12,93.5157
2019-09-13,92.6605
2019-09-16,93.0629
2019-09-17,93.3061
2019-09-18,93.3397
2019-09-19,93.3816
2019-09-20,93.9183
2019-09-23,94.0525
2019-09-24,94.5221
2019-09-25,93.9015
2019-09-26,94.1027
2019-09-27,94.2369
2019-09-30,94.3124
2019-10-01,94.5736
2019-10-02,94.9011
2019-10-03,95.3966
2019-10-04,95.5814
2019-10-07,95.2622
2019-10-08,95.4638
2019-10-09,95.2203
2019-10-10,94.6239
2019-10-11,93.9773
2019-10-14,94.2376
2019-10-15,93.7841
2019-10-16,93.9689
2019-10-17,93.9353
2019-10-18,94.0193
2019-10-21,93.6750
2019-10-22,93.8933
2019-10-23,93.9269
2019-10-24,93.9101
2019-10-25,93.7085
2019-10-28,93.3559
2019-10-29,93.4398
2019-10-30,93.8933
2019-10-31,94.4896
2019-11-01,94.3113
2019-11-04,93.8319
2019-11-05,93.3272
2019-11-06,93.5964
2019-11-07,92.8478
2019-11-08,92.7216
2019-11-11,92.8226
2019-11-12,92.8646
2019-11-13,93.1169
2019-11-14,93.5880
2019-11-15,93.5123
2019-11-18,93.6721
2019-11-19,93.8487
2019-11-20,94.1935
2019-11-21,93.9580
2019-11-22,93.9412
2019-11-25,93.9832
2019-11-26,94.1599
2019-11-27,93.9160
2019-11-29,93.8403
2019-12-02,93.5034
2019-12-03,94.3372
2019-12-04,93.9751
2019-12-05,93.7561
2019-12-06,93.4697
2019-12-09,93.5455
2019-12-10,93.4360
2019-12-11,93.8234
2019-12-12,93.0822
2019-12-13,93.6297
2019-12-16,93.1917
2019-12-17,93.2001
2019-12-18,92.9475
2019-12-19,93.0200
2019-12-20,93.0200
2019-12-23,92.9356
2019-12-24,93.0959
2019-12-26,93.2309
2019-12-27,93.3658
2019-12-30,93.3068
2019-12-31,92.9694
2020-01-02,93.3996
2020-01-03,94.0237
2020-01-06,93.9225
2020-01-07,93.7876
2020-01-08,93.5683
2020-01-09,93.6358
2020-01-10,93.8381
2020-01-13,93.7285
2020-01-14,93.9141
2020-01-15,94.1503
2020-01-16,93.9563
2020-01-17,93.8804
2020-01-21,94.2515
2020-01-22,94.2683
2020-01-23,94.5045
2020-01-24,94.8419
2020-01-27,95.4830
2020-01-28,95.1625
2020-01-29,95.6179
2020-01-30,95.7107
2020-01-31,96.1915
2020-02-03,96.1096
2020-02-04,95.5521
2020-02-05,95.1383
2020-02-06,95.2058
2020-02-07,95.6619
2020-02-10,95.8478
2020-02-11,95.6197
2020-02-12,95.3747
2020-02-13,95.4592
2020-02-14,95.6957
2020-02-18,95.8478
2020-02-19,95.8309
2020-02-20,96.1096
2020-02-21,96.4981
2020-02-24,97.2498
2020-02-25,97.5201
2020-02-26,97.4694
2020-02-27,97.9424
2020-02-28,99.0404
2020-03-02,98.9728
2020-03-03,100.1228
2020-03-04,99.9030
2020-03-05,100.7909
2020-03-06,101.8141
2020-03-09,102.7274
2020-03-10,100.8416
2020-03-11,99.8353
2020-03-12,99.8861
2020-03-13,99.2349
2020-03-16,101.8564
2020-03-17,99.3026
2020-03-18,97.9242
2020-03-19,98.2456
2020-03-20,100.7486
2020-03-23,101.9409
2020-03-24,101.2475
2020-03-25,101.3067
2020-03-26,101.5519
2020-03-27,102.3046
2020-03-30,102.5414
2020-03-31,102.7274
2020-04-01,103.1456
2020-04-02,103.1626
2020-04-03,103.2387
2020-04-06,102.7731
2020-04-07,102.3159
2020-04-08,102.1889
2020-04-09,102.4090
2020-04-13,102.1889
2020-04-14,102.3244
2020-04-15,103.2387
2020-04-16,103.3488
2020-04-17,103.0779
2020-04-20,103.3488
2020-04-21,103.6367
2020-04-22,103.3150
2020-04-23,103.3827
2020-04-24,103.4081
2020-04-27,102.8577
2020-04-28,103.3065
2020-04-29,103.2557
2020-04-30,103.0102
2020-05-01,103.1525
2020-05-04,103.1695
2020-05-05,103.0932
2020-05-06,102.7118
2020-05-07,103.3390
2020-05-08,103.0000
2020-05-11,102.7118
2020-05-12,103.0508
2020-05-13,103.2627
2020-05-14,103.4238
2020-05-15,103.3560
2020-05-18,102.7203
2020-05-19,103.0084
2020-05-20,103.0339
2020-05-21,103.1017
2020-05-22,103.2966
2020-05-26,103.0254
2020-05-27,103.1102
2020-05-28,103.0169
2020-05-29,103.3475
2020-06-01,103.3067
2020-06-02,103.1371
2020-06-03,102.5262
2020-06-04,102.1190
2020-06-05,101.6100
2020-06-08,101.7203
2020-06-09,102.0851
2020-06-10,102.8486
2020-06-11,103.2134
2020-06-12,102.9843
2020-06-15,102.8995
2020-06-16,102.6874
2020-06-17,102.8486
2020-06-18,103.0777
2020-06-19,103.1116
2020-06-22,103.0183
2020-06-23,102.9843
2020-06-24,103.1795
2020-06-25,103.1964
2020-06-26,103.4764
2020-06-29,103.5783
2020-06-30,103.3916
2020-07-01,103.2303
2020-07-02,103.3576
2020-07-06,103.2047
2020-07-07,103.5359
2020-07-08,103.3746
2020-07-09,103.7058
2020-07-10,103.5020
2020-07-13,103.6124
2020-07-14,103.6039
2020-07-15,103.5699
2020-07-16,103.6463
2020-07-17,103.6209
2020-07-20,103.6888
2020-07-21,103.7992
2020-07-22,103.8331
2020-07-23,103.9350
2020-07-24,103.8841
2020-07-27,103.7227
2020-07-28,103.9690
2020-07-29,104.1049
2020-07-30,104.2492
2020-07-31,104.2747
2020-08-03,104.2237
2020-08-04,104.5806
2020-08-05,104.2322
2020-08-06,104.3512
2020-08-07,104.1302
2020-08-10,104.0198
2020-08-11,103.6628
2020-08-12,103.3569
2020-08-13,103.1444
2020-08-14,103.1954
2020-08-17,103.3654
2020-08-18,103.5438
2020-08-19,103.4079
2020-08-20,103.7053
2020-08-21,103.7818
2020-08-24,103.6373
2020-08-25,103.3909
2020-08-26,103.3484
2020-08-27,102.9829
2020-08-28,103.1529
2020-08-31,103.2634
2020-09-01,103.6019
2020-09-02,103.7465
2020-09-03,103.8825
2020-09-04,103.3042
2020-09-08,103.5253
2020-09-09,103.4743
2020-09-10,103.6019
2020-09-11,103.7635
2020-09-14,103.6699
2020-09-15,103.6189
2020-09-16,103.5593
2020-09-17,103.5933
2020-09-18,103.4998
2020-09-21,103.6869
2020-09-22,103.6869
2020-09-23,103.6869
2020-09-24,103.7380
2020-09-25,103.8230
2020-09-28,103.8060
2020-09-29,103.8825
2020-09-30,103.6019
2020-10-01,103.6606
2020-10-02,103.5585
2020-10-05,102.9032
2020-10-06,103.1415
2020-10-07,102.8436
2020-10-08,103.0309
2020-10-09,102.9798
2020-10-12,103.0904
2020-10-13,103.3202
2020-10-14,103.3542
2020-10-15,103.2436
2020-10-16,103.1841
2020-10-19,103.0138
2020-10-20,102.7926
2020-10-21,102.6564
2020-10-22,102.2990
2020-10-23,102.4436
2020-10-26,102.7160
2020-10-27,102.9458
2020-10-28,102.9372
2020-10-29,102.5032
2020-10-30,102.1713
2020-11-02,102.3467
2020-11-03,102.1168
2020-11-04,102.9769
2020-11-05,102.9599
2020-11-06,102.6107
2020-11-09,101.8528
2020-11-10,101.5633
2020-11-11,101.7251
2020-11-12,102.3042
2020-11-13,102.1679
2020-11-16,102.0913
2020-11-17,102.3553
2020-11-18,102.3212
2020-11-19,102.4319
2020-11-20,102.6107
2020-11-23,102.4064
2020-11-24,102.2446
2020-11-25,102.2786
2020-11-27,102.5852
2020-11-30,102.5171
2020-12-01,101.9717
2020-12-02,101.8013
2020-12-03,102.0740
2020-12-04,101.6735
2020-12-07,101.9887
2020-12-08,102.0910
2020-12-09,101.9461
2020-12-10,102.1762
2020-12-11,102.3807
2020-12-14,102.3211
2020-12-15,102.2188
2020-12-16,102.1336
2020-12-17,102.0594
2020-12-18,101.9742
2020-12-21,102.0424
2020-12-22,102.2129
2020-12-23,101.9997
2020-12-24,102.1447
2020-12-28,102.1532
2020-12-29,102.1362
2020-12-30,102.2044
2020-12-31,102.2726
2021-01-04,102.2982
2021-01-05,102.0594
2021-01-06,101.4626
2021-01-07,101.1045
2021-01-08,100.8146
2021-01-11,100.6185
2021-01-12,100.6014
2021-01-13,100.9510
2021-01-14,100.7208
2021-01-15,100.9936
2021-01-19,101.0533
2021-01-20,101.0959
2021-01-21,100.9510
2021-01-22,101.1045
2021-01-25,101.5138
2021-01-26,101.4797
2021-01-27,101.5990
2021-01-28,101.3347
2021-01-29,101.1556
2021-02-01,101.2819
2021-02-02,101.0260
2021-02-03,100.7785
2021-02-04,100.7444
2021-02-05,100.5311
2021-02-08,100.5738
2021-02-09,100.6506
2021-02-10,100.9065
2021-02-11,100.8297
2021-02-12,100.4969
2021-02-16,99.7718
2021-02-17,99.8400
2021-02-18,99.8315
2021-02-19,99.4305
2021-02-22,99.2684
2021-02-23,99.3452
2021-02-24,99.2087
2021-02-25,97.8862
2021-02-26,98.7650
2021-03-01,98.6540
2021-03-02,98.8333
2021-03-03,98.3040
2021-03-04,97.8174
2021-03-05,97.6808
2021-03-08,97.2966
2021-03-09,97.7576
2021-03-10,97.9625
2021-03-11,97.9284
2021-03-12,97.2198
2021-03-15,97.3393
2021-03-16,97.3222
2021-03-17,97.1600
2021-03-18,96.5539
2021-03-19,96.4942
2021-03-22,96.8100
2021-03-23,97.2881
2021-03-24,97.4162
2021-03-25,97.2881
2021-03-26,96.9637
2021-03-29,96.6308
2021-03-30,96.5454
2021-03-31,96.4088
2021-04-01,96.8359
2021-04-05,96.5625
2021-04-06,97.0324
2021-04-07,96.9726
2021-04-08,97.3057
2021-04-09,97.0495
2021-04-12,96.9897
2021-04-13,97.3911
2021-04-14,97.2716
2021-04-15,97.8952
2021-04-16,97.6303
2021-04-19,97.5278
2021-04-20,97.8183
2021-04-21,97.8695
2021-04-22,97.9464
2021-04-23,97.8183
2021-04-26,97.7157
2021-04-27,97.3314
2021-04-28,97.4595
2021-04-29,97.2887
2021-04-30,97.3741
2021-05-03,97.5399
2021-05-04,97.6681
2021-05-05,97.7878
2021-05-06,97.8305
2021-05-07,97.8647
2021-05-10,97.6681
2021-05-11,97.5057
2021-05-12,97.0356
2021-05-13,97.3604
2021-05-14,97.5741
2021-05-17,97.4801
2021-05-18,97.4801
2021-05-19,97.1895
2021-05-20,97.5912
2021-05-21,97.6254
2021-05-24,97.7194
2021-05-25,98.0784
2021-05-26,97.9673
2021-05-27,97.7963
2021-05-28,97.7878
2021-06-01,97.7698
2021-06-02,97.8810
2021-06-03,97.6329
2021-06-04,98.1719
2021-06-07,98.0949
2021-06-08,98.3771
2021-06-09,98.6851
2021-06-10,99.0358
2021-06-11,98.8904
2021-06-14,98.5824
2021-06-15,98.5996
2021-06-16,97.9238
2021-06-17,98.2745
2021-06-18,98.8305
2021-06-21,98.5140
2021-06-22,98.6936
2021-06-23,98.4969
2021-06-24,98.4798
2021-06-25,98.2745
2021-06-28,98.5824
2021-06-29,98.6338
2021-06-30,98.7877
2021-07-01,98.7167
2021-07-02,99.0762
2021-07-06,99.5984
2021-07-07,99.8893
2021-07-08,100.1461
2021-07-09,99.6411
2021-07-12,99.5898
2021-07-13,99.2816
2021-07-14,99.7096
2021-07-15,100.1290
2021-07-16,100.1119
2021-07-19,100.9678
2021-07-20,100.8394
2021-07-21,100.2574
2021-07-22,100.4885
2021-07-23,100.3344
2021-07-26,100.2660
2021-07-27,100.6939
2021-07-28,100.7795
2021-07-29,100.4714
2021-07-30,100.7538
2021-08-02,101.1958
2021-08-03,101.2215
2021-08-04,101.1958
2021-08-05,100.8275
2021-08-06,100.2365
2021-08-09,100.0224
2021-08-10,99.8339
2021-08-11,99.9453
2021-08-12,99.8425
2021-08-13,100.4164
2021-08-16,100.6390
2021-08-17,100.5877
2021-08-18,100.5363
2021-08-19,100.7590
2021-08-20,100.6647
2021-08-23,100.6905
2021-08-24,100.4164
2021-08-25,100.0224
2021-08-26,100.0224
2021-08-27,100.3478
2021-08-30,100.5448
2021-08-31,100.3564
2021-09-01,100.3993
2021-09-02,100.5193
2021-09-03,100.2793
2021-09-07,99.8850
2021-09-08,100.1593
2021-09-09,100.4421
2021-09-10,100.1250
2021-09-13,100.2450
2021-09-14,100.6221
2021-09-15,100.4507
2021-09-16,100.1336
2021-09-17,99.8422
2021-09-20,100.3479
2021-09-21,100.2879
2021-09-22,100.3821
2021-09-23,99.4736
2021-09-24,99.1736
2021-09-27,98.9079
2021-09-28,98.5308
2021-09-29,98.6337
2021-09-30,98.7537
2021-10-01,99.1568
2021-10-04,99.0367
2021-10-05,98.7279
2021-10-06,98.7537
2021-10-07,98.3591
2021-10-08,98.1447
2021-10-11,97.9045
2021-10-12,98.3506
2021-10-13,98.5393
2021-10-14,98.7709
2021-10-15,98.2820
2021-10-18,98.1447
2021-10-19,97.7930
2021-10-20,97.7502
2021-10-21,97.4929
2021-10-22,97.7416
2021-10-25,97.8617
2021-10-26,97.9818
2021-10-27,98.5307
2021-10-28,98.2734
2021-10-29,98.3163
2021-11-01,98.3085
2021-11-02,98.5488
2021-11-03,98.2399
2021-11-04,98.7720
2021-11-05,99.3127
2021-11-08,98.8836
2021-11-09,99.3385
2021-11-10,98.4887
2021-11-11,98.1712
2021-11-12,98.3772
2021-11-15,97.9910
2021-11-16,97.9051
2021-11-17,98.2570
2021-11-18,98.3171
2021-11-19,98.5832
2021-11-22,97.8622
2021-11-23,97.4588
2021-11-24,97.7592
2021-11-26,99.0209
2021-11-29,98.7977
2021-11-30,99.3900
2021-12-01,99.5772
2021-12-02,99.3625
2021-12-03,99.9466
2021-12-06,99.4484
2021-12-07,99.0705
2021-12-08,98.7526
2021-12-09,99.0018
2021-12-10,99.0705
2021-12-13,99.5429
2021-12-14,99.3711
2021-12-15,99.2251
2021-12-16,99.5139
2021-12-17,99.7375
2021-12-20,99.6515
2021-12-21,99.2560
2021-12-22,99.3506
2021-12-23,99.1442
2021-12-27,99.1786
2021-12-28,99.1615
2021-12-29,98.6542
2021-12-30,98.9809
2021-12-31,98.8691
2022-01-03,97.9492
2022-01-04,97.8977
2022-01-05,97.4849
2022-01-06,97.2442
2022-01-07,96.9261
2022-01-10,96.9003
2022-01-11,97.1325
2022-01-12,97.1497
2022-01-13,97.4592
2022-01-14,96.7886
2022-01-18,96.0578
2022-01-19,96.2899
2022-01-20,96.4963
2022-01-21,97.0551
2022-01-24,96.9691
2022-01-25,96.8402
2022-01-26,96.1524
2022-01-27,96.5564
2022-01-28,96.7800
2022-01-31,96.7800
2022-02-01,96.6492
2022-02-02,96.8471
2022-02-03,96.4340
2022-02-04,95.6940
2022-02-07,95.7198
2022-02-08,95.4100
2022-02-09,95.5391
2022-02-10,94.6613
2022-02-11,95.6423
2022-02-14,94.9797
2022-02-15,94.6957
2022-02-16,94.8936
2022-02-17,95.4013
2022-02-18,95.7112
2022-02-22,95.7026
2022-02-23,95.2034
2022-02-24,95.4271
2022-02-25,95.4013
2022-02-28,96.4857
2022-03-01,97.4254
2022-03-02,95.9611
2022-03-03,96.3746
2022-03-04,97.3306
2022-03-07,96.9172
2022-03-08,96.2884
2022-03-09,95.6941
2022-03-10,95.2549
2022-03-11,95.2290
2022-03-14,94.0231
2022-03-15,93.9800
2022-03-16,93.8509
2022-03-17,93.6700
2022-03-18,93.9456
2022-03-21,92.7225
2022-03-22,92.2143
2022-03-23,92.8345
2022-03-24,92.3177
2022-03-25,91.3702
2022-03-28,91.5769
2022-03-29,92.0334
2022-03-30,92.3952
2022-03-31,92.5674
2022-04-01,91.9647
2022-04-04,91.9044
2022-04-05,90.8092
2022-04-06,90.4902
2022-04-07,90.2660
2022-04-08,89.8090
2022-04-11,89.3778
2022-04-12,89.8090
2022-04-13,90.0073
2022-04-14,89.1967
2022-04-18,88.9380
2022-04-19,88.3516
2022-04-20,89.0415
2022-04-21,88.5500
2022-04-22,88.5931
2022-04-25,89.1622
2022-04-26,89.7572
2022-04-27,89.2571
2022-04-28,89.1277
2022-04-29,88.6535
2022-05-02,87.9930
2022-05-03,88.0966
2022-05-04,88.6664
2022-05-05,87.7772
2022-05-06,87.2764
2022-05-09,87.9239
2022-05-10,88.2175
2022-05-11,88.7614
2022-05-12,89.0549
2022-05-13,88.5887
2022-05-16,88.9600
2022-05-17,88.2866
2022-05-18,88.9168
2022-05-19,89.2362
2022-05-20,89.6506
2022-05-23,89.1067
2022-05-24,89.8751
2022-05-25,90.0564
2022-05-26,90.0133
2022-05-27,90.1427
2022-05-31,89.2017
2022-06-01,88.6995
2022-06-02,88.8291
2022-06-03,88.6562
2022-06-06,87.9906
2022-06-07,88.3450
2022-06-08,88.0166
2022-06-09,87.9388
2022-06-10,87.0743
2022-06-13,85.5270
2022-06-14,84.8441
2022-06-15,86.0283
2022-06-16,86.5902
2022-06-17,86.6162
2022-06-21,86.1667
2022-06-22,87.2559
2022-06-23,87.7486
2022-06-24,87.4374
2022-06-27,86.9446
2022-06-28,87.0570
2022-06-29,87.7572
2022-06-30,88.4315
2022-07-01,89.3795
2022-07-05,89.7084
2022-07-06,88.9466
2022-07-07,88.4012
2022-07-08,87.8645
2022-07-11,88.5570
2022-07-12,88.7648
2022-07-13,89.1457
2022-07-14,88.6523
2022-07-15,88.9552
2022-07-18,88.6955
2022-07-19,88.2886
2022-07-20,88.2021
2022-07-21,89.2063
2022-07-22,90.2279
2022-07-25,89.9076
2022-07-26,89.9422
2022-07-27,90.1240
2022-07-28,91.0157
2022-07-29,91.0504
2022-08-01,91.5829
2022-08-02,90.3167
2022-08-03,90.6896
2022-08-04,91.1492
2022-08-05,89.8310
2022-08-08,90.3600
2022-08-09,90.0912
2022-08-10,90.1432
2022-08-11,89.5448
2022-08-12,89.9004
2022-08-15,90.1866
2022-08-16,90.0825
2022-08-17,89.4754
2022-08-18,89.6489
2022-08-19,88.8770
2022-08-22,88.4867
2022-08-23,88.2699
2022-08-24,87.9751
2022-08-25,88.5388
2022-08-26,88.4347
2022-08-29,87.9317
2022-08-30,87.9057
2022-08-31,87.5414
2022-09-01,86.8455
2022-09-02,87.3320
2022-09-06,86.3590
2022-09-07,86.9237
2022-09-08,86.6023
2022-09-09,86.6110
2022-09-12,86.4024
2022-09-13,85.9159
2022-09-14,85.9593
2022-09-15,85.6639
2022-09-16,85.7335
2022-09-19,85.4902
2022-09-20,84.9602
2022-09-21,85.2990
2022-09-22,84.0132
2022-09-23,84.1175
2022-09-26,82.7187
2022-09-27,82.1540
2022-09-28,84.0045
2022-09-29,83.6135
2022-09-30,83.3964
2022-10-03,84.3861
2022-10-04,84.5602
2022-10-05,83.7594
2022-10-06,83.2980
2022-10-07,82.8888
2022-10-10,82.4014
2022-10-11,82.6103
2022-10-12,82.8802
2022-10-13,82.5320
2022-10-14,82.0706
2022-10-17,82.1576
2022-10-18,82.3666
2022-10-19,81.5048
2022-10-20,80.8954
2022-10-21,81.0782
2022-10-24,80.9738
2022-10-25,81.9835
2022-10-26,82.4014
2022-10-27,82.9846
2022-10-28,82.5581
2022-10-31,82.1838
2022-11-01,82.1689
2022-11-02,82.0294
2022-11-03,81.6717
2022-11-04,81.4972
2022-11-07,81.2093
2022-11-08,81.7502
2022-11-09,82.0294
2022-11-10,83.8701
2022-11-11,83.6956
2022-11-14,83.4949
2022-11-15,84.1143
2022-11-16,84.7337
2022-11-17,84.1580
2022-11-18,83.8613
2022-11-21,83.8090
2022-11-22,84.2888
2022-11-23,84.7424
2022-11-25,84.7163
2022-11-28,84.7512
2022-11-29,84.3935
2022-11-30,85.1525
2022-12-01,86.0825
2022-12-02,86.2573
2022-12-05,85.3832
2022-12-06,85.9077
2022-12-07,86.6594
2022-12-08,86.1699
2022-12-09,85.5318
2022-12-12,85.4094
2022-12-13,86.1786
2022-12-14,86.4147
2022-12-15,86.5828
2022-12-16,86.3639
2022-12-19,85.6632
2022-12-20,85.0414
2022-12-21,85.1465
2022-12-22,85.1202
2022-12-23,84.7349
2022-12-27,84.0254
2022-12-28,83.8240
2022-12-29,84.2356
2022-12-30,83.8854
2023-01-03,84.5422
2023-01-04,85.1903
2023-01-05,85.0676
2023-01-06,86.1624
2023-01-09,86.3814
2023-01-10,85.8384
2023-01-11,86.3901
2023-01-12,87.1608
2023-01-13,86.6967
2023-01-17,86.4252
2023-01-18,87.5988
2023-01-19,87.4323
2023-01-20,86.8543
2023-01-23,86.5740
2023-01-24,87.0733
2023-01-25,87.1696
2023-01-26,86.8543
2023-01-27,86.7230
2023-01-30,86.4514
2023-01-31,86.8894
2023-02-01,87.5143
2023-02-02,87.4792
2023-02-03,86.5400
2023-02-06,85.7940
2023-02-07,85.5834
2023-02-08,85.8993
2023-02-09,85.5132
2023-02-10,85.1006
2023-02-13,85.3025
2023-02-14,84.9163
2023-02-15,84.6618
2023-02-16,84.3809
2023-02-17,84.6179
2023-02-21,83.6963
2023-02-22,83.8455
2023-02-23,84.1703
2023-02-24,83.6612
2023-02-27,83.9157
2023-02-28,84.0474
2023-03-01,83.3755
2023-03-02,83.0325
2023-03-03,83.7009
2023-03-06,83.5514
2023-03-07,83.5602
2023-03-08,83.5338
2023-03-09,84.0527
2023-03-10,85.6006
2023-03-13,86.6384
2023-03-14,85.8205
2023-03-15,87.0605
2023-03-16,86.2778
2023-03-17,87.2980
2023-03-20,86.9462
2023-03-21,86.1898
2023-03-22,87.3244
2023-03-23,87.8257
2023-03-24,87.8521
2023-03-27,86.7703
2023-03-28,86.7176
2023-03-29,86.5680
2023-03-30,86.6999
2023-03-31,87.1749
2023-04-03,87.5855
2023-04-04,88.1495
2023-04-05,88.5196
2023-04-06,88.5461
2023-04-10,87.6736
2023-04-11,87.6384
2023-04-12,87.8939
2023-04-13,87.6031
2023-04-14,87.1713
2023-04-17,86.6162
2023-04-18,86.7572
2023-04-19,86.5721
2023-04-20,87.0744
2023-04-21,86.8629
2023-04-24,87.2859
2023-04-25,88.1495
2023-04-26,87.8059
2023-04-27,87.2330
2023-04-28,87.8852
2023-05-01,86.8507
2023-05-02,87.9814
2023-05-03,88.5556
2023-05-04,88.5379
2023-05-05,88.0609
2023-05-08,87.5221
2023-05-09,87.4161
2023-05-10,88.0698
2023-05-11,88.3966
2023-05-12,87.8666
2023-05-15,87.6723
2023-05-16,87.3896
2023-05-17,87.1069
2023-05-18,86.5681
2023-05-19,86.2412
2023-05-22,86.0822
2023-05-23,86.2236
2023-05-24,86.0027
2023-05-25,85.4639
2023-05-26,85.6229
2023-05-30,86.2942
2023-05-31,86.6211
2023-06-01,86.8619
2023-06-02,86.1712
2023-06-05,86.1447
2023-06-06,86.1978
2023-06-07,85.5692
2023-06-08,86.1447
2023-06-09,85.8348
2023-06-12,85.9765
2023-06-13,85.3655
2023-06-14,85.4806
2023-06-15,86.1447
2023-06-16,85.7728
2023-06-20,86.0296
2023-06-21,86.1093
2023-06-22,85.6223
2023-06-23,85.9765
2023-06-26,86.1890
2023-06-27,85.8879
2023-06-28,86.2332
2023-06-29,85.3478
2023-06-30,85.5337
2023-07-03,85.1628
2023-07-05,84.7545
2023-07-06,84.0621
2023-07-07,83.9556
2023-07-10,84.3905
2023-07-11,84.5681
2023-07-12,85.3935
2023-07-13,86.1036
2023-07-14,85.6775
2023-07-17,85.8195
2023-07-18,85.9172
2023-07-19,86.2101
2023-07-20,85.5266
2023-07-21,85.5977
2023-07-24,85.3935
2023-07-25,85.2337
2023-07-26,85.5266
2023-07-27,84.5947
2023-07-28,84.8698
2023-07-31,84.9763
2023-08-01,84.4798
2023-08-02,84.3108
2023-08-03,83.6879
2023-08-04,84.5777
2023-08-07,84.3730
2023-08-08,84.8001
2023-08-09,84.8535
2023-08-10,84.2040
2023-08-11,83.7590
2023-08-14,83.6256
2023-08-15,83.4654
2023-08-16,83.1451
2023-08-17,83.0383
2023-08-18,83.2875
2023-08-21,82.7714
2023-08-22,82.8070
2023-08-23,83.7057
2023-08-24,83.3942
2023-08-25,83.3675
2023-08-28,83.5989
2023-08-29,84.1951
2023-08-30,84.1862
2023-08-31,84.3553
2023-09-01,83.8396
2023-09-05,83.3311
2023-09-06,83.1170
2023-09-07,83.4025
2023-09-08,83.4203
2023-09-11,83.2776
2023-09-12,83.3936
2023-09-13,83.4917
2023-09-14,83.3043
2023-09-15,83.0456
2023-09-18,83.1259
2023-09-19,82.8226
2023-09-20,82.7602
2023-09-21,82.1446
2023-09-22,82.4658
2023-09-25,81.8592
2023-09-26,81.8324
2023-09-27,81.4666
2023-09-28,81.6896
2023-09-29,81.7075
2023-10-02,81.0447
2023-10-03,80.3739
2023-10-04,80.8837
2023-10-05,81.0358
2023-10-06,80.5617
2023-10-09,81.5903
2023-10-10,81.4293
2023-10-11,81.8765
2023-10-12,81.0894
2023-10-13,81.6082
2023-10-16,81.1252
2023-10-17,80.3291
2023-10-18,79.9535
2023-10-19,79.5599
2023-10-20,80.0251
2023-10-23,80.4007
2023-10-24,80.5438
2023-10-25,79.8372
2023-10-26,80.4454
2023-10-27,80.5707
2023-10-30,80.3023
2023-10-31,80.1324
2023-11-01,81.0553
2023-11-02,81.5576
2023-11-03,82.1855
2023-11-06,81.7101
2023-11-07,82.1765
2023-11-08,82.5083
2023-11-09,81.6921
2023-11-10,81.7818
2023-11-13,81.7370
2023-11-14,82.9658
2023-11-15,82.3200
2023-11-16,82.9389
2023-11-17,82.9927
2023-11-20,83.1093
2023-11-21,83.2169
2023-11-22,83.1900
2023-11-24,82.7595
2023-11-27,83.3873
2023-11-28,83.7551
2023-11-29,84.1946
2023-11-30,83.7820
2023-12-01,84.5725
2023-12-04,84.2218
2023-12-05,84.8153
2023-12-06,85.1660
2023-12-07,85.0401
2023-12-08,84.4915
2023-12-11,84.5005
2023-12-12,84.6804
2023-12-13,85.9395
2023-12-14,86.6538
2023-12-15,86.5817
2023-12-18,86.3923
2023-12-19,86.5546
2023-12-20,86.9786
2023-12-21,86.8433
2023-12-22,86.7621
2023-12-26,86.8162
2023-12-27,87.4927
2023-12-28,87.1590
2023-12-29,86.9425
2024-01-02,86.6178
2024-01-03,86.8252
2024-01-04,86.3021
2024-01-05,85.9864
2024-01-08,86.2750
2024-01-09,86.2389
2024-01-10,86.1036
2024-01-11,86.5637
2024-01-12,86.7981
2024-01-16,86.0946
2024-01-17,85.8150
2024-01-18,85.6256
2024-01-19,85.6346
2024-01-22,85.8962
2024-01-23,85.6797
2024-01-24,85.4361
2024-01-25,85.8060
2024-01-26,85.6526
2024-01-29,86.1668
2024-01-30,86.2840
2024-01-31,87.0056
2024-02-01,87.5445
2024-02-02,86.4052
2024-02-05,85.5643
2024-02-06,86.0255
2024-02-07,85.8718
2024-02-08,85.5914
2024-02-09,85.4377
2024-02-12,85.5191
2024-02-13,84.5787
2024-02-14,84.8952
2024-02-15,85.1303
2024-02-16,84.7596
2024-02-20,84.9042
2024-02-21,84.6330
2024-02-22,84.6420
2024-02-23,85.0308
2024-02-26,84.9042
2024-02-27,84.7143
2024-02-28,85.0218
2024-02-29,85.1936
2024-03-01,85.5825
2024-03-04,85.3921
2024-03-05,85.9180
2024-03-06,86.1265
2024-03-07,86.2715
2024-03-08,86.3350
2024-03-11,86.2262
2024-03-12,85.8726
2024-03-13,85.6822
2024-03-14,85.0476
2024-03-15,84.9026
2024-03-18,84.8028
2024-03-19,85.0476
2024-03-20,85.2471
2024-03-21,85.2562
2024-03-22,85.6732
2024-03-25,85.4465
2024-03-26,85.5735
2024-03-27,85.8998
2024-03-28,85.8182
2024-04-01,85.0417
2024-04-02,84.8599
2024-04-03,84.9599
2024-04-04,85.2509
2024-04-05,84.6871
2024-04-08,84.4962
2024-04-09,84.8326
2024-04-10,83.7051
2024-04-11,83.5869
2024-04-12,83.9325
2024-04-15,83.3960
2024-04-16,83.0687
2024-04-17,83.5960
2024-04-18,83.3051
2024-04-19,83.4142
2024-04-22,83.4233
2024-04-23,83.5324
2024-04-24,83.2778
2024-04-25,82.9595
2024-04-26,83.1869
2024-04-29,83.5233
2024-04-30,83.1323
2024-05-01,83.4615
2024-05-02,83.8537
2024-05-03,84.3187
2024-05-06,84.3917
2024-05-07,84.6106
2024-05-08,84.3735
2024-05-09,84.6288
2024-05-10,84.3553
2024-05-13,84.4556
2024-05-14,84.7018
2024-05-15,85.3402
2024-05-16,85.1760
2024-05-17,84.9116
2024-05-20,84.7839
2024-05-21,85.0027
2024-05-22,84.8933
2024-05-23,84.5924
2024-05-24,84.7018
2024-05-28,84.2276
2024-05-29,83.8172
2024-05-30,84.2367
2024-05-31,84.6288
2024-06-03,85.1831
2024-06-04,85.6496
2024-06-05,85.9606
2024-06-06,85.9240
2024-06-07,85.0185
2024-06-10,84.8355
2024-06-11,85.2837
2024-06-12,85.7594
2024-06-13,86.3265
2024-06-14,86.5277
2024-06-17,86.1253
2024-06-18,86.5003
2024-06-20,86.2807
2024-06-21,86.2990
2024-06-24,86.3722
2024-06-25,86.4454
2024-06-26,85.9240
2024-06-27,86.1161
2024-06-28,85.6587
2024-07-01,85.0211
2024-07-02,85.3422
2024-07-03,85.9111
2024-07-05,86.3881
2024-07-08,86.4156
2024-07-09,86.2964
2024-07-10,86.3790
2024-07-11,86.9294
2024-07-12,87.1129
2024-07-15,86.8377
2024-07-16,87.2230
2024-07-17,87.2964
2024-07-18,87.0487
2024-07-19,86.7735
2024-07-22,86.6909
2024-07-23,86.7551
2024-07-24,86.5624
2024-07-25,86.7551
2024-07-26,87.1680
2024-07-29,87.3148
2024-07-30,87.4983
2024-07-31,88.1405
2024-08-01,88.5169
2024-08-02,89.8880
2024-08-05,89.9800
2024-08-06,89.1794
2024-08-07,88.8573
2024-08-08,88.5905
2024-08-09,88.9494
2024-08-12,89.1978
2024-08-13,89.5935
2024-08-14,89.7132
2024-08-15,89.1518
2024-08-16,89.3267
2024-08-19,89.4463
2024-08-20,89.8052
2024-08-21,89.9892
2024-08-22,89.5751
2024-08-23,89.9892
2024-08-26,89.8788
2024-08-27,89.8420
2024-08-28,89.7960
2024-08-29,89.6395
2024-08-30,89.3267
2024-09-03,89.9155
2024-09-04,90.4416
2024-09-05,90.6539
2024-09-06,90.7831
2024-09-09,90.9123
2024-09-10,91.2999
2024-09-11,91.2354
2024-09-12,91.0877
2024-09-13,91.2630
2024-09-16,91.5030
2024-09-17,91.3369
2024-09-18,90.9400
2024-09-19,90.8662
2024-09-20,90.8385
2024-09-23,90.7831
2024-09-24,90.8846
2024-09-25,90.5154
2024-09-26,90.4508
2024-09-27,90.8108
2024-09-30,90.5616
2024-10-01,90.8911
2024-10-02,90.6319
2024-10-03,90.1691
2024-10-04,89.2990
2024-10-07,88.9750
2024-10-08,89.0490
2024-10-09,88.7158
2024-10-10,88.7066
2024-10-11,88.7343
2024-10-14,88.5770
2024-10-15,89.0305
2024-10-16,89.1694
2024-10-17,88.7066
2024-10-18,88.8084
2024-10-21,88.1234
2024-10-22,88.0401
2024-10-23,87.8364
2024-10-24,88.0308
2024-10-25,87.8364
2024-10-28,87.6328
2024-10-29,87.6698
2024-10-30,87.5402
2024-10-31,87.4939
2024-11-01,86.9758
2024-11-04,87.4401
2024-11-05,87.4865
2024-11-06,86.5858
2024-11-07,87.2822
2024-11-08,87.4679
2024-11-11,87.2265
2024-11-12,86.6787
2024-11-13,86.6230
2024-11-14,86.6137
2024-11-15,86.6508
2024-11-18,86.8458
2024-11-19,87.0315
2024-11-20,86.9015
2024-11-21,86.8551
2024-11-22,86.9108
2024-11-25,87.8486
2024-11-26,87.6629
2024-11-27,88.0158
2024-11-29,88.3872
2024-12-02,88.3797
2024-12-03,88.1283
2024-12-04,88.4636
2024-12-05,88.4542
2024-12-06,88.7337
2024-12-09,88.4263
2024-12-10,88.2680
2024-12-11,88.0072
2024-12-12,87.6719
2024-12-13,87.2620
2024-12-16,87.2900
2024-12-17,87.2900
2024-12-18,86.6153
2024-12-19,86.2228
2024-12-20,86.5406
2024-12-23,86.1574
2024-12-24,86.2042
2024-12-26,86.2696
2024-12-27,86.0453
2024-12-30,86.5499
2024-12-31,86.3911
2025-01-02,86.4378
2025-01-03,86.2976
2025-01-06,86.2135
2025-01-07,85.8210
2025-01-08,85.9705
2025-01-10,85.3445
2025-01-13,85.1949
2025-01-14,85.2230
2025-01-15,86.1201
2025-01-16,86.3256
2025-01-17,86.3911
2025-01-21,86.6807
2025-01-22,86.4565
2025-01-23,86.2322
2025-01-24,86.4098
2025-01-27,86.9704
2025-01-28,86.9798
2025-01-29,86.8770
2025-01-30,87.0639
2025-01-31,86.9237
2025-02-03,86.9856
2025-02-04,87.2012
2025-02-05,87.7074
2025-02-06,87.6043
2025-02-07,87.3137
2025-02-10,87.2949
2025-02-11,87.0699
2025-02-12,86.4700
2025-02-13,87.1168
2025-02-14,87.4824
2025-02-18,87.0137
2025-02-19,87.1543
2025-02-20,87.3324
2025-02-21,87.8480
2025-02-24,88.0355
2025-02-25,88.7292
2025-02-26,88.9730
2025-02-27,88.8698
2025-02-28,89.3573
2025-03-03,89.6816
2025-03-04,89.3996
2025-03-05,88.9013
2025-03-06,88.8543
2025-03-07,88.7415
2025-03-10,89.3620
2025-03-11,89.0424
2025-03-12,88.7791
2025-03-13,89.1364
2025-03-14,88.8261
2025-03-17,88.9013
2025-03-18,89.0048
2025-03-19,89.2774
2025-03-20,89.4090
2025-03-21,89.3338
2025-03-24,88.8167
2025-03-25,88.9671
2025-03-26,88.7603
2025-03-27,88.6851
2025-03-28,89.3996
2025-03-31,89.6629
2025-04-01,89.9779
2025-04-02,89.8930
2025-04-03,90.8173
2025-04-04,91.0719
2025-04-07,89.9873
2025-04-08,89.5346
2025-04-09,89.2516
2025-04-10,88.6952
2025-04-11,88.1953
2025-04-14,88.9027
2025-04-15,89.1668
2025-04-16,89.5534
2025-04-17,89.2988
2025-04-21,88.8178
2025-04-22,88.8838
2025-04-23,88.9781
2025-04-24,89.4591
2025-04-25,89.7987
2025-04-28,90.1571
2025-04-29,90.4683
2025-04-30,90.6098
2025-05-01,90.2152
2025-05-02,89.6096
2025-05-05,89.4488
2025-05-06,89.6758
2025-05-07,89.9124
2025-05-08,89.2122
2025-05-09,89.2784
2025-05-12,88.7107
2025-05-13,88.6444
2025-05-14,88.3133
2025-05-15,88.8905
2025-05-16,88.9189
2025-05-19,88.8715
2025-05-20,88.7580
2025-05-21,88.1429
2025-05-22,88.4741
2025-05-23,88.7296
2025-05-27,89.0986
2025-05-28,88.8526
2025-05-29,89.2217
2025-05-30,89.4866
2025-06-02,89.1828
2025-06-03,89.0974
2025-06-04,89.7524
2025-06-05,89.4866
2025-06-06,88.7746
2025-06-09,88.9360
2025-06-10,89.0879
2025-06-11,89.4581
2025-06-12,89.8474
2025-06-13,89.5151
2025-06-16,89.2588
2025-06-17,89.6955
2025-06-18,89.7524
2025-06-20,89.8094
2025-06-23,90.1227
2025-06-24,90.4360
2025-06-25,90.4739
2025-06-26,90.7967
2025-06-27,90.5594
2025-06-30,90.9201
2025-07-01,90.7516
2025-07-02,90.5611
2025-07-03,90.2468
2025-07-07,89.9611
2025-07-08,89.8278
2025-07-09,90.2944
2025-07-10,90.2468
2025-07-11,89.8278
2025-07-14,89.7896
2025-07-15,89.4373
2025-07-16,89.6849
2025-07-17,89.6563
2025-07-18,89.9039
2025-07-21,90.2182
2025-07-22,90.4754
2025-07-23,90.1516
2025-07-24,90.0182
2025-07-25,90.2278
2025-07-28,90.0278
2025-07-29,90.6182
2025-07-30,90.3039
2025-07-31,90.3801
2025-08-01,91.4206
2025-08-04,91.5449
2025-08-05,91.4780
2025-08-06,91.4111
2025-08-07,91.3442
2025-08-08,91.1340
2025-08-11,91.1627
2025-08-12,91.1436
2025-08-13,91.4684
2025-08-14,91.1722
2025-08-15,90.9907
2025-08-18,90.9047
2025-08-19,91.1340
2025-08-20,91.2678
2025-08-21,91.0003
2025-08-22,91.5067
2025-08-25,91.3251
2025-08-26,91.5640
2025-08-27,91.7360
2025-08-28,91.9462
2025-08-29,91.8697
2025-09-02,91.5956
2025-09-03,91.9119
2025-09-04,92.3241
2025-09-05,92.7747
2025-09-08,93.0623
2025-09-09,92.8418
2025-09-10,93.0910
2025-09-11,93.2348
2025-09-12,92.9664
2025-09-15,93.1198
2025-09-16,93.1773
2025-09-17,92.9760
2025-09-18,92.6692
2025-09-19,92.6309
2025-09-22,92.4775
2025-09-23,92.7363
2025-09-24,92.4871
2025-09-25,92.2858
2025-09-26,92.2378
2025-09-29,92.5063
2025-09-30,92.4679
2025-10-01,92.7794
2025-10-02,92.8756
2025-10-03,92.6929
2025-10-06,92.4237
2025-10-07,92.6545
2025-10-08,92.6737
2025-10-09,92.6064
2025-10-10,93.1833
2025-10-13,93.2314
2025-10-14,93.4718
2025-10-15,93.3660
2025-10-16,93.7987
2025-10-17,93.6448
2025-10-20,93.7699
2025-10-21,93.9429
2025-10-22,93.9622
2025-10-23,93.6545
2025-10-24,93.7410
2025-10-27,93.7410
2025-10-28,93.8275
2025-10-29,93.2218
2025-10-30,93.0872
2025-10-31,93.1256
2025-11-03,93.0812
2025-11-04,93.1970
2025-11-05,92.7533
2025-11-06,93.2259
2025-11-07,93.2645
2025-11-10,93.1391
2025-11-11,93.4285
2025-11-12,93.4478
2025-11-13,93.1777
2025-11-14,93.0234
2025-11-17,93.1295
2025-11-18,93.2838
2025-11-19,93.2163
2025-11-20,93.4381
2025-11-21,93.7468
2025-11-24,93.8915
2025-11-25,94.1326
2025-11-26,94.2098
2025-11-28,94.0458
2025-12-01,93.5408
2025-12-02,93.6182
2025-12-03,93.8117
2025-12-04,93.5215
2025-12-05,93.3280
2025-12-08,93.1345
2025-12-09,92.9990
2025-12-10,93.2990
2025-12-11,93.3086
2025-12-12,93.0571
2025-12-15,93.1345
2025-12-16,93.3957
2025-12-17,93.3763
2025-12-18,93.6182
2025-12-19,93.4076
2025-12-22,93.3105
2025-12-23,93.2717
2025-12-24,93.5144
2025-12-26,93.6017
2025-12-29,93.7376
2025-12-30,93.6405
2025-12-31,93.3299
2026-01-02,93.2523
2026-01-05,93.5338
2026-01-06,93.4658
2026-01-07,93.6405
2026-01-08,93.3591
2026-01-09,93.4658
2026-01-12,93.3494
2026-01-13,93.4658
2026-01-14,93.6599
2026-01-15,93.4658
2026-01-16,93.1067
2026-01-20,92.7379
2026-01-21,92.9805
2026-01-22,92.9708
2026-01-23,93.1261
2026-01-26,93.2620
2026-01-27,93.1553
2026-01-28,93.0776
2026-01-29,93.1747
2026-01-30,93.1164
2026-02-02,92.9334
2026-02-03,93.0210
2026-02-04,93.0015
2026-02-05,93.5468
2026-02-06,93.5468
2026-02-09,93.5663
2026-02-10,93.9753
2026-02-11,93.7123
2026-02-12,94.2869
2026-02-13,94.6569
2026-02-17,94.6471
2026-02-18,94.4524
2026-02-19,94.5400
2026-02-20,94.5400
2026-02-23,94.8808
2026-02-24,94.8614
2026-02-25,94.7834
2026-02-26,95.0366
2026-02-27,95.4164
2026-03-02,94.8431
2026-03-03,94.7357
2026-03-04,94.5404
2026-03-05,94.2475
2026-03-06,94.1889
2026-03-09,94.4818
2026-03-10,94.1791
2026-03-11,93.7494
2026-03-12,93.4467
2026-03-13,93.3490
2026-03-16,93.7689
2026-03-17,93.9350
2026-03-18,93.5053
2026-03-19,93.4955
2026-03-20,92.6557
2026-03-23,92.9486
2026-03-24,92.6361
2026-03-25,93.1244
2026-03-26,92.3725
2026-03-27,92.3822
2026-03-30,93.0365
2026-03-31,93.2025
2026-04-01,93.1212
2026-04-02,93.3368
2026-04-06,93.0918
2026-04-07,93.3270
2026-04-08,93.5327
2026-04-09,93.5033
2026-04-10,93.3466
2026-04-13,93.5523
2026-04-14,93.8561
2026-04-15,93.6503
2026-04-16,93.4837
2026-04-17,93.9932
2026-04-20,93.9051
2026-04-21,93.4935
2026-04-22,93.5915
2026-04-23,93.4445
2026-04-24,93.6307
2026-04-27,93.4151
2026-04-28,93.3270
2026-04-29,92.8860
2026-04-30,93.0624
2026-05-01,93.1332
2026-05-04,92.7891
2026-05-05,92.9268
2026-05-06,93.3888
2026-05-07,93.1037
2026-05-08,93.3495
2026-05-11,93.0349
2026-05-12,92.7203
2026-05-13,92.7203
2026-05-14,92.6613
2026-05-15,91.9241
2026-05-18,91.8847
2026-05-19,91.5308
2026-05-20,92.1502
2026-05-21,92.2091
2026-05-22,92.2878
2026-05-26,92.6810
2026-05-27,92.7203
2026-05-28,92.9366
2026-05-29,93.0447
2026-06-01,92.8839
2026-06-02,92.9530
2026-06-03,92.7163
2026-06-04,92.8346
2026-06-05,92.3415
2026-06-08,92.2428
2026-06-09,92.4993
2026-06-10,92.4105
2026-06-11,93.0516
2026-06-12,92.8938
2026-06-15,92.9924
2026-06-16,93.2292
2026-06-17,92.7360
2026-06-18,93.0714
2026-06-22,92.7163
2026-06-23,92.8346
2026-06-24,93.4363
2026-06-25,93.4955
2026-06-26,93.7322
2026-06-29,93.7618
2026-06-30,93.2785
2026-07-01,93.0519
2026-07-02,93.1409
2026-07-06,93.2003
2026-07-07,92.7253
2026-07-08,92.5373
2026-07-09,92.7352
2026-07-10,92.6560
2026-07-13,92.3196
2026-07-14,92.5769
2026-07-15,92.8045
2026-07-16,92.7451
2026-07-17,92.8638
2026-07-20,92.5670
2026-07-21,92.3394
2026-07-22,92.1315
2026-07-23,91.8841
2026-07-24,92.0623
2026-07-27,92.3097
2026-07-28,92.5868
2026-07-29,92.2008
2026-07-30,92.2404
2026-07-31,91.9831
2026-08-03,92.1698
2026-08-04,92.5968
2026-08-05,92.6563
2026-08-06,92.2989
2026-08-07,92.5173
2026-08-10,92.1102
2026-08-11,92.2194
2026-08-12,92.3088
2026-08-13,92.6464
2026-08-14,92.3882
2026-08-17,92.1896
2026-08-18,92.2790
2026-08-19,92.7259
2026-08-20,92.3485
2026-08-21,92.1698
2026-08-24,92.3585
2026-08-25,92.8550
2026-08-26,92.6663
2026-08-27,92.5769
2026-08-28,92.1996
2026-08-31,92.0903
2026-09-01,91.7834
2026-09-02,91.8631
2026-09-03,91.9628
2026-09-04,91.9329
2026-09-08,91.8432
2026-09-09,91.5841
2026-09-10,90.8666
2026-09-11,90.6972
2026-09-14,90.6174
2026-09-15,90.5078
2026-09-16,90.4181
2026-09-17,90.9363
2026-09-18,90.4879
2026-09-21,90.8367
2026-09-22,90.8466
2026-09-23,89.8800
2026-09-24,89.3817
2026-09-25,89.6906
2026-09-28,89.2222
2026-09-29,89.1425
2026-09-30,89.0030
2026-10-01,89.3000
2026-10-02,89.0500
2026-10-05,88.9200
2026-10-06,89.1300
