date,adj_close
2003-01-02,28.5900
2003-01-03,28.5423
2003-01-06,28.8762
2003-01-07,28.7258
2003-01-08,28.4395
2003-01-09,28.8579
2003-01-10,28.9203
2003-01-13,28.9864
2003-01-14,29.0047
2003-01-15,28.9386
2003-01-16,28.8983
2003-01-17,28.3551
2003-01-21,27.9440
2003-01-22,27.7018
2003-01-23,27.8743
2003-01-24,27.2981
2003-01-27,26.8834
2003-01-28,27.1036
2003-01-29,27.3091
2003-01-30,26.8650
2003-01-31,27.2467
2003-02-03,27.0118
2003-02-04,27.0118
2003-02-05,26.8100
2003-02-06,26.6632
2003-02-07,26.1751
2003-02-10,26.4467
2003-02-11,26.3732
2003-02-12,26.0026
2003-02-13,25.9328
2003-02-14,26.1677
2003-02-18,26.6926
2003-02-19,26.3696
2003-02-20,26.3145
2003-02-21,26.5421
2003-02-24,26.1347
2003-02-25,26.3732
2003-02-26,26.2411
2003-02-27,26.3843
2003-02-28,26.4283
2003-03-03,26.3476
2003-03-04,26.0062
2003-03-05,26.0576
2003-03-06,25.8447
2003-03-07,25.9147
2003-03-10,25.4696
2003-03-11,25.2893
2003-03-12,25.3445
2003-03-13,26.0287
2003-03-14,26.0618
2003-03-17,26.6650
2003-03-18,27.0145
2003-03-19,26.9483
2003-03-20,27.1248
2003-03-21,27.5037
2003-03-24,26.9152
2003-03-25,27.2021
2003-03-26,26.8674
2003-03-27,27.0476
2003-03-28,27.0366
2003-03-31,26.4848
2003-04-01,26.9446
2003-04-02,27.4817
2003-04-03,27.4964
2003-04-04,27.4154
2003-04-07,27.4338
2003-04-08,27.4559
2003-04-09,27.3051
2003-04-10,27.3124
2003-04-11,27.1616
2003-04-14,27.6546
2003-04-15,27.9525
2003-04-16,27.6619
2003-04-17,28.0849
2003-04-21,28.2762
2003-04-22,28.6661
2003-04-23,28.9678
2003-04-24,28.8206
2003-04-25,28.4160
2003-04-28,28.9199
2003-04-29,29.1149
2003-04-30,29.2069
2003-05-01,29.1701
2003-05-02,29.9058
2003-05-05,30.0419
2003-05-06,30.3288
2003-05-07,30.1449
2003-05-08,29.8947
2003-05-09,30.3251
2003-05-12,30.6561
2003-05-13,30.8364
2003-05-14,30.8180
2003-05-15,30.9394
2003-05-16,30.5568
2003-05-19,30.0271
2003-05-20,30.0198
2003-05-21,30.1338
2003-05-22,30.4391
2003-05-23,30.6782
2003-05-27,31.3992
2003-05-28,31.6126
2003-05-29,31.8149
2003-05-30,32.3814
2003-06-02,32.5506
2003-06-03,32.6536
2003-06-04,33.0986
2003-06-05,33.6394
2003-06-06,33.2531
2003-06-09,32.6352
2003-06-10,33.1244
2003-06-11,33.4371
2003-06-12,33.6247
2003-06-13,33.0278
2003-06-16,33.5841
2003-06-17,33.6541
2003-06-18,33.6320
2003-06-19,33.1751
2003-06-20,32.8914
2003-06-23,32.3056
2003-06-24,32.2945
2003-06-25,32.5119
2003-06-26,33.0683
2003-06-27,32.8583
2003-06-30,32.7551
2003-07-01,32.9799
2003-07-02,33.8052
2003-07-03,33.5141
2003-07-07,34.2105
2003-07-08,34.8184
2003-07-09,35.0764
2003-07-10,34.3910
2003-07-11,34.8663
2003-07-14,35.1537
2003-07-15,35.0579
2003-07-16,34.8663
2003-07-17,33.7610
2003-07-18,33.9894
2003-07-21,33.6947
2003-07-22,34.0889
2003-07-23,34.3210
2003-07-24,34.2547
2003-07-25,34.5053
2003-07-28,34.9290
2003-07-29,34.9474
2003-07-30,34.8148
2003-07-31,34.8848
2003-08-01,34.3947
2003-08-04,34.0484
2003-08-05,33.4589
2003-08-06,33.3078
2003-08-07,33.4183
2003-08-08,33.3446
2003-08-11,33.8052
2003-08-12,34.3726
2003-08-13,34.4868
2003-08-14,34.7116
2003-08-15,34.7226
2003-08-18,35.4117
2003-08-19,36.0748
2003-08-20,36.0564
2003-08-21,36.3512
2003-08-22,35.7101
2003-08-25,35.6769
2003-08-26,35.8132
2003-08-27,36.1633
2003-08-28,36.4027
2003-08-29,36.5538
2003-09-02,37.3976
2003-09-03,37.5560
2003-09-04,37.7108
2003-09-05,37.4713
2003-09-08,37.9908
2003-09-09,37.7108
2003-09-10,36.9665
2003-09-11,37.2871
2003-09-12,37.4521
2003-09-15,37.3598
2003-09-16,37.9175
2003-09-17,37.9064
2003-09-18,38.3016
2003-09-19,38.2609
2003-09-22,37.7365
2003-09-23,38.2499
2003-09-24,37.3044
2003-09-25,36.2962
2003-09-26,35.6757
2003-09-29,36.3146
2003-09-30,35.8419
2003-10-01,36.8095
2003-10-02,37.1641
2003-10-03,37.7513
2003-10-06,38.0763
2003-10-07,38.2905
2003-10-08,37.9913
2003-10-09,38.3902
2003-10-10,38.3422
2003-10-13,38.9442
2003-10-14,39.1990
2003-10-15,38.7078
2003-10-16,39.0550
2003-10-17,38.2979
2003-10-20,38.4899
2003-10-21,38.6635
2003-10-22,37.8177
2003-10-23,37.4854
2003-10-24,37.3930
2003-10-27,37.9396
2003-10-28,38.8519
2003-10-29,39.1104
2003-10-30,39.2211
2003-10-31,38.9626
2003-11-03,39.6237
2003-11-04,39.6791
2003-11-05,39.8748
2003-11-06,40.1888
2003-11-07,39.8822
2003-11-10,39.2396
2003-11-11,38.9700
2003-11-12,39.8711
2003-11-13,39.9782
2003-11-14,39.2211
2003-11-17,38.7447
2003-11-18,38.3200
2003-11-19,38.7226
2003-11-20,38.4604
2003-11-21,38.8851
2003-11-24,39.7751
2003-11-25,40.0152
2003-11-26,40.2294
2003-11-28,40.4214
2003-12-01,40.9422
2003-12-02,40.8794
2003-12-03,40.1444
2003-12-04,40.2368
2003-12-05,39.7382
2003-12-08,40.0336
2003-12-09,39.3578
2003-12-10,39.0032
2003-12-11,40.0927
2003-12-12,40.3799
2003-12-15,39.4349
2003-12-16,39.7841
2003-12-17,39.7766
2003-12-18,40.3894
2003-12-19,40.2594
2003-12-22,40.7088
2003-12-23,40.9317
2003-12-24,40.8834
2003-12-26,41.0282
2003-12-29,41.6522
2003-12-30,41.7598
2003-12-31,41.1508
2004-01-02,41.5927
2004-01-05,42.0793
2004-01-06,42.0236
2004-01-07,42.4692
2004-01-08,42.7924
2004-01-09,42.4507
2004-01-12,43.2455
2004-01-13,43.0635
2004-01-14,43.2863
2004-01-15,43.3978
2004-01-16,43.6391
2004-01-20,44.1628
2004-01-21,44.1034
2004-01-22,43.8546
2004-01-23,44.0922
2004-01-26,44.5305
2004-01-27,43.9734
2004-01-28,43.2863
2004-01-29,42.8778
2004-01-30,42.9335
2004-02-02,43.0449
2004-02-03,42.8035
2004-02-04,41.7450
2004-02-05,42.1350
2004-02-06,43.2009
2004-02-09,43.2863
2004-02-10,43.8063
2004-02-11,44.0737
2004-02-12,43.7729
2004-02-13,43.3234
2004-02-17,44.0848
2004-02-18,43.7617
2004-02-19,42.9892
2004-02-20,42.9149
2004-02-23,42.2687
2004-02-24,42.2650
2004-02-25,42.8592
2004-02-26,43.1192
2004-02-27,43.3420
2004-03-01,44.0291
2004-03-02,43.6800
2004-03-03,43.7246
2004-03-04,44.2779
2004-03-05,44.3782
2004-03-08,43.7506
2004-03-09,43.3792
2004-03-10,42.4692
2004-03-11,42.0421
2004-03-12,43.1749
2004-03-15,42.0607
2004-03-16,42.0793
2004-03-17,42.8592
2004-03-18,42.5992
2004-03-19,42.2278
2004-03-22,41.4145
2004-03-23,41.4850
2004-03-24,41.4293
2004-03-25,42.3838
2004-03-26,42.4914
2004-03-29,43.3062
2004-03-30,43.6597
2004-03-31,43.7564
2004-04-01,44.2364
2004-04-02,44.7982
2004-04-05,44.9285
2004-04-06,44.3815
2004-04-07,44.7164
2004-04-08,44.3183
2004-04-12,44.4336
2004-04-13,43.3992
2004-04-14,43.2653
2004-04-15,42.9304
2004-04-16,43.2578
2004-04-19,43.5778
2004-04-20,42.6141
2004-04-21,43.3099
2004-04-22,43.9053
2004-04-23,43.8122
2004-04-26,43.9053
2004-04-27,43.7936
2004-04-28,42.8783
2004-04-29,42.0262
2004-04-30,41.3416
2004-05-03,41.8849
2004-05-04,42.1193
2004-05-05,42.3053
2004-05-06,41.6876
2004-05-07,40.5007
2004-05-10,39.7826
2004-05-11,40.6496
2004-05-12,40.9584
2004-05-13,40.3965
2004-05-14,40.2403
2004-05-17,39.8570
2004-05-18,40.3073
2004-05-19,40.0207
2004-05-20,40.1026
2004-05-21,40.4784
2004-05-24,41.0030
2004-05-25,41.8588
2004-05-26,42.1453
2004-05-27,42.1565
2004-05-28,42.2309
2004-06-01,42.6327
2004-06-02,42.4914
2004-06-03,41.6728
2004-06-04,42.1937
2004-06-07,42.9564
2004-06-08,42.9155
2004-06-09,42.1379
2004-06-10,42.3053
2004-06-14,41.4756
2004-06-15,42.2309
2004-06-16,42.3128
2004-06-17,42.2049
2004-06-18,42.3499
2004-06-21,42.1825
2004-06-22,42.5100
2004-06-23,43.1499
2004-06-24,42.9937
2004-06-25,43.4992
2004-06-28,43.4096
2004-06-29,43.7715
2004-06-30,44.0177
2004-07-01,43.2156
2004-07-02,43.3499
2004-07-06,42.5739
2004-07-07,42.5217
2004-07-08,41.7495
2004-07-09,42.0255
2004-07-12,41.7831
2004-07-13,41.8390
2004-07-14,41.5965
2004-07-15,41.6898
2004-07-16,41.2235
2004-07-19,41.1712
2004-07-20,41.9882
2004-07-21,40.6713
2004-07-22,40.7385
2004-07-23,40.1565
2004-07-26,39.6305
2004-07-27,40.3692
2004-07-28,40.3356
2004-07-29,40.8131
2004-07-30,41.0370
2004-08-02,40.8877
2004-08-03,40.3020
2004-08-04,40.2684
2004-08-05,39.5260
2004-08-06,38.6978
2004-08-09,38.5747
2004-08-10,39.1791
2004-08-11,39.1269
2004-08-12,38.5635
2004-08-13,38.5561
2004-08-16,39.2164
2004-08-17,39.4626
2004-08-18,40.3057
2004-08-19,39.9625
2004-08-20,40.6713
2004-08-23,40.5221
2004-08-24,40.6340
2004-08-25,40.8653
2004-08-26,40.6266
2004-08-27,40.9474
2004-08-30,40.4811
2004-08-31,40.4177
2004-09-01,41.1302
2004-09-02,41.8539
2004-09-03,41.3913
2004-09-07,41.9136
2004-09-08,41.6898
2004-09-09,42.0368
2004-09-10,42.4247
2004-09-13,42.6523
2004-09-14,42.5665
2004-09-15,42.3091
2004-09-16,42.7642
2004-09-17,42.6896
2004-09-20,42.4993
2004-09-21,42.8202
2004-09-22,42.0964
2004-09-23,42.0554
2004-09-24,42.1321
2004-09-27,41.6833
2004-09-28,42.1807
2004-09-29,42.5733
2004-09-30,42.5733
2004-10-01,43.6465
2004-10-04,43.8933
2004-10-05,43.8522
2004-10-06,44.1364
2004-10-07,43.3997
2004-10-08,42.8538
2004-10-11,43.0557
2004-10-12,42.9547
2004-10-13,42.3302
2004-10-14,42.0535
2004-10-15,42.4873
2004-10-18,42.6668
2004-10-19,42.2256
2004-10-20,42.4462
2004-10-21,42.9846
2004-10-22,42.2517
2004-10-25,42.7042
2004-10-26,43.2651
2004-10-27,43.6877
2004-10-28,43.5269
2004-10-29,43.4484
2004-11-01,43.7924
2004-11-02,43.6203
2004-11-03,44.3234
2004-11-04,44.8656
2004-11-05,45.0675
2004-11-08,44.9104
2004-11-09,45.0712
2004-11-10,45.3966
2004-11-11,45.8453
2004-11-12,46.3127
2004-11-15,46.5745
2004-11-16,46.1631
2004-11-17,46.4100
2004-11-18,46.3389
2004-11-19,45.8453
2004-11-22,46.3314
2004-11-23,46.6194
2004-11-24,46.8998
2004-11-26,46.9297
2004-11-29,47.0980
2004-11-30,47.4458
2004-12-01,47.8870
2004-12-02,47.8197
2004-12-03,47.7300
2004-12-06,47.5056
2004-12-07,46.6717
2004-12-08,47.1915
2004-12-09,46.8325
2004-12-10,47.1915
2004-12-13,47.7075
2004-12-14,47.9656
2004-12-15,48.3657
2004-12-16,47.9880
2004-12-17,47.7935
2004-12-20,47.7375
2004-12-21,48.2423
2004-12-22,48.3358
2004-12-23,48.4599
2004-12-27,48.1486
2004-12-28,48.7863
2004-12-29,48.7825
2004-12-30,48.6100
2004-12-31,48.5800
2005-01-03,47.9497
2005-01-04,46.9219
2005-01-05,45.9840
2005-01-06,46.2279
2005-01-07,45.7139
2005-01-10,46.1791
2005-01-11,45.6164
2005-01-12,45.8040
2005-01-13,45.6652
2005-01-14,46.1003
2005-01-18,46.6480
2005-01-19,45.9803
2005-01-20,45.7064
2005-01-21,45.6014
2005-01-24,45.2525
2005-01-25,45.3688
2005-01-26,45.9728
2005-01-27,46.1041
2005-01-28,46.0666
2005-01-31,46.6067
2005-02-01,46.8694
2005-02-02,47.2257
2005-02-03,46.9669
2005-02-04,47.5596
2005-02-07,47.5483
2005-02-08,47.6646
2005-02-09,46.6480
2005-02-10,46.7306
2005-02-11,47.4921
2005-02-14,47.4508
2005-02-15,47.4921
2005-02-16,47.6346
2005-02-17,47.2145
2005-02-18,47.0982
2005-02-22,46.1791
2005-02-23,46.4530
2005-02-24,46.8881
2005-02-25,47.6684
2005-02-28,47.3720
2005-03-01,47.7359
2005-03-02,47.6496
2005-03-03,47.6909
2005-03-04,48.2761
2005-03-07,48.1561
2005-03-08,47.6984
2005-03-09,47.1582
2005-03-10,46.9556
2005-03-11,46.9219
2005-03-14,47.2745
2005-03-15,46.9556
2005-03-16,46.6930
2005-03-17,46.6930
2005-03-18,46.4417
2005-03-21,46.4980
2005-03-22,46.1791
2005-03-23,45.8415
2005-03-24,46.0103
2005-03-28,46.0291
2005-03-29,45.3697
2005-03-30,46.0367
2005-03-31,46.0291
2005-04-01,45.8370
2005-04-04,46.0065
2005-04-05,46.0894
2005-04-06,46.2326
2005-04-07,46.4135
2005-04-08,45.7088
2005-04-11,45.4827
2005-04-12,45.9086
2005-04-13,45.0871
2005-04-14,44.1827
2005-04-15,43.5760
2005-04-18,43.8549
2005-04-19,44.5784
2005-04-20,43.8812
2005-04-21,44.9552
2005-04-22,44.2279
2005-04-25,44.6349
2005-04-26,44.0056
2005-04-27,43.9868
2005-04-28,42.8638
2005-04-29,43.4253
2005-05-02,43.8699
2005-05-03,44.0885
2005-05-04,44.5784
2005-05-05,44.5708
2005-05-06,44.7291
2005-05-09,45.1587
2005-05-10,44.6198
2005-05-11,44.6424
2005-05-12,43.9378
2005-05-13,43.7795
2005-05-16,44.4540
2005-05-17,44.7178
2005-05-18,45.6146
2005-05-19,45.7277
2005-05-20,45.6712
2005-05-23,45.9726
2005-05-24,45.7842
2005-05-25,45.4413
2005-05-26,46.0744
2005-05-27,46.3306
2005-05-31,46.2326
2005-06-01,46.7564
2005-06-02,46.8845
2005-06-03,46.5416
2005-06-06,46.7150
2005-06-07,46.8092
2005-06-08,46.5115
2005-06-09,46.9675
2005-06-10,47.0654
2005-06-13,47.2764
2005-06-14,47.6834
2005-06-15,47.8115
2005-06-16,48.2788
2005-06-17,48.2486
2005-06-20,48.1021
2005-06-21,48.2381
2005-06-22,48.3514
2005-06-23,47.4978
2005-06-24,46.9917
2005-06-27,47.1126
2005-06-28,47.8453
2005-06-29,48.2230
2005-06-30,48.1172
2005-07-01,48.3287
2005-07-05,49.0916
2005-07-06,48.6460
2005-07-07,48.7819
2005-07-08,49.8319
2005-07-11,50.4438
2005-07-12,50.2851
2005-07-13,50.1718
2005-07-14,49.8092
2005-07-15,49.8546
2005-07-18,49.5675
2005-07-19,50.2625
2005-07-20,50.8743
2005-07-21,50.0812
2005-07-22,50.8517
2005-07-25,50.5193
2005-07-26,50.6704
2005-07-27,50.8139
2005-07-28,51.3351
2005-07-29,51.2822
2005-08-01,51.2595
2005-08-02,51.6448
2005-08-03,51.3880
2005-08-04,50.5269
2005-08-05,49.8319
2005-08-08,49.6582
2005-08-09,49.7337
2005-08-10,49.6657
2005-08-11,50.0963
2005-08-12,49.4920
2005-08-15,50.0208
2005-08-16,49.1445
2005-08-17,49.0841
2005-08-18,48.9255
2005-08-19,49.1823
2005-08-22,49.4618
2005-08-23,49.4542
2005-08-24,49.2578
2005-08-25,49.5298
2005-08-26,48.7215
2005-08-29,49.3787
2005-08-30,49.1596
2005-08-31,50.2549
2005-09-01,50.2549
2005-09-02,49.9830
2005-09-06,50.7308
2005-09-07,50.8819
2005-09-08,50.5948
2005-09-09,50.9045
2005-09-12,51.1311
2005-09-13,50.7383
2005-09-14,50.1567
2005-09-15,49.9830
2005-09-16,50.5646
2005-09-19,50.3229
2005-09-20,49.5978
2005-09-21,48.7970
2005-09-22,49.0463
2005-09-23,49.3858
2005-09-26,49.7191
2005-09-27,49.5524
2005-09-28,49.4843
2005-09-29,50.0298
2005-09-30,50.3025
2005-10-03,50.6056
2005-10-04,49.8404
2005-10-05,48.5674
2005-10-06,48.1356
2005-10-07,48.5674
2005-10-10,48.0219
2005-10-11,47.3552
2005-10-12,46.6884
2005-10-13,46.8778
2005-10-14,47.6658
2005-10-17,47.7492
2005-10-18,47.1051
2005-10-19,48.1204
2005-10-20,47.2264
2005-10-21,47.7492
2005-10-24,48.7948
2005-10-25,48.3780
2005-10-26,48.1280
2005-10-27,47.1203
2005-10-28,47.7795
2005-10-31,48.3250
2005-11-01,48.5674
2005-11-02,49.5449
2005-11-03,49.7191
2005-11-04,49.6131
2005-11-07,49.7949
2005-11-08,49.6131
2005-11-09,49.7798
2005-11-10,50.0449
2005-11-11,50.3328
2005-11-14,50.1510
2005-11-15,49.4236
2005-11-16,49.4388
2005-11-17,50.2950
2005-11-18,50.6814
2005-11-21,51.1966
2005-11-22,51.4694
2005-11-23,51.5300
2005-11-25,51.4921
2005-11-28,50.8102
2005-11-29,50.8860
2005-11-30,51.1057
2005-12-01,51.9391
2005-12-02,52.1437
2005-12-05,51.7725
2005-12-06,51.9316
2005-12-07,51.6133
2005-12-08,51.7497
2005-12-09,52.0073
2005-12-12,52.1665
2005-12-13,52.1740
2005-12-14,52.1134
2005-12-15,51.5830
2005-12-16,51.4012
2005-12-19,50.7647
2005-12-20,50.7496
2005-12-21,51.3633
2005-12-22,51.6987
2005-12-23,51.8204
2005-12-27,51.0446
2005-12-28,51.3489
2005-12-29,51.0750
2005-12-30,50.7480
2006-01-03,51.7596
2006-01-04,52.0410
2006-01-05,52.3224
2006-01-06,52.9461
2006-01-09,53.2960
2006-01-10,53.7752
2006-01-11,53.6839
2006-01-12,53.4938
2006-01-13,53.5166
2006-01-17,53.2656
2006-01-18,53.1515
2006-01-19,54.0034
2006-01-20,53.3873
2006-01-23,53.5546
2006-01-24,54.1555
2006-01-25,54.2924
2006-01-26,55.0758
2006-01-27,55.3497
2006-01-30,55.1899
2006-01-31,55.0302
2006-02-01,55.6007
2006-02-02,54.7640
2006-02-03,54.5967
2006-02-06,55.0835
2006-02-07,54.1935
2006-02-08,54.5358
2006-02-09,54.2544
2006-02-10,54.1403
2006-02-13,53.7828
2006-02-14,54.4065
2006-02-15,54.8857
2006-02-16,55.3725
2006-02-17,55.2584
2006-02-21,55.0150
2006-02-22,55.3877
2006-02-23,55.3497
2006-02-24,55.7908
2006-02-27,55.9430
2006-02-28,55.2052
2006-03-01,56.2092
2006-03-02,55.9734
2006-03-03,55.6919
2006-03-06,55.2584
2006-03-07,54.4597
2006-03-08,54.6499
2006-03-09,54.1707
2006-03-10,55.0074
2006-03-13,55.1215
2006-03-14,55.7300
2006-03-15,56.2396
2006-03-16,56.1103
2006-03-17,56.3385
2006-03-20,56.3080
2006-03-21,55.5246
2006-03-22,56.3841
2006-03-23,56.6275
2006-03-24,57.0994
2006-03-27,57.1070
2006-03-28,56.8097
2006-03-29,57.8617
2006-03-30,57.7093
2006-03-31,57.9151
2006-04-03,57.4348
2006-04-04,57.6940
2006-04-05,57.9913
2006-04-06,58.1133
2006-04-07,57.1832
2006-04-10,57.1223
2006-04-11,56.1084
2006-04-12,56.6953
2006-04-13,56.8402
2006-04-17,56.8783
2006-04-18,58.4716
2006-04-19,58.8985
2006-04-20,58.5859
2006-04-21,58.4563
2006-04-24,57.9913
2006-04-25,58.0294
2006-04-26,57.9837
2006-04-27,57.5034
2006-04-28,58.0904
2006-05-01,57.3738
2006-05-02,58.1590
2006-05-03,58.0599
2006-05-04,58.7689
2006-05-05,59.0967
2006-05-08,59.1806
2006-05-09,59.0967
2006-05-10,58.7384
2006-05-11,57.4119
2006-05-12,56.0321
2006-05-15,55.7805
2006-05-16,55.8720
2006-05-17,54.8505
2006-05-18,54.3321
2006-05-19,54.8123
2006-05-22,54.2025
2006-05-23,53.5011
2006-05-24,53.9128
2006-05-25,55.0487
2006-05-26,55.3765
2006-05-30,53.8518
2006-05-31,54.7895
2006-06-01,55.8568
2006-06-02,55.8186
2006-06-05,54.1949
2006-06-06,53.9662
2006-06-07,53.4401
2006-06-08,53.4859
2006-06-09,53.0132
2006-06-12,51.7935
2006-06-13,50.8101
2006-06-14,51.4199
2006-06-15,53.1810
2006-06-16,52.4872
2006-06-19,51.4581
2006-06-20,51.3971
2006-06-21,52.2966
2006-06-22,52.1019
2006-06-23,52.4150
2006-06-26,53.0640
2006-06-27,52.1478
2006-06-28,52.3768
2006-06-29,54.4001
2006-06-30,54.7666
2006-07-03,55.4538
2006-07-05,54.6444
2006-07-06,54.6292
2006-07-07,53.8198
2006-07-10,53.8275
2006-07-11,54.3009
2006-07-12,53.1785
2006-07-13,51.9721
2006-07-14,51.5598
2006-07-17,51.4911
2006-07-18,51.8423
2006-07-19,53.0640
2006-07-20,51.7049
2006-07-21,50.9643
2006-07-24,52.5906
2006-07-25,52.7204
2006-07-26,52.6059
2006-07-27,52.1019
2006-07-28,53.1937
2006-07-31,53.2014
2006-08-01,52.3692
2006-08-02,53.0640
2006-08-03,53.7053
2006-08-04,53.1556
2006-08-07,52.9494
2006-08-08,52.2165
2006-08-09,51.6896
2006-08-10,52.1478
2006-08-11,51.6133
2006-08-14,51.9187
2006-08-15,53.0029
2006-08-16,53.7664
2006-08-17,53.8504
2006-08-18,54.1634
2006-08-21,53.5831
2006-08-22,53.7587
2006-08-23,53.1403
2006-08-24,53.0487
2006-08-25,53.1403
2006-08-28,53.7053
2006-08-29,54.4001
2006-08-30,54.8200
2006-08-31,54.7971
2006-09-01,54.8353
2006-09-05,55.3316
2006-09-06,54.1558
2006-09-07,53.6748
2006-09-08,53.8809
2006-09-11,53.8122
2006-09-12,55.0796
2006-09-13,55.5454
2006-09-14,55.3468
2006-09-15,55.4767
2006-09-18,55.4614
2006-09-19,55.2171
2006-09-20,55.9577
2006-09-21,55.3545
2006-09-22,54.6215
2006-09-25,55.2705
2006-09-26,55.4475
2006-09-27,55.8534
2006-09-28,55.6313
2006-09-29,55.1487
2006-10-02,54.6279
2006-10-03,54.5513
2006-10-04,55.8764
2006-10-05,56.5887
2006-10-06,56.2977
2006-10-09,56.7266
2006-10-10,56.7572
2006-10-11,56.5351
2006-10-12,57.6764
2006-10-13,58.1359
2006-10-16,58.4806
2006-10-17,58.1896
2006-10-18,58.1972
2006-10-19,58.4806
2006-10-20,57.9061
2006-10-23,58.0211
2006-10-24,58.1359
2006-10-25,58.5189
2006-10-26,59.0091
2006-10-27,58.3198
2006-10-30,58.5726
2006-10-31,58.3887
2006-11-01,57.1249
2006-11-02,57.0406
2006-11-03,57.3164
2006-11-06,57.9827
2006-11-07,58.3657
2006-11-08,58.6644
2006-11-09,58.1283
2006-11-10,58.6108
2006-11-13,58.6951
2006-11-14,59.8287
2006-11-15,60.2806
2006-11-16,60.2346
2006-11-17,60.1963
2006-11-20,60.2806
2006-11-21,60.3802
2006-11-22,60.4491
2006-11-24,60.1734
2006-11-27,58.8253
2006-11-28,59.0244
2006-11-29,59.7904
2006-11-30,59.7981
2006-12-01,59.5760
2006-12-04,60.7555
2006-12-05,60.8015
2006-12-06,60.5946
2006-12-07,60.3342
2006-12-08,60.3419
2006-12-11,60.4951
2006-12-12,60.1657
2006-12-13,60.2423
2006-12-14,60.4874
2006-12-15,60.4338
2006-12-18,59.6755
2006-12-19,59.6372
2006-12-20,59.9826
2006-12-21,59.7057
2006-12-22,59.3134
2006-12-26,60.1595
2006-12-27,60.8749
2006-12-28,60.5980
2006-12-29,60.0210
2007-01-03,60.1210
2007-01-04,60.2826
2007-01-05,59.0210
2007-01-08,58.7903
2007-01-09,59.3442
2007-01-10,59.8057
2007-01-11,60.1749
2007-01-12,60.7518
2007-01-16,60.3441
2007-01-17,60.0826
2007-01-18,59.5826
2007-01-19,59.8134
2007-01-22,59.3749
2007-01-23,59.9364
2007-01-24,60.5903
2007-01-25,59.8288
2007-01-26,60.0518
2007-01-29,60.5749
2007-01-30,60.9056
2007-01-31,61.0364
2007-02-01,61.6902
2007-02-02,61.7287
2007-02-05,61.7210
2007-02-06,61.8748
2007-02-07,62.4441
2007-02-08,62.3441
2007-02-09,61.7748
2007-02-12,61.6056
2007-02-13,62.0594
2007-02-14,62.1517
2007-02-15,62.1979
2007-02-16,62.4363
2007-02-20,63.0363
2007-02-21,63.1517
2007-02-22,63.3748
2007-02-23,63.0363
2007-02-26,62.9902
2007-02-27,60.0364
2007-02-28,60.6364
2007-03-01,60.3210
2007-03-02,59.1211
2007-03-05,57.8211
2007-03-06,59.3980
2007-03-07,59.2057
2007-03-08,59.6518
2007-03-09,60.1364
2007-03-12,60.3057
2007-03-13,58.7595
2007-03-14,59.3826
2007-03-15,59.8441
2007-03-16,59.4365
2007-03-19,60.1749
2007-03-20,60.6518
2007-03-21,61.7441
2007-03-22,61.7441
2007-03-23,61.8396
2007-03-26,61.7086
2007-03-27,61.4235
2007-03-28,60.9996
2007-03-29,61.0767
2007-03-30,61.2308
2007-04-02,61.3849
2007-04-03,62.0400
2007-04-04,62.0323
2007-04-05,61.9938
2007-04-09,62.0786
2007-04-10,62.2712
2007-04-11,61.8859
2007-04-12,62.3020
2007-04-13,62.7028
2007-04-16,63.5660
2007-04-17,63.3733
2007-04-18,63.0034
2007-04-19,62.7028
2007-04-20,63.4350
2007-04-23,63.3656
2007-04-24,63.3348
2007-04-25,63.5120
2007-04-26,63.8665
2007-04-27,63.5968
2007-04-30,62.2249
2007-05-01,62.4793
2007-05-02,63.3116
2007-05-03,63.4273
2007-05-04,63.8280
2007-05-07,63.6430
2007-05-08,63.4195
2007-05-09,63.6739
2007-05-10,62.8878
2007-05-11,63.4581
2007-05-14,62.9032
2007-05-15,62.4023
2007-05-16,62.7413
2007-05-17,62.2558
2007-05-18,62.9879
2007-05-21,63.7818
2007-05-22,64.1748
2007-05-23,64.0052
2007-05-24,63.1652
2007-05-25,63.5737
2007-05-29,64.1594
2007-05-30,64.5910
2007-05-31,64.9455
2007-06-01,65.2769
2007-06-04,65.3463
2007-06-05,65.0842
2007-06-06,64.3598
2007-06-07,63.0265
2007-06-08,63.8511
2007-06-11,63.8665
2007-06-12,62.8107
2007-06-13,63.6507
2007-06-14,64.2288
2007-06-15,64.9917
2007-06-18,64.8684
2007-06-19,65.0380
2007-06-20,63.9128
2007-06-21,64.4137
2007-06-22,63.9051
2007-06-25,63.5737
2007-06-26,63.1036
2007-06-27,64.4214
2007-06-28,64.4129
2007-06-29,64.0114
2007-07-02,64.8376
2007-07-03,65.1465
2007-07-05,65.2546
2007-07-06,65.4785
2007-07-09,65.4167
2007-07-10,64.3434
2007-07-11,64.7295
2007-07-12,65.4939
2007-07-13,65.5557
2007-07-16,65.2314
2007-07-17,65.2777
2007-07-18,65.0693
2007-07-19,65.2546
2007-07-20,64.2817
2007-07-23,64.0423
2007-07-24,62.5443
2007-07-25,62.3127
2007-07-26,60.6448
2007-07-27,59.1700
2007-07-30,60.1970
2007-07-31,59.5329
2007-08-01,59.8572
2007-08-02,60.3282
2007-08-03,58.1817
2007-08-06,58.7067
2007-08-07,59.6101
2007-08-08,61.4015
2007-08-09,59.9885
2007-08-10,60.2742
2007-08-13,59.9499
2007-08-14,58.9229
2007-08-15,58.0658
2007-08-16,59.3553
2007-08-17,60.5444
2007-08-20,60.5908
2007-08-21,60.7607
2007-08-22,61.4865
2007-08-23,60.6989
2007-08-24,61.4865
2007-08-27,60.6371
2007-08-28,59.1082
2007-08-29,60.6603
2007-08-30,60.2510
2007-08-31,60.7992
2007-09-04,61.5791
2007-09-05,61.0077
2007-09-06,61.0232
2007-09-07,60.0194
2007-09-10,59.1855
2007-09-11,60.2201
2007-09-12,59.8418
2007-09-13,59.9885
2007-09-14,60.2974
2007-09-17,59.6333
2007-09-18,62.1737
2007-09-19,63.0077
2007-09-20,62.3821
2007-09-21,62.5135
2007-09-24,62.0347
2007-09-25,61.7831
2007-09-26,62.3250
2007-09-27,62.6965
2007-09-28,61.9535
2007-10-01,63.4938
2007-10-02,63.9040
2007-10-03,63.7259
2007-10-04,63.8266
2007-10-05,65.1192
2007-10-08,64.6316
2007-10-09,65.1579
2007-10-10,65.1037
2007-10-11,64.3684
2007-10-12,64.8793
2007-10-15,64.1285
2007-10-16,63.3931
2007-10-17,63.6408
2007-10-18,63.4860
2007-10-19,61.2181
2007-10-22,62.5107
2007-10-23,62.9906
2007-10-24,62.5881
2007-10-25,62.4333
2007-10-26,63.4783
2007-10-29,63.4086
2007-10-30,62.9055
2007-10-31,63.7182
2007-11-01,61.2568
2007-11-02,61.5587
2007-11-05,60.7459
2007-11-06,61.8915
2007-11-07,59.9719
2007-11-08,60.1499
2007-11-09,59.4843
2007-11-12,58.9115
2007-11-13,60.7614
2007-11-14,60.4131
2007-11-15,59.5539
2007-11-16,59.0508
2007-11-19,57.7737
2007-11-20,58.1065
2007-11-21,56.8913
2007-11-23,58.0988
2007-11-26,56.5816
2007-11-27,57.2396
2007-11-28,59.4997
2007-11-29,58.9889
2007-11-30,59.3295
2007-12-03,58.6328
2007-12-04,58.0136
2007-12-05,59.1669
2007-12-06,60.5679
2007-12-07,60.7537
2007-12-10,61.2336
2007-12-11,59.0973
2007-12-12,59.5307
2007-12-13,59.2056
2007-12-14,58.0523
2007-12-17,57.1622
2007-12-18,58.1839
2007-12-19,58.5941
2007-12-20,59.4765
2007-12-21,60.8388
2007-12-24,61.2800
2007-12-26,61.5664
2007-12-27,60.1040
2007-12-28,59.4594
2007-12-31,58.9468
2008-01-02,58.3721
2008-01-03,57.7275
2008-01-04,55.9878
2008-01-07,56.1121
2008-01-08,54.3802
2008-01-09,54.9316
2008-01-10,55.6849
2008-01-11,54.5355
2008-01-14,54.9860
2008-01-15,53.9763
2008-01-16,54.0307
2008-01-17,52.7182
2008-01-18,52.2056
2008-01-22,51.8328
2008-01-23,53.6036
2008-01-24,53.5647
2008-01-25,53.1764
2008-01-28,54.3025
2008-01-29,54.4423
2008-01-30,53.7589
2008-01-31,55.0947
2008-02-01,56.3917
2008-02-04,55.7548
2008-02-05,54.3258
2008-02-06,53.6036
2008-02-07,54.4501
2008-02-08,54.1084
2008-02-11,54.1317
2008-02-12,54.5588
2008-02-13,55.7936
2008-02-14,54.5044
2008-02-15,54.2637
2008-02-19,54.9316
2008-02-20,54.9627
2008-02-21,53.9142
2008-02-22,53.9142
2008-02-25,54.9627
2008-02-26,55.4752
2008-02-27,55.4519
2008-02-28,54.6132
2008-02-29,53.4793
2008-03-03,52.9667
2008-03-04,52.6560
2008-03-05,53.1608
2008-03-06,51.3901
2008-03-07,51.2270
2008-03-10,50.0931
2008-03-11,52.2677
2008-03-12,51.6620
2008-03-13,52.6949
2008-03-14,51.3668
2008-03-17,50.5281
2008-03-18,52.8502
2008-03-19,51.5299
2008-03-20,52.4075
2008-03-24,54.4456
2008-03-25,54.6246
2008-03-26,54.1734
2008-03-27,53.6755
2008-03-28,53.0454
2008-03-31,53.1232
2008-04-01,55.0680
2008-04-02,55.2002
2008-04-03,55.3713
2008-04-04,55.3558
2008-04-07,55.2625
2008-04-08,55.2080
2008-04-09,54.3056
2008-04-10,54.8812
2008-04-11,53.4732
2008-04-14,53.3099
2008-04-15,53.6522
2008-04-16,55.3869
2008-04-17,55.1691
2008-04-18,55.7525
2008-04-21,55.7603
2008-04-22,54.7413
2008-04-23,54.8812
2008-04-24,55.4102
2008-04-25,55.9314
2008-04-28,56.3048
2008-04-29,55.8070
2008-04-30,55.5425
2008-05-01,56.4993
2008-05-02,56.4371
2008-05-05,56.2192
2008-05-06,56.6782
2008-05-07,55.6670
2008-05-08,55.7836
2008-05-09,55.6203
2008-05-12,56.8416
2008-05-13,57.1683
2008-05-14,57.0983
2008-05-15,57.2150
2008-05-16,57.5261
2008-05-19,57.5417
2008-05-20,57.3317
2008-05-21,56.5149
2008-05-22,56.9194
2008-05-23,56.1726
2008-05-27,57.0361
2008-05-28,57.3006
2008-05-29,57.8840
2008-05-30,58.0863
2008-06-02,57.5572
2008-06-03,57.4406
2008-06-04,57.7984
2008-06-05,59.2764
2008-06-06,57.5028
2008-06-09,57.3161
2008-06-10,56.8960
2008-06-11,55.9081
2008-06-12,56.0248
2008-06-13,57.0361
2008-06-16,57.3939
2008-06-17,57.3472
2008-06-18,56.8883
2008-06-19,57.3628
2008-06-20,56.4526
2008-06-23,55.9237
2008-06-24,54.9979
2008-06-25,55.6203
2008-06-26,54.1889
2008-06-27,54.2434
2008-06-30,53.7144
2008-07-01,53.7533
2008-07-02,52.2284
2008-07-03,51.9473
2008-07-07,51.2914
2008-07-08,53.1497
2008-07-09,51.7287
2008-07-10,52.2362
2008-07-11,52.5251
2008-07-14,51.6584
2008-07-15,51.4398
2008-07-16,53.3293
2008-07-17,53.4074
2008-07-18,53.7822
2008-07-21,54.4381
2008-07-22,55.8045
2008-07-23,56.1637
2008-07-24,54.7426
2008-07-25,55.1876
2008-07-28,54.2507
2008-07-29,55.5780
2008-07-30,55.9138
2008-07-31,55.6874
2008-08-01,55.7577
2008-08-04,55.2423
2008-08-05,56.1871
2008-08-06,56.4682
2008-08-07,55.6249
2008-08-08,57.0928
2008-08-11,58.4592
2008-08-12,58.0220
2008-08-13,58.2328
2008-08-14,58.7950
2008-08-15,58.6388
2008-08-18,57.8814
2008-08-19,56.9210
2008-08-20,56.9991
2008-08-21,56.3433
2008-08-22,57.5301
2008-08-25,56.2652
2008-08-26,56.3510
2008-08-27,57.0225
2008-08-28,58.1782
2008-08-29,57.6784
2008-09-02,57.6628
2008-09-03,57.8971
2008-09-04,56.0778
2008-09-05,55.9372
2008-09-08,56.5931
2008-09-09,55.2892
2008-09-10,55.8045
2008-09-11,56.1559
2008-09-12,56.4135
2008-09-15,53.8837
2008-09-16,55.4375
2008-09-17,52.9389
2008-09-18,56.0622
2008-09-19,58.5607
2008-09-22,56.1793
2008-09-23,55.4297
2008-09-24,54.7255
2008-09-25,55.0072
2008-09-26,55.2654
2008-09-29,50.8992
2008-09-30,53.2075
2008-10-01,52.4407
2008-10-02,49.7490
2008-10-03,49.0604
2008-10-06,46.7287
2008-10-07,43.6615
2008-10-08,42.6130
2008-10-09,39.1153
2008-10-10,41.0402
2008-10-13,44.5848
2008-10-14,43.3328
2008-10-15,39.4440
2008-10-16,42.0261
2008-10-17,40.8446
2008-10-20,42.7929
2008-10-21,41.6114
2008-10-22,39.5066
2008-10-23,38.3329
2008-10-24,36.9088
2008-10-27,35.1013
2008-10-28,37.9103
2008-10-29,38.1060
2008-10-30,40.2421
2008-10-31,42.0574
2008-11-03,42.1122
2008-11-04,42.5973
2008-11-05,40.3673
2008-11-06,38.8023
2008-11-07,39.6083
2008-11-10,38.6928
2008-11-11,37.8556
2008-11-12,35.6490
2008-11-13,38.5833
2008-11-14,35.7116
2008-11-17,35.4065
2008-11-18,35.2343
2008-11-19,32.3627
2008-11-20,30.1483
2008-11-21,31.7993
2008-11-24,34.0372
2008-11-25,34.6005
2008-11-26,36.6740
2008-11-28,37.0418
2008-12-01,32.8791
2008-12-02,34.6084
2008-12-03,35.6569
2008-12-04,34.4753
2008-12-05,36.0715
2008-12-08,37.6678
2008-12-09,36.5019
2008-12-10,37.3626
2008-12-11,35.4691
2008-12-12,36.6897
2008-12-15,35.5082
2008-12-16,37.8164
2008-12-17,38.1607
2008-12-18,37.9182
2008-12-19,38.1060
2008-12-22,37.3704
2008-12-23,36.8272
2008-12-24,36.9612
2008-12-26,37.4895
2008-12-29,36.9139
2008-12-30,37.9389
2008-12-31,38.8219
2009-01-02,39.5946
2009-01-05,39.7365
2009-01-06,40.4067
2009-01-07,39.2161
2009-01-08,39.4054
2009-01-09,37.9468
2009-01-12,36.8193
2009-01-13,37.3082
2009-01-14,35.6682
2009-01-15,36.2438
2009-01-16,36.6459
2009-01-20,34.1624
2009-01-21,35.8654
2009-01-22,34.8246
2009-01-23,34.9981
2009-01-26,35.3923
2009-01-27,35.7786
2009-01-28,37.2530
2009-01-29,35.7944
2009-01-30,35.0690
2009-02-02,35.3529
2009-02-03,35.6052
2009-02-04,35.3450
2009-02-05,35.7550
2009-02-06,37.0243
2009-02-09,36.8588
2009-02-10,35.1558
2009-02-11,35.2898
2009-02-12,35.5894
2009-02-13,35.2188
2009-02-17,33.8233
2009-02-18,33.3424
2009-02-19,32.8772
2009-02-20,32.4357
2009-02-23,31.1900
2009-02-24,32.3411
2009-02-25,31.6709
2009-02-26,31.0796
2009-02-27,30.8667
2009-03-02,29.1243
2009-03-03,28.5724
2009-03-04,29.1638
2009-03-05,27.6106
2009-03-06,27.7525
2009-03-09,27.1138
2009-03-10,28.8799
2009-03-11,28.9193
2009-03-12,30.7170
2009-03-13,31.0402
2009-03-16,30.4804
2009-03-17,31.8917
2009-03-18,32.9955
2009-03-19,32.6486
2009-03-20,31.5211
2009-03-23,34.2018
2009-03-24,32.8737
2009-03-25,33.7992
2009-03-26,35.1043
2009-03-27,33.9257
2009-03-30,32.9528
2009-03-31,33.2613
2009-04-01,33.8387
2009-04-02,35.5314
2009-04-03,36.0930
2009-04-06,35.4761
2009-04-07,34.2184
2009-04-08,34.8512
2009-04-09,36.8919
2009-04-13,36.9078
2009-04-14,35.8399
2009-04-15,36.3857
2009-04-16,37.4377
2009-04-17,37.7700
2009-04-20,35.8320
2009-04-21,37.0739
2009-04-22,37.0660
2009-04-23,36.9790
2009-04-24,37.6671
2009-04-27,37.2637
2009-04-28,37.3191
2009-04-29,38.7350
2009-04-30,38.3790
2009-05-01,38.6163
2009-05-04,40.0243
2009-05-05,39.8265
2009-05-06,39.9373
2009-05-07,38.9960
2009-05-08,40.3486
2009-05-11,39.7553
2009-05-12,39.1937
2009-05-13,37.3982
2009-05-14,37.9203
2009-05-15,37.7779
2009-05-18,39.0434
2009-05-19,39.0593
2009-05-20,38.6954
2009-05-21,38.1971
2009-05-22,37.8016
2009-05-26,39.6050
2009-05-27,38.8378
2009-05-28,38.8853
2009-05-29,39.6842
2009-06-01,41.2345
2009-06-02,41.7486
2009-06-03,41.4718
2009-06-04,42.0650
2009-06-05,42.0809
2009-06-08,41.5825
2009-06-09,41.7724
2009-06-10,41.6063
2009-06-11,41.6221
2009-06-12,41.7486
2009-06-15,40.6254
2009-06-16,39.9452
2009-06-17,40.1587
2009-06-18,40.3407
2009-06-19,40.5859
2009-06-22,39.1463
2009-06-23,38.8299
2009-06-24,39.2491
2009-06-25,40.3802
2009-06-26,40.5226
2009-06-29,40.5226
2009-06-30,40.4040
2009-07-01,41.0288
2009-07-02,39.6167
2009-07-06,39.2675
2009-07-07,38.4182
2009-07-08,38.1562
2009-07-09,37.9975
2009-07-10,38.1800
2009-07-13,39.1008
2009-07-14,39.3310
2009-07-15,40.8471
2009-07-16,41.3551
2009-07-17,41.1963
2009-07-20,41.7043
2009-07-21,41.6329
2009-07-22,41.9583
2009-07-23,43.2839
2009-07-24,43.5062
2009-07-27,43.7284
2009-07-28,43.7523
2009-07-29,43.5300
2009-07-30,44.2920
2009-07-31,44.1094
2009-08-03,44.8794
2009-08-04,45.3318
2009-08-05,44.8794
2009-08-06,44.2523
2009-08-07,45.3160
2009-08-10,45.3953
2009-08-11,44.6651
2009-08-12,45.3398
2009-08-13,45.7128
2009-08-14,44.7762
2009-08-17,43.5141
2009-08-18,44.0936
2009-08-19,44.6333
2009-08-20,45.1175
2009-08-21,46.1574
2009-08-24,46.1415
2009-08-25,46.3399
2009-08-26,46.4431
2009-08-27,46.3717
2009-08-28,46.0780
2009-08-31,45.4033
2009-09-01,44.3873
2009-09-02,44.1650
2009-09-03,44.6571
2009-09-04,45.2842
2009-09-08,45.7843
2009-09-09,46.5701
2009-09-10,47.1496
2009-09-11,47.1654
2009-09-14,47.6655
2009-09-15,48.0544
2009-09-16,49.0467
2009-09-17,48.9435
2009-09-18,49.1419
2009-09-21,49.0070
2009-09-22,49.3451
2009-09-23,48.8757
2009-09-24,47.8971
2009-09-25,47.6027
2009-09-28,48.7404
2009-09-29,48.5256
2009-09-30,47.9289
2009-10-01,46.4967
2009-10-02,46.1467
2009-10-05,46.9741
2009-10-06,47.8493
2009-10-07,47.8652
2009-10-08,48.3028
2009-10-09,48.8677
2009-10-12,48.8757
2009-10-13,48.6688
2009-10-14,49.5997
2009-10-15,49.5679
2009-10-16,49.0746
2009-10-19,49.4804
2009-10-20,48.7961
2009-10-21,48.1357
2009-10-22,48.8041
2009-10-23,47.7857
2009-10-26,47.3560
2009-10-27,46.7752
2009-10-28,45.2158
2009-10-29,46.0751
2009-10-30,44.8180
2009-11-02,44.7304
2009-11-03,45.4067
2009-11-04,44.7543
2009-11-05,46.1785
2009-11-06,46.2103
2009-11-09,47.1173
2009-11-10,46.8229
2009-11-11,47.1492
2009-11-12,46.2819
2009-11-13,46.7275
2009-11-16,47.9607
2009-11-17,47.9607
2009-11-18,47.8652
2009-11-19,46.6718
2009-11-20,46.6161
2009-11-23,47.4276
2009-11-24,47.2128
2009-11-25,47.2049
2009-11-27,45.8125
2009-11-30,46.2183
2009-12-01,46.9343
2009-12-02,47.4913
2009-12-03,46.9105
2009-12-04,48.0721
2009-12-07,48.1437
2009-12-08,47.7697
2009-12-09,47.6186
2009-12-10,47.4276
2009-12-11,47.8732
2009-12-14,48.5972
2009-12-15,48.4619
2009-12-16,48.7722
2009-12-17,48.2312
2009-12-18,48.6768
2009-12-21,49.3212
2009-12-22,49.7827
2009-12-23,50.4242
2009-12-24,50.6159
2009-12-28,50.5360
2009-12-29,50.5121
2009-12-30,50.4801
2009-12-31,49.8809
2010-01-04,51.1112
2010-01-05,50.9355
2010-01-06,50.8875
2010-01-07,51.2630
2010-01-08,51.5426
2010-01-11,51.3349
2010-01-12,50.7757
2010-01-13,51.4308
2010-01-14,51.6225
2010-01-15,50.8716
2010-01-19,51.8062
2010-01-20,51.0553
2010-01-21,50.2165
2010-01-22,49.3138
2010-01-25,49.3697
2010-01-26,48.8824
2010-01-27,49.4016
2010-01-28,48.5549
2010-01-29,48.0196
2010-02-01,48.5868
2010-02-02,49.1220
2010-02-03,48.7945
2010-02-04,47.1648
2010-02-05,47.3486
2010-02-08,46.8772
2010-02-09,47.5243
2010-02-10,47.6362
2010-02-11,48.3951
2010-02-12,48.7466
2010-02-16,49.5694
2010-02-17,49.9049
2010-02-18,50.3123
2010-02-19,50.3763
2010-02-22,50.5280
2010-02-23,49.9369
2010-02-24,50.3603
2010-02-25,50.3763
2010-02-26,50.1686
2010-03-01,51.3349
2010-03-02,51.7263
2010-03-03,52.0219
2010-03-04,52.1577
2010-03-05,53.2202
2010-03-08,53.3161
2010-03-09,53.5078
2010-03-10,53.9632
2010-03-11,54.1229
2010-03-12,54.0990
2010-03-15,53.9152
2010-03-16,54.3786
2010-03-17,54.6981
2010-03-18,54.5304
2010-03-19,53.8513
2010-03-22,54.6102
2010-03-23,55.3052
2010-03-24,54.6742
2010-03-25,54.3298
2010-03-26,54.3058
2010-03-29,54.6021
2010-03-30,54.7703
2010-03-31,54.2978
2010-04-01,54.8023
2010-04-05,55.8274
2010-04-06,56.1557
2010-04-07,55.9796
2010-04-08,55.9235
2010-04-09,56.2599
2010-04-12,56.4921
2010-04-13,56.6202
2010-04-14,57.8295
2010-04-15,58.0057
2010-04-16,57.2289
2010-04-19,56.9486
2010-04-20,57.7254
2010-04-21,58.1258
2010-04-22,58.7425
2010-04-23,59.3672
2010-04-26,59.1429
2010-04-27,57.7895
2010-04-28,57.8856
2010-04-29,59.1109
2010-04-30,57.3810
2010-05-03,58.6704
2010-05-04,56.8285
2010-05-05,55.9956
2010-05-06,53.8973
2010-05-07,52.3437
2010-05-10,55.2828
2010-05-11,55.6512
2010-05-12,57.3570
2010-05-13,56.8045
2010-05-14,55.7073
2010-05-17,55.8114
2010-05-18,54.7382
2010-05-19,54.0896
2010-05-20,51.3506
2010-05-21,52.1114
2010-05-24,51.4147
2010-05-25,51.4067
2010-05-26,51.5348
2010-05-27,53.7452
2010-05-28,53.0564
2010-06-01,51.4467
2010-06-02,52.9123
2010-06-03,53.5930
2010-06-04,50.9022
2010-06-07,49.5888
2010-06-08,49.5647
2010-06-09,49.5967
2010-06-10,51.3106
2010-06-11,52.0073
2010-06-14,52.3357
2010-06-15,53.6491
2010-06-16,53.4008
2010-06-17,53.4649
2010-06-18,53.4969
2010-06-21,52.9443
2010-06-22,51.8552
2010-06-23,51.7110
2010-06-24,50.8861
2010-06-25,51.7591
2010-06-28,51.4628
2010-06-29,49.5167
2010-06-30,48.9481
2010-07-01,48.5957
2010-07-02,48.0646
2010-07-06,47.4379
2010-07-07,49.0931
2010-07-08,49.8001
2010-07-09,50.5715
2010-07-12,50.0010
2010-07-13,51.5839
2010-07-14,51.3991
2010-07-15,50.9250
2010-07-16,49.0689
2010-07-19,49.2779
2010-07-20,50.1055
2010-07-21,49.2055
2010-07-22,50.9571
2010-07-23,52.2106
2010-07-26,53.3998
2010-07-27,53.2069
2010-07-28,52.3472
2010-07-29,52.2106
2010-07-30,52.2427
2010-08-02,53.1507
2010-08-03,52.7248
2010-08-04,53.2792
2010-08-05,52.6525
2010-08-06,52.3392
2010-08-09,52.9177
2010-08-10,51.9213
2010-08-11,49.8805
2010-08-12,49.6314
2010-08-13,49.0689
2010-08-16,49.4627
2010-08-17,50.3144
2010-08-18,50.4670
2010-08-19,49.0850
2010-08-20,49.1332
2010-08-23,48.4663
2010-08-24,47.9119
2010-08-25,48.6351
2010-08-26,48.2735
2010-08-27,49.5350
2010-08-30,48.4503
2010-08-31,48.3538
2010-09-01,50.2260
2010-09-02,50.7804
2010-09-03,51.6883
2010-09-07,50.7081
2010-09-08,51.0054
2010-09-09,51.0375
2010-09-10,51.1982
2010-09-13,52.4436
2010-09-14,52.2186
2010-09-15,52.5159
2010-09-16,52.1784
2010-09-17,52.3954
2010-09-20,53.8497
2010-09-21,53.5363
2010-09-22,52.9016
2010-09-23,52.2612
2010-09-24,53.9608
2010-09-27,53.8239
2010-09-28,54.3555
2010-09-29,54.5086
2010-09-30,54.3716
2010-10-01,54.6616
2010-10-04,53.9206
2010-10-05,55.4510
2010-10-06,55.2657
2010-10-07,55.1046
2010-10-08,55.8054
2010-10-11,55.8538
2010-10-12,55.9988
2010-10-13,56.8526
2010-10-14,56.8123
2010-10-15,56.6190
2010-10-18,57.0942
2010-10-19,55.9826
2010-10-20,56.5546
2010-10-21,56.2807
2010-10-22,56.6432
2010-10-25,56.9815
2010-10-26,56.9412
2010-10-27,56.7962
2010-10-28,56.4498
2010-10-29,56.6271
2010-11-01,56.2404
2010-11-02,57.4084
2010-11-03,57.6339
2010-11-04,59.0919
2010-11-05,59.4221
2010-11-08,59.3738
2010-11-09,58.5844
2010-11-10,59.2369
2010-11-11,59.0033
2010-11-12,58.0206
2010-11-15,58.0286
2010-11-16,56.9009
2010-11-17,57.0540
2010-11-18,58.1656
2010-11-19,58.3589
2010-11-22,58.6408
2010-11-23,58.0850
2010-11-24,59.3900
2010-11-26,58.9791
2010-11-29,59.0677
2010-11-30,58.6005
2010-12-01,59.9135
2010-12-02,60.5177
2010-12-03,60.9526
2010-12-06,61.3312
2010-12-07,61.6856
2010-12-08,61.6453
2010-12-09,61.8548
2010-12-10,62.6281
2010-12-13,62.3058
2010-12-14,62.2737
2010-12-15,62.0803
2010-12-16,62.6522
2010-12-17,62.8456
2010-12-20,63.0953
2010-12-21,63.7960
2010-12-22,63.7774
2010-12-23,63.6965
2010-12-27,63.8907
2010-12-28,63.7127
2010-12-29,63.8503
2010-12-30,63.7289
2010-12-31,63.3081
2011-01-03,64.4086
2011-01-04,63.4538
2011-01-05,64.1982
2011-01-06,63.8988
2011-01-07,63.5347
2011-01-10,63.8988
2011-01-11,64.1577
2011-01-12,64.7080
2011-01-13,64.6837
2011-01-14,65.1692
2011-01-18,65.2177
2011-01-19,63.5428
2011-01-20,62.8793
2011-01-21,62.4585
2011-01-24,62.9198
2011-01-25,63.0168
2011-01-26,64.0202
2011-01-27,64.2063
2011-01-28,62.6365
2011-01-31,63.0735
2011-02-01,64.5300
2011-02-02,64.2872
2011-02-03,64.5138
2011-02-04,64.6271
2011-02-07,65.2663
2011-02-08,65.7275
2011-02-09,65.4362
2011-02-10,65.6951
2011-02-11,66.4072
2011-02-14,66.7470
2011-02-15,66.3667
2011-02-16,66.9008
2011-02-17,67.3701
2011-02-18,67.4429
2011-02-22,65.7113
2011-02-23,64.5785
2011-02-24,64.9912
2011-02-25,66.4962
2011-02-28,66.5690
2011-03-01,65.2339
2011-03-02,65.5090
2011-03-03,66.9979
2011-03-04,66.7066
2011-03-07,65.6142
2011-03-08,66.6823
2011-03-09,66.4153
2011-03-10,64.7080
2011-03-11,64.8779
2011-03-14,64.5300
2011-03-15,63.9554
2011-03-16,63.3162
2011-03-17,63.4538
2011-03-18,64.2953
2011-03-21,65.7841
2011-03-22,65.4362
2011-03-23,65.6385
2011-03-24,66.0917
2011-03-25,66.6675
2011-03-28,66.5215
2011-03-29,67.1459
2011-03-30,68.0134
2011-03-31,68.2486
2011-04-01,68.5486
2011-04-04,68.7027
2011-04-05,69.0757
2011-04-06,69.2297
2011-04-07,68.8162
2011-04-08,68.0946
2011-04-11,67.4864
2011-04-12,66.6026
2011-04-13,66.6918
2011-04-14,66.9999
2011-04-15,67.7134
2011-04-18,66.5945
2011-04-19,66.6107
2011-04-20,67.9729
2011-04-21,68.4756
2011-04-25,68.3864
2011-04-26,69.0676
2011-04-27,69.4811
2011-04-28,69.7973
2011-04-29,70.0487
2011-05-02,69.2297
2011-05-03,68.3540
2011-05-04,67.4702
2011-05-05,67.1621
2011-05-06,67.5188
2011-05-09,68.3054
2011-05-10,69.3513
2011-05-11,68.0702
2011-05-12,68.6702
2011-05-13,67.7134
2011-05-16,66.7242
2011-05-17,66.5134
2011-05-18,67.5350
2011-05-19,67.6810
2011-05-20,67.1864
2011-05-23,65.9782
2011-05-24,65.6620
2011-05-25,66.4891
2011-05-26,67.3648
2011-05-27,67.8269
2011-05-31,68.7918
2011-06-01,66.5783
2011-06-02,66.5539
2011-06-03,65.5809
2011-06-06,64.5025
2011-06-07,64.6566
2011-06-08,63.9349
2011-06-09,64.2755
2011-06-10,63.2457
2011-06-13,63.0673
2011-06-14,64.4214
2011-06-15,63.2700
2011-06-16,63.4160
2011-06-17,63.4322
2011-06-20,64.0160
2011-06-21,65.4025
2011-06-22,64.8998
2011-06-23,65.1512
2011-06-24,64.8187
2011-06-27,65.3215
2011-06-28,66.3350
2011-06-29,66.6512
2011-06-30,67.1378
2011-07-01,68.1837
2011-07-05,68.3480
2011-07-06,68.6245
2011-07-07,69.6574
2011-07-08,69.2345
2011-07-11,67.7625
2011-07-12,67.3802
2011-07-13,67.9821
2011-07-14,66.9004
2011-07-15,67.3477
2011-07-18,66.2660
2011-07-19,67.7625
2011-07-20,67.6486
2011-07-21,68.2667
2011-07-22,68.3562
2011-07-25,67.5510
2011-07-26,67.0386
2011-07-27,65.0380
2011-07-28,64.9323
2011-07-29,64.8509
2011-08-01,64.4280
2011-08-02,62.4192
2011-08-03,62.8340
2011-08-04,59.0441
2011-08-05,58.0112
2011-08-08,52.9608
2011-08-09,56.4904
2011-08-10,53.7252
2011-08-11,56.4091
2011-08-12,56.7588
2011-08-15,58.3610
2011-08-16,57.2874
2011-08-17,57.3037
2011-08-18,54.0424
2011-08-19,53.0909
2011-08-22,52.9038
2011-08-23,55.4575
2011-08-24,56.2790
2011-08-25,54.8964
2011-08-26,56.2058
2011-08-29,58.8652
2011-08-30,59.2068
2011-08-31,59.0847
2011-09-01,57.8160
2011-09-02,55.6771
2011-09-06,55.5226
2011-09-07,57.6209
2011-09-08,56.5636
2011-09-09,54.8964
2011-09-12,55.3681
2011-09-13,56.2627
2011-09-14,57.2711
2011-09-15,58.0763
2011-09-16,58.1658
2011-09-19,57.1248
2011-09-20,56.2383
2011-09-21,54.1563
2011-09-22,52.6436
2011-09-23,53.1824
2011-09-26,54.1866
2011-09-27,55.3541
2011-09-28,53.2314
2011-09-29,54.1540
2011-09-30,52.4966
2011-10-03,49.7942
2011-10-04,52.8967
2011-10-05,53.6233
2011-10-06,54.8153
2011-10-07,53.4763
2011-10-10,55.8195
2011-10-11,56.2032
2011-10-12,57.0033
2011-10-13,56.9544
2011-10-14,58.0810
2011-10-17,56.3175
2011-10-18,57.8116
2011-10-19,56.6849
2011-10-20,56.8401
2011-10-21,58.0729
2011-10-24,59.9425
2011-10-25,58.2606
2011-10-26,59.2649
2011-10-27,62.3918
2011-10-28,62.0734
2011-10-31,60.4242
2011-11-01,58.2852
2011-11-02,59.7221
2011-11-03,61.2080
2011-11-04,60.9059
2011-11-07,60.7834
2011-11-08,61.6733
2011-11-09,58.7342
2011-11-10,59.1669
2011-11-11,60.7263
2011-11-14,59.8527
2011-11-15,60.6119
2011-11-16,59.6323
2011-11-17,58.7831
2011-11-18,58.7668
2011-11-21,57.3626
2011-11-22,56.8809
2011-11-23,55.0929
2011-11-25,54.3907
2011-11-28,56.9789
2011-11-29,56.8727
2011-11-30,60.1956
2011-12-01,59.7629
2011-12-02,60.0078
2011-12-05,61.0365
2011-12-06,61.0937
2011-12-07,60.9712
2011-12-08,59.0771
2011-12-09,60.8569
2011-12-12,59.9833
2011-12-13,58.7342
2011-12-14,57.9994
2011-12-15,58.5382
2011-12-16,58.9954
2011-12-19,57.9749
2011-12-20,60.3017
2011-12-21,60.5467
2011-12-22,60.9322
2011-12-23,61.1620
2011-12-27,61.3425
2011-12-28,60.2267
2011-12-29,60.8338
2011-12-30,60.5056
2012-01-03,61.5065
2012-01-04,61.1702
2012-01-05,61.5147
2012-01-06,61.3589
2012-01-09,61.6706
2012-01-10,62.5731
2012-01-11,62.8192
2012-01-12,63.0079
2012-01-13,62.6715
2012-01-17,62.6469
2012-01-18,63.7627
2012-01-19,64.1565
2012-01-20,64.1975
2012-01-23,64.1155
2012-01-24,64.4846
2012-01-25,65.0343
2012-01-26,64.9605
2012-01-27,65.4035
2012-01-30,64.8949
2012-01-31,64.8292
2012-02-01,66.2239
2012-02-02,66.6013
2012-02-03,68.0535
2012-02-06,67.8319
2012-02-07,67.7909
2012-02-08,67.9386
2012-02-09,67.6022
2012-02-10,66.6752
2012-02-13,67.5366
2012-02-14,67.2330
2012-02-15,66.6752
2012-02-16,67.9304
2012-02-17,67.9222
2012-02-21,67.4627
2012-02-22,66.9295
2012-02-23,67.9304
2012-02-24,67.7991
2012-02-27,67.6843
2012-02-28,67.5038
2012-02-29,66.4947
2012-03-01,66.8392
2012-03-02,65.8383
2012-03-05,65.9122
2012-03-06,64.5995
2012-03-07,65.2066
2012-03-08,66.0516
2012-03-09,66.9459
2012-03-12,66.8146
2012-03-13,68.1437
2012-03-14,67.5858
2012-03-15,68.1519
2012-03-16,68.0945
2012-03-19,68.6688
2012-03-20,68.0535
2012-03-21,68.0371
2012-03-22,67.3807
2012-03-23,68.0399
2012-03-26,69.4553
2012-03-27,68.9698
2012-03-28,68.5666
2012-03-29,68.3690
2012-03-30,68.1469
2012-04-02,68.9862
2012-04-03,68.5254
2012-04-04,67.4309
2012-04-05,67.1347
2012-04-09,66.0319
2012-04-10,64.4766
2012-04-11,65.3901
2012-04-12,66.3282
2012-04-13,65.4559
2012-04-16,65.5629
2012-04-17,66.5092
2012-04-18,66.0072
2012-04-19,65.6287
2012-04-20,66.0072
2012-04-23,65.0938
2012-04-24,65.5875
2012-04-25,66.6080
2012-04-26,67.2663
2012-04-27,67.7930
2012-04-30,67.0442
2012-05-01,67.1100
2012-05-02,67.2910
2012-05-03,66.3447
2012-05-04,65.0856
2012-05-07,65.2584
2012-05-08,65.2173
2012-05-09,64.8469
2012-05-10,65.0938
2012-05-11,64.9292
2012-05-14,64.0651
2012-05-15,63.9499
2012-05-16,63.4891
2012-05-17,62.0489
2012-05-18,61.4647
2012-05-21,62.9130
2012-05-22,62.5345
2012-05-23,62.9377
2012-05-24,63.0694
2012-05-25,63.0283
2012-05-29,63.9417
2012-05-30,62.7155
2012-05-31,62.6332
2012-06-01,60.7487
2012-06-04,60.6088
2012-06-05,61.3906
2012-06-06,62.9048
2012-06-07,62.4934
2012-06-08,63.3410
2012-06-11,61.9420
2012-06-12,62.7238
2012-06-13,61.9996
2012-06-14,62.7073
2012-06-15,63.5467
2012-06-18,63.6207
2012-06-19,64.7235
2012-06-20,64.6247
2012-06-21,63.0529
2012-06-22,63.7689
2012-06-25,62.7731
2012-06-26,63.0188
2012-06-27,64.0442
2012-06-28,63.9367
2012-06-29,65.7975
2012-07-02,66.5584
2012-07-03,67.4268
2012-07-05,67.3523
2012-07-06,66.5997
2012-07-09,66.3433
2012-07-10,65.6073
2012-07-11,65.3840
2012-07-12,65.1607
2012-07-13,65.9712
2012-07-16,65.7065
2012-07-17,65.9381
2012-07-18,66.3433
2012-07-19,66.1200
2012-07-20,65.2765
2012-07-23,64.2345
2012-07-24,63.3909
2012-07-25,63.5315
2012-07-26,64.0773
2012-07-27,65.5990
2012-07-30,65.3758
2012-07-31,64.7969
2012-08-01,63.7300
2012-08-02,63.4984
2012-08-03,65.0119
2012-08-06,65.5163
2012-08-07,66.1118
2012-08-08,66.0126
2012-08-09,66.3268
2012-08-10,66.0953
2012-08-13,65.9877
2012-08-14,65.8306
2012-08-15,66.4095
2012-08-16,67.1042
2012-08-17,67.5756
2012-08-20,67.4268
2012-08-21,67.3854
2012-08-22,67.0629
2012-08-23,66.5915
2012-08-24,66.7734
2012-08-27,66.9719
2012-08-28,67.2779
2012-08-29,67.4846
2012-08-30,66.8148
2012-08-31,67.0877
2012-09-04,67.9064
2012-09-05,67.9229
2012-09-06,69.1718
2012-09-07,69.6845
2012-09-10,69.3702
2012-09-11,69.5191
2012-09-12,69.8747
2012-09-13,70.7927
2012-09-14,71.4543
2012-09-17,71.1235
2012-09-18,70.8919
2012-09-19,70.7679
2012-09-20,70.4537
2012-09-21,70.7100
2012-09-24,70.4792
2012-09-25,69.4663
2012-09-26,69.0263
2012-09-27,69.7735
2012-09-28,69.2754
2012-10-01,69.5078
2012-10-02,69.6407
2012-10-03,69.4414
2012-10-04,69.9146
2012-10-05,69.8316
2012-10-08,69.3916
2012-10-09,68.5780
2012-10-10,68.4700
2012-10-11,68.7191
2012-10-12,68.1628
2012-10-15,68.6112
2012-10-16,69.1176
2012-10-17,69.7403
2012-10-18,69.3584
2012-10-19,67.9553
2012-10-22,67.9387
2012-10-23,67.5983
2012-10-24,67.4156
2012-10-25,67.6896
2012-10-26,67.3658
2012-10-31,67.7726
2012-11-01,68.4866
2012-11-02,67.4073
2012-11-05,67.8557
2012-11-06,68.3621
2012-11-07,66.7016
2012-11-08,65.7634
2012-11-09,65.9046
2012-11-12,65.7136
2012-11-13,65.3400
2012-11-14,64.1279
2012-11-15,63.7958
2012-11-16,64.3271
2012-11-19,65.6887
2012-11-20,65.8050
2012-11-21,66.1536
2012-11-23,66.8095
2012-11-26,67.0254
2012-11-27,66.9424
2012-11-28,67.5069
2012-11-29,68.2791
2012-11-30,68.1462
2012-12-03,68.0715
2012-12-04,68.1545
2012-12-05,68.0715
2012-12-06,68.1795
2012-12-07,68.2293
2012-12-10,68.5281
2012-12-11,69.2505
2012-12-12,68.8602
2012-12-13,68.4202
2012-12-14,68.3787
2012-12-17,69.3418
2012-12-18,70.2883
2012-12-19,70.4448
2012-12-20,70.7966
2012-12-21,70.5035
2012-12-24,70.1601
2012-12-26,69.6577
2012-12-27,69.6074
2012-12-28,69.1133
2012-12-31,70.6124
2013-01-02,72.6892
2013-01-03,72.5217
2013-01-04,73.0576
2013-01-07,72.7813
2013-01-08,72.7310
2013-01-09,73.0828
2013-01-10,73.2503
2013-01-11,73.1414
2013-01-14,73.1833
2013-01-15,73.5015
2013-01-16,73.2838
2013-01-17,73.9621
2013-01-18,74.1714
2013-01-22,74.7074
2013-01-23,74.5315
2013-01-24,74.7744
2013-01-25,75.3187
2013-01-28,75.3690
2013-01-29,75.4108
2013-01-30,74.5064
2013-01-31,75.0172
2013-02-01,75.6788
2013-02-04,74.7660
2013-02-05,75.4360
2013-02-06,75.7542
2013-02-07,75.5030
2013-02-08,76.0389
2013-02-11,75.9552
2013-02-12,76.2901
2013-02-13,76.6084
2013-02-14,76.8010
2013-02-15,76.8261
2013-02-19,77.5044
2013-02-20,76.0640
2013-02-21,75.3271
2013-02-22,76.2315
2013-02-25,74.5483
2013-02-26,74.8414
2013-02-27,75.6286
2013-02-28,75.7709
2013-03-01,76.1143
2013-03-04,76.3152
2013-03-05,77.2029
2013-03-06,77.4039
2013-03-07,77.7724
2013-03-08,78.4926
2013-03-11,78.4675
2013-03-12,78.3084
2013-03-13,78.6014
2013-03-14,79.3886
2013-03-15,79.3467
2013-03-18,78.9113
2013-03-19,78.5763
2013-03-20,79.3049
2013-03-21,78.6098
2013-03-22,78.8527
2013-03-25,78.8980
2013-03-26,79.1500
2013-03-27,79.2004
2013-03-28,79.3011
2013-04-01,78.2346
2013-04-02,77.7475
2013-04-03,76.5298
2013-04-04,77.1849
2013-04-05,77.0337
2013-04-08,77.6719
2013-04-09,77.4452
2013-04-10,78.8476
2013-04-11,78.9568
2013-04-12,78.6377
2013-04-15,75.6732
2013-04-16,76.9833
2013-04-17,75.6480
2013-04-18,75.2282
2013-04-19,76.0931
2013-04-22,76.3115
2013-04-23,77.5208
2013-04-24,77.9239
2013-04-25,78.4362
2013-04-26,78.0163
2013-04-29,78.5789
2013-04-30,79.0240
2013-05-01,77.1093
2013-05-02,78.3354
2013-05-03,79.5783
2013-05-06,80.0905
2013-05-07,80.7456
2013-05-08,80.9807
2013-05-09,80.7036
2013-05-10,81.3167
2013-05-13,81.2578
2013-05-14,82.2992
2013-05-15,82.4672
2013-05-16,82.2572
2013-05-17,83.1809
2013-05-20,83.3153
2013-05-21,83.3321
2013-05-22,82.1144
2013-05-23,82.2152
2013-05-24,82.1984
2013-05-28,83.2649
2013-05-29,82.4923
2013-05-30,83.0466
2013-05-31,82.1312
2013-06-03,82.9122
2013-06-04,82.0304
2013-06-05,80.9807
2013-06-06,81.8373
2013-06-07,82.4672
2013-06-10,82.9710
2013-06-11,82.0724
2013-06-12,81.2578
2013-06-13,82.6939
2013-06-14,82.0556
2013-06-17,82.5931
2013-06-18,83.5673
2013-06-19,82.5427
2013-06-20,80.3593
2013-06-21,80.5944
2013-06-24,79.5363
2013-06-25,80.3005
2013-06-26,80.6784
2013-06-27,81.9297
2013-06-28,81.4594
2013-07-01,82.7863
2013-07-02,82.7272
2013-07-03,82.8959
2013-07-05,84.0683
2013-07-08,84.4057
2013-07-09,85.1901
2013-07-10,85.4263
2013-07-11,86.4300
2013-07-12,86.6071
2013-07-15,87.3663
2013-07-16,86.9277
2013-07-17,87.2650
2013-07-18,87.8470
2013-07-19,87.9820
2013-07-22,88.1675
2013-07-23,88.1085
2013-07-24,87.3747
2013-07-25,88.1760
2013-07-26,87.8217
2013-07-29,87.2060
2013-07-30,87.2819
2013-07-31,87.4338
2013-08-01,88.6230
2013-08-02,88.6990
2013-08-05,89.0026
2013-08-06,88.1085
2013-08-07,87.4844
2013-08-08,87.8470
2013-08-09,87.7543
2013-08-12,88.2182
2013-08-13,88.1001
2013-08-14,87.7543
2013-08-15,86.1264
2013-08-16,85.7637
2013-08-19,84.8949
2013-08-20,86.1180
2013-08-21,85.5950
2013-08-22,86.8011
2013-08-23,87.0205
2013-08-26,87.0289
2013-08-27,84.9877
2013-08-28,85.1564
2013-08-29,86.0083
2013-08-30,84.6672
2013-09-03,85.2407
2013-09-04,85.9914
2013-09-05,86.1264
2013-09-06,86.3625
2013-09-09,87.6699
2013-09-10,88.5303
2013-09-11,88.5724
2013-09-12,87.9229
2013-09-13,88.4038
2013-09-16,88.5977
2013-09-17,89.4749
2013-09-18,90.3269
2013-09-19,90.2341
2013-09-20,89.9051
2013-09-23,89.9135
2013-09-24,90.2121
2013-09-25,90.0429
2013-09-26,90.5419
2013-09-27,90.1360
2013-09-30,90.1613
2013-10-01,91.2100
2013-10-02,90.8379
2013-10-03,89.9076
2013-10-04,90.5081
2013-10-07,89.4510
2013-10-08,88.0048
2013-10-09,87.6495
2013-10-10,89.7639
2013-10-11,91.0662
2013-10-14,91.5229
2013-10-15,90.6265
2013-10-16,91.7513
2013-10-17,92.5547
2013-10-18,93.6118
2013-10-21,93.4258
2013-10-22,93.6710
2013-10-23,93.3581
2013-10-24,93.8571
2013-10-25,93.9416
2013-10-28,93.8994
2013-10-29,94.1700
2013-10-30,92.8845
2013-10-31,92.3433
2013-11-01,91.9458
2013-11-04,93.0029
2013-11-05,92.6816
2013-11-06,92.2841
2013-11-07,90.7280
2013-11-08,92.3771
2013-11-11,92.5040
2013-11-12,92.5801
2013-11-13,93.4680
2013-11-14,93.3750
2013-11-15,93.7302
2013-11-18,93.0706
2013-11-19,92.4955
2013-11-20,92.4617
2013-11-21,94.1277
2013-11-22,94.5928
2013-11-25,94.7113
2013-11-26,95.4132
2013-11-27,95.9460
2013-11-29,95.9968
2013-12-02,95.0326
2013-12-03,94.5759
2013-12-04,94.3222
2013-12-05,94.3899
2013-12-06,95.1257
2013-12-09,95.1003
2013-12-10,94.2376
2013-12-11,92.6900
2013-12-12,92.8930
2013-12-13,93.1974
2013-12-16,94.3053
2013-12-17,94.1700
2013-12-18,95.4640
2013-12-19,94.7535
2013-12-20,96.3520
2013-12-23,97.4446
2013-12-24,97.8181
2013-12-26,97.8266
2013-12-27,97.7672
2013-12-30,97.7077
2013-12-31,97.9370
2014-01-02,96.8757
2014-01-03,97.3682
2014-01-06,96.5786
2014-01-07,97.3851
2014-01-08,97.5125
2014-01-09,97.5379
2014-01-10,98.0728
2014-01-13,96.7314
2014-01-14,97.9200
2014-01-15,98.6501
2014-01-16,98.7689
2014-01-17,98.4209
2014-01-21,99.0067
2014-01-22,99.5076
2014-01-23,98.8369
2014-01-24,96.3155
2014-01-27,94.9061
2014-01-28,95.9079
2014-01-29,94.5241
2014-01-30,95.9334
2014-01-31,95.2203
2014-02-03,92.2404
2014-02-04,92.9365
2014-02-05,92.2404
2014-02-06,92.9705
2014-02-07,94.0232
2014-02-10,94.2694
2014-02-11,95.1099
2014-02-12,95.4834
2014-02-13,96.6975
2014-02-14,96.8333
2014-02-18,97.8436
2014-02-19,96.8418
2014-02-20,97.8860
2014-02-21,98.1916
2014-02-24,98.9133
2014-02-25,99.0152
2014-02-26,99.6264
2014-02-27,100.1698
2014-02-28,99.7707
2014-03-03,99.2359
2014-03-04,101.7319
2014-03-05,101.6724
2014-03-06,101.6555
2014-03-07,101.6215
2014-03-10,101.2819
2014-03-11,100.2292
2014-03-12,100.5348
2014-03-13,99.3717
2014-03-14,99.7877
2014-03-17,100.2292
2014-03-18,101.6894
2014-03-19,101.0272
2014-03-20,101.1630
2014-03-21,100.6961
2014-03-24,99.5500
2014-03-25,99.5262
2014-03-26,97.6196
2014-03-27,97.3727
2014-03-28,97.2791
2014-03-31,99.0240
2014-04-01,100.3263
2014-04-02,100.7774
2014-04-03,99.7560
2014-04-04,97.4494
2014-04-07,96.0279
2014-04-08,96.7003
2014-04-09,98.0962
2014-04-10,95.2959
2014-04-11,93.9766
2014-04-14,94.2405
2014-04-15,94.6065
2014-04-16,95.6364
2014-04-17,96.1130
2014-04-21,96.5641
2014-04-22,97.5600
2014-04-23,96.9471
2014-04-24,96.7003
2014-04-25,94.9980
2014-04-28,94.4447
2014-04-29,94.6831
2014-04-30,95.3129
2014-05-01,95.2789
2014-05-02,95.3555
2014-05-05,95.2363
2014-05-06,93.6872
2014-05-07,93.7467
2014-05-08,92.8020
2014-05-09,93.6532
2014-05-12,95.7811
2014-05-13,94.8448
2014-05-14,93.3042
2014-05-15,92.6743
2014-05-16,93.2616
2014-05-19,94.2660
2014-05-20,92.8275
2014-05-21,93.3042
2014-05-22,94.2745
2014-05-23,95.3044
2014-05-27,96.6748
2014-05-28,96.1726
2014-05-29,96.4960
2014-05-30,96.0620
2014-06-02,95.5427
2014-06-03,95.3129
2014-06-04,95.6874
2014-06-05,97.6962
2014-06-06,98.6324
2014-06-09,99.5006
2014-06-10,99.3049
2014-06-11,98.8197
2014-06-12,98.2154
2014-06-13,98.3856
2014-06-16,98.8623
2014-06-17,99.5602
2014-06-18,100.2327
2014-06-19,100.3178
2014-06-20,100.6497
2014-06-23,100.4539
2014-06-24,99.3815
2014-06-25,100.2241
2014-06-26,100.0539
2014-06-27,100.7263
2014-06-30,101.1263
2014-07-01,102.1563
2014-07-02,101.7624
2014-07-03,102.3775
2014-07-07,100.6260
2014-07-08,99.4042
2014-07-09,99.5323
2014-07-10,98.4728
2014-07-11,98.3447
2014-07-14,98.8487
2014-07-15,97.8747
2014-07-16,97.6098
2014-07-17,96.1060
2014-07-18,97.6013
2014-07-21,97.2083
2014-07-22,98.0285
2014-07-23,98.1481
2014-07-24,97.9516
2014-07-25,97.0630
2014-07-28,96.5760
2014-07-29,96.8409
2014-07-30,97.2254
2014-07-31,95.0039
2014-08-01,94.5681
2014-08-04,95.4054
2014-08-05,95.1662
2014-08-06,95.4652
2014-08-07,95.0039
2014-08-08,95.9266
2014-08-11,96.8409
2014-08-12,96.1744
2014-08-13,96.9263
2014-08-14,97.0716
2014-08-15,96.8836
2014-08-18,98.2934
2014-08-19,98.6352
2014-08-20,98.2165
2014-08-21,98.4301
2014-08-22,98.4386
2014-08-25,98.9000
2014-08-26,99.7972
2014-08-27,99.5494
2014-08-28,99.0368
2014-08-29,99.5921
2014-09-02,100.1389
2014-09-03,99.5067
2014-09-04,99.1222
2014-09-05,99.4383
2014-09-08,99.5921
2014-09-09,98.4130
2014-09-10,98.9940
2014-09-11,99.6348
2014-09-12,98.5753
2014-09-15,97.4988
2014-09-16,97.7722
2014-09-17,98.0285
2014-09-18,98.6266
2014-09-19,97.3791
2014-09-22,96.0121
2014-09-23,95.1149
2014-09-24,95.9760
2014-09-25,94.3567
2014-09-26,95.2049
2014-09-29,95.1278
2014-09-30,93.6884
2014-10-01,92.3604
2014-10-02,93.2429
2014-10-03,93.9454
2014-10-06,93.1400
2014-10-07,91.6064
2014-10-08,93.3628
2014-10-09,90.8439
2014-10-10,89.7387
2014-10-13,89.3788
2014-10-14,90.4241
2014-10-15,91.3323
2014-10-16,92.3604
2014-10-17,92.0862
2014-10-20,93.1657
2014-10-21,94.6994
2014-10-22,93.3457
2014-10-23,94.9992
2014-10-24,95.1620
2014-10-27,95.1106
2014-10-28,97.8180
2014-10-29,97.5867
2014-10-30,98.4178
2014-10-31,99.8657
2014-11-03,99.6944
2014-11-04,99.2317
2014-11-05,99.4117
2014-11-06,99.8400
2014-11-07,99.9942
2014-11-10,100.4912
2014-11-11,100.5597
2014-11-12,101.0138
2014-11-13,100.1570
2014-11-14,99.9771
2014-11-17,99.1460
2014-11-18,99.7201
2014-11-19,98.6577
2014-11-20,99.7629
2014-11-21,99.8829
2014-11-24,101.0738
2014-11-25,101.1509
2014-11-26,101.4850
2014-11-28,99.9771
2014-12-01,98.4178
2014-12-02,99.6002
2014-12-03,100.5597
2014-12-04,100.0799
2014-12-05,100.8339
2014-12-08,99.5744
2014-12-09,101.2451
2014-12-10,99.0946
2014-12-11,99.4888
2014-12-12,98.2807
2014-12-15,97.2868
2014-12-16,97.1498
2014-12-17,100.1485
2014-12-18,101.6392
2014-12-19,101.8706
2014-12-22,102.5646
2014-12-23,102.6931
2014-12-24,102.9898
2014-12-26,103.6606
2014-12-29,104.0991
2014-12-30,103.4885
2014-12-31,102.8694
2015-01-02,102.2760
2015-01-05,100.9086
2015-01-06,99.1629
2015-01-07,100.3841
2015-01-08,102.0868
2015-01-09,101.1065
2015-01-12,100.7710
2015-01-13,100.8484
2015-01-14,100.4443
2015-01-15,98.7501
2015-01-16,100.3583
2015-01-20,99.9369
2015-01-21,99.6187
2015-01-22,101.6482
2015-01-23,101.5794
2015-01-26,102.5598
2015-01-27,102.0696
2015-01-28,100.3497
2015-01-29,101.7342
2015-01-30,99.4983
2015-02-02,100.4099
2015-02-03,102.2072
2015-02-04,101.8288
2015-02-05,103.1446
2015-02-06,103.0328
2015-02-09,102.2158
2015-02-10,102.8694
2015-02-11,102.7232
2015-02-12,103.8927
2015-02-13,104.5119
2015-02-17,104.8387
2015-02-18,104.9505
2015-02-19,104.9591
2015-02-20,105.2429
2015-02-23,105.3461
2015-02-24,105.4837
2015-02-25,105.6041
2015-02-26,105.9911
2015-02-27,105.4149
2015-03-02,106.1803
2015-03-03,105.5525
2015-03-04,105.2257
2015-03-05,105.5353
2015-03-06,104.2023
2015-03-09,104.6581
2015-03-10,103.4542
2015-03-11,104.0906
2015-03-12,105.8191
2015-03-13,105.4407
2015-03-16,106.0599
2015-03-17,106.3436
2015-03-18,107.1950
2015-03-19,107.4014
2015-03-20,108.3473
2015-03-23,108.2528
2015-03-24,108.2270
2015-03-25,105.6418
2015-03-26,105.5124
2015-03-27,106.1852
2015-03-30,107.6257
2015-03-31,107.2807
2015-04-01,107.3238
2015-04-02,107.5222
2015-04-06,107.9967
2015-04-07,107.3066
2015-04-08,108.2296
2015-04-09,107.8414
2015-04-10,108.3590
2015-04-13,108.4280
2015-04-14,108.4021
2015-04-15,109.1612
2015-04-16,109.1008
2015-04-17,107.3325
2015-04-20,108.3848
2015-04-21,108.2727
2015-04-22,108.4366
2015-04-23,108.9282
2015-04-24,108.5660
2015-04-27,107.3670
2015-04-28,107.9622
2015-04-29,106.7890
2015-04-30,104.5291
2015-05-01,105.2105
2015-05-04,105.5900
2015-05-05,104.2444
2015-05-06,104.6067
2015-05-07,105.0035
2015-05-08,105.7884
2015-05-11,105.8488
2015-05-12,105.6591
2015-05-13,105.6591
2015-05-14,106.7804
2015-05-15,106.6597
2015-05-18,107.8673
2015-05-19,107.7206
2015-05-20,107.9191
2015-05-21,107.7983
2015-05-22,107.3325
2015-05-26,106.3060
2015-05-27,107.6085
2015-05-28,107.5136
2015-05-29,106.8667
2015-06-01,107.2031
2015-06-02,107.4101
2015-06-03,108.4797
2015-06-04,107.3929
2015-06-05,108.1692
2015-06-08,107.6689
2015-06-09,107.3411
2015-06-10,108.6781
2015-06-11,108.9541
2015-06-12,108.6264
2015-06-15,108.2813
2015-06-16,109.0490
2015-06-17,108.8851
2015-06-18,110.3429
2015-06-19,110.2912
2015-06-22,111.0502
2015-06-23,111.2831
2015-06-24,110.3429
2015-06-25,110.2825
2015-06-26,109.9806
2015-06-29,107.2031
2015-06-30,107.7034
2015-07-01,108.0226
2015-07-02,107.2247
2015-07-06,107.1901
2015-07-07,107.3113
2015-07-08,105.6741
2015-07-09,106.0553
2015-07-10,107.5279
2015-07-13,108.7407
2015-07-14,109.3470
2015-07-15,108.7667
2015-07-16,109.4163
2015-07-17,108.9399
2015-07-20,108.3509
2015-07-21,107.8398
2015-07-22,108.2382
2015-07-23,107.0428
2015-07-24,105.3190
2015-07-27,104.4441
2015-07-28,105.3363
2015-07-29,105.6308
2015-07-30,105.9340
2015-07-31,106.5144
2015-08-03,105.9860
2015-08-04,105.7348
2015-08-05,105.9773
2015-08-06,104.5480
2015-08-07,103.8464
2015-08-10,105.0418
2015-08-11,104.1409
2015-08-12,103.9416
2015-08-13,103.5951
2015-08-14,104.2621
2015-08-17,105.3623
2015-08-18,104.5220
2015-08-19,103.4392
2015-08-20,100.8231
2015-08-21,99.6450
2015-08-24,95.7555
2015-08-25,95.0192
2015-08-26,97.4361
2015-08-27,99.1773
2015-08-28,100.1561
2015-08-31,99.7923
2015-09-01,96.9337
2015-09-02,98.6748
2015-09-03,98.5189
2015-09-04,97.7739
2015-09-08,100.0089
2015-09-09,98.8567
2015-09-10,99.3072
2015-09-11,99.7750
2015-09-14,99.3159
2015-09-15,100.4333
2015-09-16,101.2996
2015-09-17,101.6460
2015-09-18,100.2427
2015-09-21,100.0608
2015-09-22,98.5449
2015-09-23,98.2503
2015-09-24,98.0858
2015-09-25,96.7948
2015-09-28,94.0844
2015-09-29,93.4154
2015-09-30,94.8662
2015-10-01,94.7012
2015-10-02,96.1085
2015-10-05,98.4020
2015-10-06,97.7244
2015-10-07,99.4532
2015-10-08,100.3480
2015-10-09,100.5478
2015-10-12,100.4001
2015-10-13,99.0275
2015-10-14,98.0545
2015-10-15,100.4001
2015-10-16,100.2698
2015-10-19,100.4609
2015-10-20,100.3219
2015-10-21,98.7929
2015-10-22,99.6616
2015-10-23,100.6433
2015-10-26,99.9570
2015-10-27,98.8624
2015-10-28,101.7466
2015-10-29,100.6607
2015-10-30,100.2003
2015-11-02,102.2853
2015-11-03,102.8152
2015-11-04,102.7631
2015-11-05,102.8413
2015-11-06,103.5710
2015-11-09,102.3548
2015-11-10,102.6588
2015-11-11,101.7640
2015-11-12,99.8180
2015-11-13,99.0970
2015-11-16,99.9484
2015-11-17,99.5661
2015-11-18,101.2514
2015-11-19,100.8258
2015-11-20,101.4773
2015-11-23,101.9812
2015-11-24,102.7283
2015-11-25,103.5275
2015-11-27,103.9185
2015-11-30,103.4668
2015-12-01,104.1530
2015-12-02,103.0323
2015-12-03,101.2949
2015-12-04,102.3200
2015-12-07,100.7824
2015-12-08,100.2263
2015-12-09,99.1057
2015-12-10,99.4358
2015-12-11,97.2205
2015-12-14,96.5255
2015-12-15,97.9155
2015-12-16,99.4097
2015-12-17,98.3499
2015-12-18,96.8470
2015-12-21,97.5767
2015-12-22,98.4715
2015-12-23,99.7138
2015-12-24,99.9023
2015-12-28,99.4398
2015-12-29,100.5130
2015-12-30,99.5009
2015-12-31,98.2619
2016-01-04,95.9847
2016-01-05,96.1941
2016-01-06,94.7283
2016-01-07,92.1980
2016-01-08,90.6100
2016-01-11,90.2174
2016-01-12,90.4879
2016-01-13,87.5824
2016-01-14,88.7952
2016-01-15,87.3556
2016-01-19,86.1777
2016-01-20,86.5354
2016-01-21,86.3347
2016-01-22,88.4462
2016-01-25,86.4831
2016-01-26,88.2106
2016-01-27,86.9978
2016-01-28,86.9804
2016-01-29,89.8335
2016-02-01,89.4234
2016-02-02,87.4952
2016-02-03,87.6086
2016-02-04,87.9489
2016-02-05,85.5408
2016-02-08,84.1360
2016-02-09,83.5689
2016-02-10,83.6125
2016-02-11,82.7051
2016-02-12,84.2756
2016-02-16,86.2737
2016-02-17,87.6261
2016-02-18,87.2072
2016-02-19,87.6435
2016-02-22,88.6207
2016-02-23,87.8093
2016-02-24,88.6556
2016-02-25,89.4670
2016-02-26,90.0342
2016-02-29,89.6328
2016-03-01,91.5611
2016-03-02,92.5034
2016-03-03,93.4719
2016-03-04,93.9866
2016-03-07,95.0075
2016-03-08,92.7128
2016-03-09,93.1840
2016-03-10,92.4248
2016-03-11,94.4054
2016-03-14,94.1611
2016-03-15,92.6953
2016-03-16,93.3497
2016-03-17,94.7806
2016-03-18,95.6357
2016-03-21,95.4088
2016-03-22,95.2954
2016-03-23,93.5338
2016-03-24,93.8138
2016-03-28,93.9276
2016-03-29,96.5354
2016-03-30,96.5442
2016-03-31,96.8155
2016-04-01,97.2443
2016-04-04,96.4305
2016-04-05,95.3365
2016-04-06,96.4129
2016-04-07,95.1090
2016-04-08,95.4853
2016-04-11,95.1877
2016-04-12,96.2117
2016-04-13,98.2857
2016-04-14,98.1632
2016-04-15,98.4082
2016-04-18,99.1521
2016-04-19,99.2309
2016-04-20,99.3796
2016-04-21,98.8808
2016-04-22,99.8610
2016-04-25,99.1521
2016-04-26,100.1235
2016-04-27,100.4735
2016-04-28,99.3271
2016-04-29,98.4345
2016-05-02,99.3096
2016-05-03,97.6819
2016-05-04,96.8768
2016-05-05,96.4917
2016-05-06,97.0606
2016-05-09,97.3406
2016-05-10,98.3207
2016-05-11,97.1043
2016-05-12,96.5880
2016-05-13,95.9491
2016-05-16,97.1656
2016-05-17,95.6253
2016-05-18,96.1242
2016-05-19,95.3540
2016-05-20,96.9555
2016-05-23,96.8418
2016-05-24,98.8371
2016-05-25,99.4146
2016-05-26,99.3009
2016-05-27,100.2898
2016-05-31,100.6398
2016-06-01,101.3224
2016-06-02,102.1013
2016-06-03,101.4887
2016-06-06,102.5826
2016-06-07,102.8802
2016-06-08,103.6415
2016-06-09,102.9764
2016-06-10,101.5762
2016-06-13,100.4735
2016-06-14,100.1848
2016-06-15,100.2547
2016-06-16,100.2460
2016-06-17,99.8172
2016-06-20,100.9024
2016-06-21,100.7098
2016-06-22,100.3160
2016-06-23,102.2326
2016-06-24,98.3470
2016-06-27,95.1178
2016-06-28,96.5880
2016-06-29,98.7845
2016-06-30,100.6223
2016-07-01,100.9811
2016-07-05,99.4934
2016-07-06,100.2158
2016-07-07,100.4270
2016-07-08,102.7676
2016-07-11,103.9555
2016-07-12,105.3458
2016-07-13,104.9323
2016-07-14,105.0379
2016-07-15,105.3283
2016-07-18,105.5042
2016-07-19,104.9763
2016-07-20,105.6626
2016-07-21,105.1611
2016-07-22,105.9442
2016-07-25,105.7858
2016-07-26,106.2962
2016-07-27,106.5954
2016-07-28,106.3226
2016-07-29,106.5337
2016-08-01,106.6217
2016-08-02,105.1347
2016-08-03,105.9882
2016-08-04,106.0850
2016-08-05,107.6161
2016-08-08,107.5633
2016-08-09,107.6777
2016-08-10,106.9033
2016-08-11,107.4137
2016-08-12,107.5193
2016-08-15,108.5840
2016-08-16,107.7041
2016-08-17,107.3873
2016-08-18,108.1792
2016-08-19,108.1792
2016-08-22,108.4256
2016-08-23,109.1824
2016-08-24,108.2936
2016-08-25,108.5048
2016-08-26,108.2848
2016-08-29,108.8480
2016-08-30,109.0504
2016-08-31,108.4344
2016-09-01,108.5136
2016-09-02,109.5607
2016-09-06,109.6663
2016-09-07,110.3527
2016-09-08,110.1327
2016-09-09,106.6921
2016-09-12,108.1792
2016-09-13,106.1026
2016-09-14,106.1202
2016-09-15,107.3873
2016-09-16,107.2289
2016-09-19,107.9417
2016-09-20,107.4841
2016-09-21,109.0416
2016-09-22,110.6079
2016-09-23,109.8247
2016-09-26,108.7341
2016-09-27,109.1753
2016-09-28,110.0136
2016-09-29,108.4076
2016-09-30,109.5988
2016-10-03,109.2547
2016-10-04,108.7165
2016-10-05,109.3694
2016-10-06,109.2547
2016-10-07,108.3812
2016-10-10,109.6782
2016-10-11,107.6753
2016-10-12,107.5870
2016-10-13,106.6958
2016-10-14,106.2635
2016-10-17,106.1400
2016-10-18,106.7488
2016-10-19,107.1988
2016-10-20,106.8811
2016-10-21,106.8282
2016-10-24,107.5076
2016-10-25,106.7047
2016-10-26,105.6458
2016-10-27,104.4370
2016-10-28,104.1458
2016-10-31,104.5605
2016-11-01,103.2811
2016-11-02,101.9663
2016-11-03,101.4722
2016-11-04,102.1252
2016-11-07,104.6223
2016-11-08,104.8958
2016-11-09,108.1253
2016-11-10,109.8547
2016-11-11,112.3783
2016-11-14,113.9577
2016-11-15,114.3107
2016-11-16,114.3018
2016-11-17,114.9725
2016-11-18,115.5813
2016-11-21,116.1195
2016-11-22,117.1784
2016-11-23,117.9107
2016-11-25,118.2989
2016-11-28,116.7637
2016-11-29,116.7019
2016-11-30,116.1283
2016-12-01,115.5637
2016-12-02,115.5019
2016-12-05,117.4872
2016-12-06,118.7578
2016-12-07,119.9137
2016-12-08,121.8020
2016-12-09,122.0402
2016-12-12,120.7519
2016-12-13,120.7608
2016-12-14,119.2519
2016-12-15,120.1431
2016-12-16,119.9225
2016-12-19,120.7079
2016-12-20,121.7314
2016-12-21,120.9372
2016-12-22,119.8944
2016-12-23,120.5323
2016-12-27,121.0728
2016-12-28,119.8324
2016-12-29,119.9387
2016-12-30,119.4780
2017-01-03,120.0716
2017-01-04,122.0740
2017-01-05,120.6652
2017-01-06,120.2223
2017-01-09,119.4337
2017-01-10,120.5767
2017-01-11,120.7893
2017-01-12,119.8590
2017-01-13,120.7273
2017-01-17,119.0881
2017-01-18,119.4780
2017-01-19,118.5034
2017-01-20,119.1148
2017-01-23,118.6186
2017-01-24,120.4349
2017-01-25,121.5690
2017-01-26,121.0817
2017-01-27,120.6652
2017-01-30,118.9818
2017-01-31,119.8147
2017-02-01,119.7438
2017-02-02,119.4426
2017-02-03,121.2678
2017-02-06,120.3551
2017-02-07,119.8235
2017-02-08,119.6109
2017-02-09,121.2943
2017-02-10,122.2158
2017-02-13,122.5347
2017-02-14,122.9423
2017-02-15,123.6777
2017-02-16,123.3321
2017-02-17,123.2524
2017-02-21,124.2181
2017-02-22,123.6688
2017-02-23,122.9334
2017-02-24,122.8448
2017-02-27,124.0409
2017-02-28,122.1271
2017-03-01,124.3599
2017-03-02,122.9334
2017-03-03,122.8448
2017-03-06,122.0031
2017-03-07,121.2057
2017-03-08,120.4083
2017-03-09,119.9298
2017-03-10,120.4614
2017-03-13,120.7449
2017-03-14,120.1691
2017-03-15,122.0297
2017-03-16,122.1892
2017-03-17,122.6765
2017-03-20,122.1449
2017-03-21,118.6983
2017-03-22,118.7249
2017-03-23,119.4160
2017-03-24,119.5022
2017-03-27,119.7243
2017-03-28,120.6573
2017-03-29,121.0482
2017-03-30,121.9635
2017-03-31,122.1590
2017-04-03,120.8705
2017-04-04,120.7283
2017-04-05,119.3600
2017-04-06,120.4707
2017-04-07,120.4174
2017-04-10,120.6839
2017-04-11,121.6436
2017-04-12,119.9909
2017-04-13,118.8180
2017-04-17,120.2130
2017-04-18,120.2396
2017-04-19,120.6573
2017-04-20,122.1945
2017-04-21,121.9190
2017-04-24,123.4385
2017-04-25,124.6380
2017-04-26,125.2778
2017-04-27,125.2422
2017-04-28,123.5629
2017-05-01,124.2737
2017-05-02,123.6428
2017-05-03,122.8787
2017-05-04,122.7099
2017-05-05,123.5007
2017-05-08,122.9853
2017-05-09,122.9320
2017-05-10,123.6962
2017-05-11,122.8342
2017-05-12,122.1856
2017-05-15,123.1364
2017-05-16,123.1808
2017-05-17,119.8576
2017-05-18,120.2930
2017-05-19,120.8705
2017-05-22,121.6880
2017-05-23,122.0879
2017-05-24,122.1679
2017-05-25,122.2478
2017-05-26,122.2123
2017-05-30,121.2526
2017-05-31,121.1282
2017-06-01,123.4651
2017-06-02,124.2648
2017-06-05,123.4918
2017-06-06,123.3763
2017-06-07,123.4918
2017-06-08,125.1801
2017-06-09,125.8287
2017-06-12,125.6244
2017-06-13,126.2641
2017-06-14,125.5177
2017-06-15,124.8780
2017-06-16,124.5669
2017-06-19,125.4910
2017-06-20,124.2204
2017-06-21,123.9095
2017-06-22,124.3804
2017-06-23,125.2067
2017-06-26,125.3578
2017-06-27,124.2560
2017-06-28,126.1575
2017-06-29,125.4110
2017-06-30,125.2156
2017-07-03,126.2641
2017-07-05,125.8110
2017-07-06,124.1680
2017-07-07,125.3728
2017-07-10,124.8284
2017-07-11,125.1943
2017-07-12,126.1581
2017-07-13,126.2652
2017-07-14,126.4793
2017-07-17,126.7738
2017-07-18,126.4436
2017-07-19,127.7019
2017-07-20,127.7911
2017-07-21,127.2111
2017-07-24,127.3896
2017-07-25,128.5497
2017-07-26,127.8358
2017-07-27,127.0237
2017-07-28,126.6846
2017-07-31,126.2830
2017-08-01,126.5240
2017-08-02,125.1407
2017-08-03,124.5160
2017-08-04,125.1229
2017-08-07,125.3281
2017-08-08,124.9355
2017-08-09,123.8557
2017-08-10,121.6069
2017-08-11,121.7853
2017-08-14,123.6326
2017-08-15,122.6153
2017-08-16,122.6510
2017-08-17,120.4110
2017-08-18,120.4021
2017-08-21,120.3218
2017-08-22,121.6247
2017-08-23,121.4284
2017-08-24,121.8032
2017-08-25,122.1512
2017-08-28,122.6688
2017-08-29,122.6956
2017-08-30,123.4809
2017-08-31,124.6945
2017-09-01,125.3995
2017-09-05,124.1948
2017-09-06,124.4536
2017-09-07,124.1412
2017-09-08,124.2394
2017-09-11,125.5423
2017-09-12,126.3098
2017-09-13,126.6846
2017-09-14,126.5686
2017-09-15,127.0861
2017-09-18,127.9518
2017-09-19,127.9518
2017-09-20,128.3622
2017-09-21,128.2284
2017-09-22,128.7728
2017-09-25,128.9513
2017-09-26,129.3619
2017-09-27,131.8934
2017-09-28,132.2424
2017-09-29,132.5555
2017-10-02,134.1835
2017-10-03,134.4787
2017-10-04,134.0494
2017-10-05,134.4161
2017-10-06,134.2283
2017-10-09,133.6736
2017-10-10,134.0583
2017-10-11,133.9599
2017-10-12,133.8615
2017-10-13,133.6199
2017-10-16,133.5037
2017-10-17,133.1190
2017-10-18,133.7541
2017-10-19,133.5484
2017-10-20,134.1656
2017-10-23,133.1637
2017-10-24,133.4411
2017-10-25,132.7970
2017-10-26,133.0743
2017-10-27,133.9956
2017-10-30,132.5823
2017-10-31,133.5215
2017-11-01,132.6360
2017-11-02,133.0296
2017-11-03,132.9401
2017-11-06,133.0921
2017-11-07,131.4998
2017-11-08,131.6787
2017-11-09,131.2136
2017-11-10,131.1152
2017-11-13,131.1510
2017-11-14,130.7931
2017-11-15,130.2743
2017-11-16,132.1887
2017-11-17,132.7970
2017-11-20,133.7631
2017-11-21,135.1586
2017-11-22,134.9797
2017-11-24,135.0334
2017-11-27,134.6219
2017-11-28,136.7420
2017-11-29,137.1982
2017-11-30,137.4487
2017-12-01,136.8851
2017-12-04,136.3752
2017-12-05,135.0155
2017-12-06,134.3803
2017-12-07,135.3196
2017-12-08,135.4449
2017-12-11,135.3912
2017-12-12,134.9708
2017-12-13,135.7759
2017-12-14,134.2730
2017-12-15,136.1873
2017-12-18,138.0301
2017-12-19,136.9388
2017-12-20,137.2071
2017-12-21,137.8079
2017-12-22,137.5565
2017-12-26,137.6373
2017-12-27,137.5026
2017-12-28,138.0413
2017-12-29,136.9009
2018-01-02,138.1939
2018-01-03,138.3377
2018-01-04,138.7058
2018-01-05,138.9931
2018-01-08,139.2087
2018-01-09,139.0201
2018-01-10,139.0380
2018-01-11,141.4266
2018-01-12,142.0192
2018-01-16,140.2053
2018-01-17,141.5344
2018-01-18,140.5646
2018-01-19,142.4143
2018-01-22,143.1776
2018-01-23,143.6355
2018-01-24,142.7465
2018-01-25,142.8004
2018-01-26,143.3123
2018-01-29,142.5041
2018-01-30,141.1393
2018-01-31,140.4030
2018-02-01,140.8429
2018-02-02,138.1311
2018-02-05,132.8243
2018-02-06,134.4136
2018-02-07,134.5483
2018-02-08,130.5974
2018-02-09,131.7916
2018-02-12,133.0398
2018-02-13,133.3271
2018-02-14,135.7246
2018-02-15,137.2062
2018-02-16,137.6911
2018-02-20,136.5597
2018-02-21,136.7034
2018-02-22,136.4879
2018-02-23,138.2658
2018-02-26,139.1727
2018-02-27,137.1703
2018-02-28,135.0063
2018-03-01,134.6470
2018-03-02,136.8022
2018-03-05,138.0234
2018-03-06,139.5140
2018-03-07,140.7442
2018-03-08,140.4568
2018-03-09,142.7017
2018-03-12,142.9531
2018-03-13,142.2886
2018-03-14,141.6152
2018-03-15,140.9058
2018-03-16,141.6960
2018-03-19,140.3311
2018-03-20,140.2952
2018-03-21,141.1123
2018-03-22,138.0181
2018-03-23,135.0480
2018-03-26,138.0000
2018-03-27,135.3270
2018-03-28,135.2820
2018-03-29,136.6500
2018-04-02,133.3199
2018-04-03,135.2280
2018-04-04,136.9470
2018-04-05,138.0810
2018-04-06,135.3270
2018-04-09,135.4889
2018-04-10,138.0451
2018-04-11,138.3421
2018-04-12,139.2871
2018-04-13,138.5581
2018-04-16,139.8361
2018-04-17,141.3571
2018-04-18,141.7351
2018-04-19,140.7541
2018-04-20,139.9980
2018-04-23,139.7911
2018-04-24,138.9900
2018-04-25,138.7830
2018-04-26,139.4221
2018-04-27,139.2241
2018-04-30,137.9910
2018-05-01,138.6660
2018-05-02,139.1880
2018-05-03,138.4321
2018-05-04,140.1601
2018-05-07,141.3481
2018-05-08,142.0502
2018-05-09,142.8151
2018-05-10,143.5801
2018-05-11,143.8592
2018-05-14,143.3102
2018-05-15,143.3372
2018-05-16,144.8312
2018-05-17,145.4972
2018-05-18,145.6862
2018-05-21,146.6492
2018-05-22,145.5872
2018-05-23,145.7762
2018-05-24,145.8302
2018-05-25,145.5692
2018-05-29,145.3712
2018-05-30,147.6752
2018-05-31,146.4962
2018-06-01,147.4593
2018-06-04,148.2423
2018-06-05,149.1603
2018-06-06,150.2403
2018-06-07,149.4213
2018-06-08,149.8713
2018-06-11,150.0963
2018-06-12,150.7803
2018-06-13,150.1863
2018-06-14,150.9873
2018-06-15,151.0323
2018-06-18,151.7434
2018-06-19,151.7523
2018-06-20,152.9764
2018-06-21,151.5453
2018-06-22,151.0413
2018-06-25,148.5752
2018-06-26,149.4393
2018-06-27,147.0453
2018-06-28,147.4953
2018-06-29,147.3963
2018-07-02,148.4133
2018-07-03,149.0049
2018-07-05,150.7030
2018-07-06,151.9767
2018-07-09,152.9341
2018-07-10,152.2387
2018-07-11,150.9470
2018-07-12,151.6786
2018-07-13,151.2270
2018-07-16,150.6398
2018-07-17,151.3083
2018-07-18,151.7328
2018-07-19,152.8077
2018-07-20,152.1845
2018-07-23,152.3742
2018-07-24,150.7483
2018-07-25,151.2992
2018-07-26,152.1122
2018-07-27,149.2759
2018-07-30,148.3184
2018-07-31,149.8269
2018-08-01,149.7275
2018-08-02,150.8205
2018-08-03,150.2966
2018-08-06,151.1367
2018-08-07,151.4980
2018-08-08,151.3625
2018-08-09,151.7509
2018-08-10,151.3263
2018-08-13,150.4411
2018-08-14,151.9315
2018-08-15,150.0256
2018-08-16,151.4167
2018-08-17,152.0670
2018-08-20,152.4916
2018-08-21,154.2439
2018-08-22,154.6233
2018-08-23,154.1536
2018-08-24,154.9937
2018-08-27,155.2195
2018-08-28,155.3640
2018-08-29,155.8156
2018-08-30,155.6892
2018-08-31,156.2854
2018-09-04,155.5898
2018-09-05,155.1743
2018-09-06,154.1265
2018-09-07,154.0452
2018-09-10,154.2349
2018-09-11,154.4878
2018-09-12,154.1174
2018-09-13,154.1536
2018-09-14,154.8040
2018-09-17,153.1600
2018-09-18,153.8013
2018-09-19,153.2413
2018-09-20,154.6595
2018-09-21,153.9187
2018-09-24,153.3497
2018-09-25,153.5845
2018-09-26,152.1808
2018-09-27,152.1898
2018-09-28,152.6517
2018-10-01,150.6411
2018-10-02,149.0109
2018-10-03,150.3150
2018-10-04,148.2048
2018-10-05,146.8644
2018-10-08,146.5565
2018-10-09,145.9859
2018-10-10,141.7926
2018-10-11,139.0847
2018-10-12,139.1119
2018-10-15,139.6281
2018-10-16,143.6765
2018-10-17,143.0606
2018-10-18,140.3798
2018-10-19,138.8945
2018-10-22,138.5956
2018-10-23,137.3548
2018-10-24,132.1834
2018-10-25,135.0453
2018-10-26,133.5691
2018-10-29,132.8354
2018-10-30,135.6069
2018-10-31,135.8786
2018-11-01,139.0122
2018-11-02,139.4741
2018-11-05,139.3654
2018-11-06,140.0537
2018-11-07,142.5624
2018-11-08,142.1821
2018-11-09,139.5466
2018-11-12,136.7843
2018-11-13,136.3495
2018-11-14,135.3533
2018-11-15,137.2823
2018-11-16,137.6084
2018-11-19,134.8189
2018-11-20,132.2196
2018-11-21,134.0672
2018-11-23,133.9404
2018-11-26,135.6793
2018-11-27,134.5563
2018-11-28,137.8802
2018-11-29,137.5088
2018-11-30,138.2243
2018-12-03,139.5466
2018-12-04,133.6054
2018-12-06,133.3155
2018-12-07,130.4354
2018-12-10,130.0551
2018-12-11,129.9192
2018-12-12,131.1600
2018-12-13,129.3034
2018-12-14,127.3470
2018-12-17,124.5110
2018-12-18,124.3565
2018-12-19,121.7667
2018-12-20,119.7585
2018-12-21,116.6507
2018-12-24,114.3880
2018-12-26,119.8857
2018-12-27,120.3855
2018-12-28,120.7308
2018-12-31,121.6758
2019-01-02,122.3664
2019-01-03,120.1765
2019-01-04,124.6655
2019-01-07,126.8464
2019-01-08,128.7910
2019-01-09,129.8542
2019-01-10,130.5266
2019-01-11,130.5630
2019-01-14,129.2635
2019-01-15,130.3540
2019-01-16,131.3263
2019-01-17,132.5167
2019-01-18,133.8797
2019-01-22,131.7625
2019-01-23,131.3990
2019-01-24,132.1896
2019-01-25,133.8889
2019-01-28,133.1710
2019-01-29,132.8530
2019-01-30,134.3069
2019-01-31,135.4519
2019-02-01,135.5609
2019-02-04,137.1784
2019-02-05,137.3238
2019-02-06,137.1511
2019-02-07,136.0244
2019-02-08,136.1697
2019-02-11,137.3056
2019-02-12,139.0231
2019-02-13,139.4138
2019-02-14,139.7319
2019-02-15,141.9582
2019-02-19,142.3490
2019-02-20,143.0214
2019-02-21,142.4762
2019-02-22,143.7120
2019-02-25,143.7484
2019-02-26,142.7579
2019-02-27,142.9578
2019-02-28,142.4671
2019-03-01,143.7938
2019-03-04,142.4943
2019-03-05,141.8309
2019-03-06,139.0503
2019-03-07,137.8327
2019-03-08,137.7963
2019-03-11,140.2044
2019-03-12,140.2771
2019-03-13,140.8314
2019-03-14,140.2590
2019-03-15,140.6315
2019-03-18,141.5311
2019-03-19,140.8132
2019-03-20,139.6397
2019-03-21,141.4711
2019-03-22,136.3232
2019-03-25,136.9245
2019-03-26,138.3641
2019-03-27,137.8265
2019-03-28,139.0565
2019-03-29,139.4848
2019-04-01,141.0063
2019-04-02,140.6419
2019-04-03,141.3708
2019-04-04,142.0633
2019-04-05,143.3935
2019-04-08,143.1566
2019-04-09,141.4072
2019-04-10,143.3298
2019-04-11,143.1475
2019-04-12,143.6669
2019-04-15,143.2022
2019-04-16,143.5393
2019-04-17,142.2273
2019-04-18,141.8081
2019-04-22,141.4346
2019-04-23,143.5667
2019-04-24,144.0131
2019-04-25,142.8195
2019-04-26,144.2045
2019-04-29,144.8969
2019-04-30,144.2226
2019-05-01,142.8560
2019-05-02,143.5211
2019-05-03,146.2636
2019-05-06,146.4276
2019-05-07,143.5302
2019-05-08,142.8287
2019-05-09,142.3093
2019-05-10,142.7011
2019-05-13,138.1546
2019-05-14,139.8948
2019-05-15,140.3503
2019-05-16,141.2251
2019-05-17,139.2570
2019-05-20,138.2912
2019-05-21,140.1499
2019-05-22,138.9745
2019-05-23,136.1136
2019-05-24,137.3892
2019-05-28,136.2959
2019-05-29,135.1569
2019-05-30,134.7834
2019-05-31,132.8974
2019-06-03,133.3620
2019-06-04,136.8152
2019-06-05,136.8425
2019-06-06,136.4872
2019-06-07,137.4530
2019-06-10,138.2639
2019-06-11,137.8539
2019-06-12,138.0088
2019-06-13,139.4666
2019-06-14,138.2456
2019-06-17,139.1993
2019-06-18,140.8177
2019-06-19,141.3206
2019-06-20,141.9881
2019-06-21,140.7628
2019-06-24,139.0530
2019-06-25,138.2027
2019-06-26,137.8827
2019-06-27,140.4702
2019-06-28,142.1800
2019-07-01,142.7287
2019-07-02,141.8600
2019-07-03,142.8749
2019-07-05,143.2590
2019-07-08,141.8966
2019-07-09,142.0886
2019-07-10,142.3355
2019-07-11,141.6406
2019-07-12,142.7378
2019-07-15,141.9881
2019-07-16,141.9423
2019-07-17,140.9274
2019-07-18,141.4578
2019-07-19,140.6440
2019-07-22,140.5159
2019-07-23,141.4486
2019-07-24,143.7893
2019-07-25,142.0521
2019-07-26,143.7345
2019-07-29,142.7744
2019-07-30,144.3196
2019-07-31,143.1493
2019-08-01,141.0737
2019-08-02,139.5102
2019-08-05,135.3225
2019-08-06,136.5660
2019-08-07,136.5294
2019-08-08,139.4736
2019-08-09,137.7181
2019-08-12,135.9351
2019-08-13,137.3981
2019-08-14,133.5578
2019-08-15,133.0275
2019-08-16,135.8985
2019-08-19,137.2701
2019-08-20,136.3739
2019-08-21,137.4987
2019-08-22,137.1786
2019-08-23,132.9726
2019-08-26,134.4356
2019-08-27,132.4424
2019-08-28,133.9876
2019-08-29,136.3374
2019-08-30,136.0906
2019-09-03,134.0973
2019-09-04,135.1762
2019-09-05,137.6907
2019-09-06,137.0597
2019-09-09,138.8976
2019-09-10,140.6714
2019-09-11,143.5516
2019-09-12,143.5881
2019-09-13,143.8351
2019-09-16,144.3745
2019-09-17,143.9996
2019-09-18,143.1127
2019-09-19,142.4178
2019-09-20,142.1161
2019-09-23,142.0063
2019-09-24,139.8629
2019-09-25,141.3952
2019-09-26,139.8170
2019-09-27,138.6976
2019-09-30,138.8628
2019-10-01,136.1376
2019-10-02,135.1100
2019-10-03,135.5596
2019-10-04,136.8442
2019-10-07,136.6056
2019-10-08,134.3851
2019-10-09,134.9999
2019-10-10,135.5412
2019-10-11,137.8351
2019-10-14,137.3305
2019-10-15,138.9087
2019-10-16,139.0555
2019-10-17,140.6979
2019-10-18,140.0281
2019-10-21,141.3402
2019-10-22,141.4962
2019-10-23,141.6705
2019-10-24,141.4686
2019-10-25,142.2211
2019-10-28,143.4506
2019-10-29,143.9185
2019-10-30,143.4414
2019-10-31,142.6340
2019-11-01,145.0655
2019-11-04,145.8454
2019-11-05,146.0289
2019-11-06,145.1847
2019-11-07,145.5701
2019-11-08,145.9647
2019-11-11,145.6894
2019-11-12,145.7353
2019-11-13,145.1114
2019-11-14,145.0655
2019-11-15,145.8179
2019-11-18,145.4509
2019-11-19,145.9922
2019-11-20,145.4417
2019-11-21,144.7260
2019-11-22,145.1756
2019-11-25,148.2586
2019-11-26,148.3595
2019-11-27,149.4055
2019-11-29,148.4329
2019-12-02,146.9831
2019-12-03,146.5152
2019-12-04,147.5245
2019-12-05,147.6713
2019-12-06,149.3963
2019-12-09,149.1119
2019-12-10,149.2037
2019-12-11,149.1578
2019-12-12,150.4424
2019-12-13,149.8643
2019-12-16,150.9206
2019-12-17,151.6758
2019-12-18,151.9705
2019-12-19,152.6243
2019-12-20,152.8453
2019-12-23,153.1492
2019-12-24,153.4992
2019-12-26,153.4992
2019-12-27,152.7440
2019-12-30,152.3572
2019-12-31,152.5690
2020-01-02,152.6703
2020-01-03,152.0717
2020-01-06,152.2744
2020-01-07,151.7679
2020-01-08,152.2375
2020-01-09,152.4217
2020-01-10,151.8507
2020-01-13,152.8361
2020-01-14,153.3979
2020-01-15,154.1346
2020-01-16,156.1237
2020-01-17,155.7001
2020-01-21,154.4109
2020-01-22,154.3096
2020-01-23,154.2083
2020-01-24,152.3112
2020-01-27,150.5799
2020-01-28,151.8323
2020-01-29,150.9666
2020-01-30,150.9666
2020-01-31,147.8355
2020-02-03,149.4839
2020-02-04,151.7402
2020-02-05,154.0793
2020-02-06,153.7294
2020-02-07,151.8415
2020-02-10,152.6980
2020-02-11,153.7570
2020-02-12,154.8161
2020-02-13,155.2213
2020-02-14,154.6227
2020-02-18,154.2912
2020-02-19,155.0832
2020-02-20,155.4608
2020-02-21,153.8860
2020-02-24,149.2537
2020-02-25,143.9492
2020-02-26,142.2824
2020-02-27,137.2725
2020-02-28,134.7584
2020-03-02,139.0867
2020-03-03,136.2503
2020-03-04,140.1274
2020-03-05,135.6702
2020-03-06,132.9810
2020-03-09,120.0513
2020-03-10,123.7995
2020-03-11,115.9256
2020-03-12,103.1156
2020-03-13,110.0225
2020-03-16,95.4259
2020-03-17,99.8002
2020-03-18,92.0645
2020-03-19,95.6561
2020-03-20,93.3814
2020-03-23,92.0001
2020-03-24,100.4172
2020-03-25,101.6653
2020-03-26,107.9888
2020-03-27,104.0597
2020-03-30,106.3524
2020-03-31,105.8162
2020-04-01,98.6053
2020-04-02,99.5390
2020-04-03,96.7193
2020-04-06,104.1244
2020-04-07,104.3925
2020-04-08,109.1536
2020-04-09,114.3769
2020-04-13,111.2799
2020-04-14,113.5357
2020-04-15,108.9040
2020-04-16,108.0812
2020-04-17,112.8423
2020-04-20,111.5110
2020-04-21,108.8485
2020-04-22,110.1705
2020-04-23,111.2522
2020-04-24,113.1659
2020-04-27,117.6496
2020-04-28,119.3599
2020-04-29,125.2304
2020-04-30,120.4693
2020-05-01,115.6897
2020-05-04,116.1889
2020-05-05,117.0857
2020-05-06,116.2259
2020-05-07,117.8160
2020-05-08,122.3645
2020-05-11,121.7543
2020-05-12,117.3815
2020-05-13,113.4525
2020-05-14,113.8223
2020-05-15,115.6342
2020-05-18,122.6603
2020-05-19,120.2382
2020-05-20,123.8806
2020-05-21,124.1025
2020-05-22,124.7034
2020-05-26,128.2996
2020-05-27,132.2842
2020-05-28,129.1502
2020-05-29,128.4106
2020-06-01,129.6401
2020-06-02,130.7125
2020-06-03,133.8650
2020-06-04,133.6709
2020-06-05,138.8387
2020-06-08,141.5290
2020-06-09,138.9127
2020-06-10,135.1407
2020-06-11,124.8329
2020-06-12,127.8282
2020-06-15,130.7835
2020-06-16,133.9281
2020-06-17,131.5070
2020-06-18,131.4607
2020-06-19,130.7835
2020-06-22,132.0914
2020-06-23,132.6480
2020-06-24,128.3439
2020-06-25,130.2826
2020-06-26,126.7762
2020-06-29,130.9227
2020-06-30,132.8150
2020-07-01,131.5535
2020-07-02,132.0914
2020-07-06,133.0469
2020-07-07,130.6908
2020-07-08,131.6647
2020-07-09,129.0025
2020-07-10,131.0804
2020-07-13,129.4199
2020-07-14,131.5627
2020-07-15,136.3863
2020-07-16,135.5793
2020-07-17,135.9781
2020-07-20,135.3938
2020-07-21,137.3139
2020-07-22,137.3881
2020-07-23,137.5272
2020-07-24,135.5050
2020-07-27,136.9151
2020-07-28,135.5514
2020-07-29,138.5383
2020-07-30,137.9910
2020-07-31,136.6924
2020-08-03,138.9186
2020-08-04,139.8741
2020-08-05,142.6569
2020-08-06,142.6012
2020-08-07,144.8646
2020-08-10,146.3673
2020-08-11,145.5232
2020-08-12,146.1169
2020-08-13,145.8108
2020-08-14,145.7180
2020-08-17,146.4694
2020-08-18,145.0687
2020-08-19,145.0779
2020-08-20,144.4843
2020-08-21,143.4175
2020-08-24,144.9203
2020-08-25,145.0779
2020-08-26,144.1689
2020-08-27,144.5214
2020-08-28,145.7458
2020-08-31,144.1782
2020-09-01,145.8293
2020-09-02,146.9888
2020-09-03,142.6476
2020-09-04,141.7386
2020-09-08,139.0114
2020-09-09,141.1171
2020-09-10,139.2804
2020-09-11,138.3528
2020-09-14,141.9983
2020-09-15,142.2673
2020-09-16,143.6123
2020-09-17,142.5642
2020-09-18,142.1931
2020-09-21,137.2118
2020-09-22,138.2693
2020-09-23,134.1499
2020-09-24,134.1499
2020-09-25,136.3288
2020-09-28,139.6903
2020-09-29,139.0571
2020-09-30,139.4761
2020-10-01,141.7015
2020-10-02,142.3254
2020-10-05,146.2548
2020-10-06,145.8358
2020-10-07,149.0203
2020-10-08,150.7150
2020-10-09,151.4971
2020-10-12,152.5121
2020-10-13,151.4971
2020-10-14,149.9980
2020-10-15,151.5437
2020-10-16,151.1713
2020-10-19,149.3649
2020-10-20,149.6907
2020-10-21,148.4058
2020-10-22,150.9664
2020-10-23,151.8417
2020-10-26,148.5640
2020-10-27,147.2884
2020-10-28,142.7537
2020-10-29,144.4577
2020-10-30,142.5488
2020-11-02,145.0909
2020-11-03,149.2065
2020-11-04,149.3741
2020-11-05,153.5550
2020-11-06,152.3538
2020-11-09,157.8755
2020-11-10,160.8086
2020-11-11,160.7434
2020-11-12,158.2759
2020-11-13,161.5535
2020-11-16,165.3991
2020-11-17,166.1720
2020-11-18,163.8441
2020-11-19,165.1012
2020-11-20,165.2780
2020-11-23,168.3695
2020-11-24,171.5354
2020-11-25,170.9488
2020-11-27,171.6750
2020-11-30,168.5557
2020-12-01,170.1200
2020-12-02,170.2969
2020-12-03,171.2560
2020-12-04,175.2413
2020-12-07,175.4089
2020-12-08,177.6623
2020-12-09,176.3680
2020-12-10,178.0720
2020-12-11,177.1967
2020-12-14,177.4041
2020-12-15,181.8408
2020-12-16,181.1870
2020-12-17,183.3447
2020-12-18,182.4573
2020-12-21,182.3639
2020-12-22,184.4375
2020-12-23,186.0066
2020-12-24,185.8853
2020-12-28,185.1941
2020-12-29,181.6073
2020-12-30,183.4567
2020-12-31,183.1298
2021-01-04,180.7387
2021-01-05,183.5315
2021-01-06,191.0412
2021-01-07,194.4411
2021-01-08,194.0208
2021-01-11,193.8527
2021-01-12,197.3274
2021-01-13,195.9170
2021-01-14,199.8306
2021-01-15,196.8510
2021-01-19,199.3730
2021-01-20,200.2509
2021-01-21,198.5136
2021-01-22,200.8207
2021-01-25,200.6246
2021-01-26,199.2328
2021-01-27,195.5807
2021-01-28,194.9549
2021-01-29,192.0033
2021-02-01,196.7202
2021-02-02,199.5224
2021-02-03,200.1202
2021-02-04,204.2020
2021-02-05,207.0321
2021-02-08,212.3188
2021-02-09,213.3183
2021-02-10,211.9172
2021-02-11,211.6744
2021-02-12,212.2722
2021-02-16,210.9365
2021-02-17,209.2832
2021-02-18,206.0421
2021-02-19,210.3387
2021-02-22,208.9750
2021-02-23,207.1349
2021-02-24,212.0293
2021-02-25,204.1926
2021-02-26,203.9124
2021-03-01,211.1606
2021-03-02,207.0975
2021-03-03,204.8558
2021-03-04,199.1301
2021-03-05,203.3520
2021-03-08,204.3141
2021-03-09,208.6107
2021-03-10,212.2348
2021-03-11,216.9050
2021-03-12,218.1847
2021-03-15,218.9600
2021-03-16,215.2985
2021-03-17,216.9891
2021-03-18,210.3854
2021-03-19,211.9733
2021-03-22,210.3761
2021-03-23,202.7449
2021-03-24,198.0559
2021-03-25,202.7518
2021-03-26,206.4483
2021-03-29,200.6369
2021-03-30,204.0151
2021-03-31,206.7571
2021-04-01,209.3773
2021-04-05,210.5284
2021-04-06,209.9107
2021-04-07,206.5231
2021-04-08,208.2730
2021-04-09,208.3011
2021-04-12,207.4870
2021-04-13,206.9442
2021-04-14,208.9843
2021-04-15,209.8920
2021-04-16,210.2289
2021-04-19,207.4963
2021-04-20,203.2478
2021-04-21,208.2169
2021-04-22,207.3560
2021-04-23,211.2676
2021-04-26,213.4668
2021-04-27,213.7849
2021-04-28,214.1499
2021-04-29,213.3545
2021-04-30,210.4535
2021-05-03,211.4829
2021-05-04,208.9562
2021-05-05,208.1233
2021-05-06,208.3011
2021-05-07,210.9214
2021-05-10,205.5592
2021-05-11,204.9042
2021-05-12,198.2506
2021-05-13,201.9002
2021-05-14,206.8319
2021-05-17,207.1127
2021-05-18,205.5405
2021-05-19,203.9590
2021-05-20,205.3159
2021-05-21,205.8493
2021-05-24,207.1875
2021-05-25,205.1849
2021-05-26,209.0124
2021-05-27,211.1647
2021-05-28,211.0244
2021-06-01,213.4200
2021-06-02,213.6727
2021-06-03,211.8853
2021-06-04,212.8024
2021-06-07,215.6566
2021-06-08,217.9400
2021-06-09,216.4894
2021-06-10,214.8840
2021-06-11,217.1521
2021-06-14,216.5148
2021-06-15,215.8962
2021-06-16,215.4369
2021-06-17,213.0189
2021-06-18,208.1829
2021-06-21,212.6347
2021-06-22,213.6000
2021-06-23,214.3029
2021-06-24,217.3301
2021-06-25,217.6956
2021-06-28,215.9711
2021-06-29,214.9402
2021-06-30,214.9683
2021-07-01,216.8615
2021-07-02,214.7997
2021-07-06,211.6787
2021-07-07,209.7106
2021-07-08,207.7799
2021-07-09,212.1661
2021-07-12,212.3442
2021-07-13,208.3423
2021-07-14,205.1276
2021-07-15,203.9655
2021-07-16,201.4537
2021-07-19,198.4359
2021-07-20,204.5934
2021-07-21,208.1173
2021-07-22,204.8090
2021-07-23,205.7649
2021-07-26,206.3648
2021-07-27,203.9561
2021-07-28,206.9552
2021-07-29,208.5485
2021-07-30,207.1708
2021-08-02,206.1398
2021-08-03,206.9927
2021-08-04,204.4153
2021-08-05,208.0892
2021-08-06,209.3638
2021-08-09,208.2111
2021-08-10,208.6234
2021-08-11,209.6450
2021-08-12,209.1483
2021-08-13,207.2457
2021-08-16,205.3151
2021-08-17,202.8127
2021-08-18,201.0414
2021-08-19,198.6328
2021-08-20,201.9880
2021-08-23,205.8305
2021-08-24,207.8549
2021-08-25,208.5859
2021-08-26,206.3741
2021-08-27,212.1942
2021-08-30,211.3226
2021-08-31,211.7350
2021-09-01,213.1596
2021-09-02,214.6403
2021-09-03,213.6469
2021-09-07,212.1754
2021-09-08,209.8605
2021-09-09,209.7574
2021-09-10,207.7050
2021-09-13,208.8858
2021-09-14,206.2241
2021-09-15,208.0892
2021-09-16,208.2392
2021-09-17,208.5109
2021-09-20,203.5531
2021-09-21,203.8624
2021-09-22,207.0302
2021-09-23,210.6946
2021-09-24,209.6784
2021-09-27,212.8653
2021-09-28,208.0240
2021-09-29,207.5821
2021-09-30,205.6363
2021-10-01,208.9546
2021-10-04,207.0557
2021-10-05,207.7702
2021-10-06,206.6891
2021-10-07,209.8759
2021-10-08,208.2966
2021-10-11,207.1027
2021-10-12,208.2402
2021-10-13,209.2273
2021-10-14,212.3294
2021-10-15,211.6620
2021-10-18,211.5397
2021-10-19,212.3294
2021-10-20,213.7395
2021-10-21,214.2847
2021-10-22,213.7771
2021-10-25,215.8076
2021-10-26,214.1813
2021-10-27,210.2425
2021-10-28,214.4352
2021-10-29,214.3787
2021-11-01,219.9345
2021-11-02,220.3951
2021-11-03,224.3338
2021-11-04,224.2493
2021-11-05,227.3138
2021-11-08,228.0188
2021-11-09,226.6934
2021-11-10,223.1212
2021-11-11,224.9167
2021-11-12,225.1423
2021-11-15,224.2493
2021-11-16,224.6629
2021-11-17,221.7206
2021-11-18,220.7805
2021-11-19,218.7688
2021-11-22,217.8381
2021-11-23,217.4621
2021-11-24,217.6971
2021-11-26,209.4905
2021-11-29,209.3589
2021-11-30,205.0910
2021-12-01,200.4754
2021-12-02,206.0687
2021-12-03,201.8385
2021-12-06,205.8901
2021-12-07,210.6655
2021-12-08,212.1038
2021-12-09,207.3001
2021-12-10,206.7267
2021-12-13,203.7056
2021-12-14,201.9518
2021-12-15,205.1578
2021-12-16,201.0089
2021-12-17,202.8570
2021-12-20,200.0094
2021-12-21,205.7235
2021-12-22,207.7036
2021-12-23,209.3630
2021-12-27,211.3244
2021-12-28,210.0325
2021-12-29,210.2588
2021-12-30,210.2022
2021-12-31,209.7497
2022-01-03,212.4558
2022-01-04,212.1352
2022-01-05,204.9503
2022-01-06,206.1195
2022-01-07,203.7339
2022-01-10,203.0268
2022-01-11,205.1860
2022-01-12,203.6585
2022-01-13,201.7915
2022-01-14,202.0744
2022-01-18,195.9644
2022-01-19,192.7774
2022-01-20,189.2886
2022-01-21,185.7433
2022-01-24,190.0240
2022-01-25,187.4876
2022-01-26,184.7815
2022-01-27,180.5856
2022-01-28,184.1026
2022-01-31,189.7506
2022-02-01,191.7495
2022-02-02,189.8449
2022-02-03,186.2524
2022-02-04,187.0539
2022-02-07,187.9780
2022-02-08,191.1838
2022-02-09,194.8140
2022-02-10,191.8250
2022-02-11,189.8826
2022-02-14,189.2226
2022-02-15,194.2954
2022-02-16,194.7009
2022-02-17,189.7129
2022-02-18,188.0816
2022-02-22,185.4321
2022-02-23,181.9622
2022-02-24,186.7333
2022-02-25,190.9387
2022-02-28,191.7119
2022-03-01,188.1005
2022-03-02,192.5793
2022-03-03,190.2975
2022-03-04,187.3179
2022-03-07,182.6600
2022-03-08,183.6688
2022-03-09,188.8454
2022-03-10,188.5060
2022-03-11,185.4981
2022-03-14,181.7076
2022-03-15,184.6023
2022-03-16,190.4107
2022-03-17,193.3996
2022-03-18,195.4363
2022-03-21,193.7108
2022-03-22,195.6532
2022-03-23,192.2588
2022-03-24,194.4695
2022-03-25,194.7340
2022-03-28,194.8002
2022-03-29,200.0152
2022-03-30,196.0000
2022-03-31,193.9310
2022-04-01,196.1039
2022-04-04,196.4251
2022-04-05,191.7769
2022-04-06,189.0560
2022-04-07,188.4419
2022-04-08,186.9397
2022-04-11,185.6832
2022-04-12,186.2690
2022-04-13,189.8118
2022-04-14,187.9695
2022-04-18,186.7036
2022-04-19,190.4259
2022-04-20,191.1534
2022-04-21,186.8736
2022-04-22,182.0364
2022-04-25,183.1418
2022-04-26,177.3693
2022-04-27,176.6324
2022-04-28,179.9296
2022-04-29,174.7334
2022-05-02,176.5663
2022-05-03,178.0779
2022-05-04,182.8300
2022-05-05,175.4137
2022-05-06,172.4944
2022-05-09,165.2386
2022-05-10,165.2858
2022-05-11,161.1761
2022-05-12,163.0657
2022-05-13,168.2335
2022-05-16,167.4305
2022-05-17,172.5511
2022-05-18,166.5046
2022-05-19,166.7785
2022-05-20,166.3534
2022-05-23,168.3657
2022-05-24,165.8716
2022-05-25,168.8570
2022-05-26,172.6266
2022-05-27,177.2748
2022-05-31,175.0735
2022-06-01,174.0816
2022-06-02,178.3330
2022-06-03,176.7269
2022-06-06,177.4921
2022-06-07,180.3548
2022-06-08,177.5677
2022-06-09,173.8867
2022-06-10,169.1694
2022-06-13,161.2220
2022-06-14,160.4452
2022-06-15,162.7944
2022-06-16,155.2543
2022-06-17,156.4668
2022-06-21,159.2706
2022-06-22,158.9675
2022-06-23,160.8715
2022-06-24,165.8540
2022-06-27,166.4697
2022-06-28,163.3438
2022-06-29,161.6861
2022-06-30,160.4263
2022-07-01,162.3681
2022-07-05,163.7133
2022-07-06,162.5007
2022-07-07,166.3466
2022-07-08,166.3276
2022-07-11,162.9839
2022-07-12,162.4250
2022-07-13,162.2829
2022-07-14,160.6157
2022-07-15,163.9595
2022-07-18,163.4954
2022-07-19,169.2642
2022-07-20,171.9164
2022-07-21,172.7974
2022-07-22,170.0409
2022-07-25,170.9218
2022-07-26,169.8704
2022-07-27,173.7352
2022-07-28,176.1222
2022-07-29,177.3726
2022-08-01,177.3063
2022-08-02,177.1358
2022-08-03,179.7407
2022-08-04,179.3618
2022-08-05,180.7353
2022-08-08,182.6488
2022-08-09,180.1575
2022-08-10,185.3011
2022-08-11,185.9926
2022-08-12,189.7911
2022-08-15,190.4636
2022-08-16,190.3878
2022-08-17,187.1861
2022-08-18,188.4270
2022-08-19,184.3822
2022-08-22,180.5838
2022-08-23,180.8774
2022-08-24,182.2604
2022-08-25,185.0927
2022-08-26,179.0113
2022-08-29,177.3631
2022-08-30,174.8813
2022-08-31,173.8204
2022-09-01,171.9259
2022-09-02,170.5903
2022-09-06,168.9042
2022-09-07,172.5795
2022-09-08,174.0193
2022-09-09,177.5147
2022-09-12,179.6649
2022-09-13,172.6364
2022-09-14,173.3089
2022-09-15,172.0490
2022-09-16,169.5483
2022-09-19,170.9976
2022-09-20,168.6674
2022-09-21,166.0908
2022-09-22,162.3492
2022-09-23,158.4844
2022-09-26,156.3145
2022-09-27,156.8477
2022-09-28,161.8084
2022-09-29,158.1807
2022-09-30,157.0286
2022-10-03,161.1895
2022-10-04,167.5784
2022-10-05,166.3406
2022-10-06,165.4075
2022-10-07,160.5420
2022-10-10,159.6470
2022-10-11,159.6946
2022-10-12,159.2566
2022-10-13,163.1985
2022-10-14,158.8281
2022-10-17,163.8936
2022-10-18,165.8360
2022-10-19,163.0176
2022-10-20,160.9419
2022-10-21,164.4363
2022-10-24,165.1409
2022-10-25,169.6446
2022-10-26,170.4825
2022-10-27,170.5205
2022-10-28,174.3958
2022-10-31,174.5577
2022-11-01,174.7957
2022-11-02,168.9971
2022-11-03,167.8641
2022-11-04,170.1302
2022-11-07,170.9014
2022-11-08,170.9680
2022-11-09,166.2740
2022-11-10,176.5096
2022-11-11,177.9568
2022-11-14,175.9669
2022-11-15,178.5757
2022-11-16,175.4336
2022-11-17,173.8055
2022-11-18,174.9290
2022-11-21,174.0150
2022-11-22,175.8717
2022-11-23,176.3286
2022-11-25,176.7000
2022-11-28,173.1390
2022-11-29,173.6436
2022-11-30,178.4044
2022-12-01,178.0140
2022-12-02,179.0518
2022-12-05,174.1197
2022-12-06,171.4536
2022-12-07,170.9490
2022-12-08,172.1868
2022-12-09,170.0730
2022-12-12,172.0726
2022-12-13,173.4978
2022-12-14,172.3595
2022-12-15,168.0455
2022-12-16,166.7924
2022-12-19,164.5350
2022-12-20,165.4054
2022-12-21,168.2560
2022-12-22,166.0559
2022-12-23,166.8116
2022-12-27,165.6924
2022-12-28,163.1193
2022-12-29,167.2516
2022-12-30,166.7829
2023-01-03,165.8646
2023-01-04,167.9308
2023-01-05,166.1324
2023-01-06,169.8629
2023-01-09,170.1499
2023-01-10,172.6656
2023-01-11,174.8179
2023-01-12,177.7544
2023-01-13,178.9214
2023-01-17,178.7014
2023-01-18,175.8126
2023-01-19,174.1291
2023-01-20,176.9988
2023-01-23,179.1892
2023-01-24,178.8066
2023-01-25,179.3040
2023-01-26,180.3658
2023-01-27,181.3415
2023-01-30,178.8162
2023-01-31,183.1589
2023-02-01,186.0381
2023-02-02,189.7017
2023-02-03,188.4294
2023-02-06,185.7033
2023-02-07,187.0807
2023-02-08,184.3450
2023-02-09,181.6762
2023-02-10,182.0397
2023-02-13,184.2302
2023-02-14,184.1441
2023-02-15,186.0094
2023-02-16,184.2302
2023-02-17,184.7372
2023-02-21,179.2849
2023-02-22,179.7727
2023-02-23,181.0545
2023-02-24,179.3614
2023-02-27,179.9927
2023-02-28,180.0023
2023-03-01,180.2319
2023-03-02,180.6623
2023-03-03,183.1780
2023-03-06,180.4997
2023-03-07,178.4049
2023-03-08,178.4910
2023-03-09,173.5265
2023-03-10,168.5237
2023-03-13,165.7785
2023-03-14,168.8490
2023-03-15,166.0655
2023-03-16,168.3324
2023-03-17,163.7889
2023-03-20,165.9124
2023-03-21,168.9733
2023-03-22,164.1810
2023-03-23,163.4524
2023-03-24,164.9309
2023-03-27,166.7646
2023-03-28,166.5246
2023-03-29,168.4160
2023-03-30,168.1855
2023-03-31,171.2769
2023-04-03,171.3538
2023-04-04,168.3488
2023-04-05,166.6974
2023-04-06,166.9471
2023-04-10,168.7328
2023-04-11,170.0672
2023-04-12,168.8192
2023-04-13,171.0562
2023-04-14,169.4624
2023-04-17,171.6418
2023-04-18,170.9122
2023-04-19,171.1330
2023-04-20,170.2497
2023-04-21,170.4705
2023-04-24,170.3553
2023-04-25,166.1502
2023-04-26,164.5469
2023-04-27,166.7454
2023-04-28,168.2047
2023-05-01,168.3008
2023-05-02,164.8445
2023-05-03,165.4493
2023-05-04,163.5964
2023-05-05,167.4847
2023-05-08,167.1007
2023-05-09,166.6014
2023-05-10,167.4463
2023-05-11,166.1598
2023-05-12,165.8238
2023-05-15,167.8495
2023-05-16,165.4013
2023-05-17,169.0880
2023-05-18,170.1152
2023-05-19,169.0784
2023-05-22,171.1425
2023-05-23,170.3361
2023-05-24,168.5312
2023-05-25,167.2159
2023-05-26,169.1168
2023-05-30,168.4928
2023-05-31,166.8319
2023-06-01,168.6368
2023-06-02,174.7524
2023-06-05,172.4099
2023-06-06,176.9510
2023-06-07,180.2619
2023-06-08,179.5879
2023-06-09,178.1342
2023-06-12,178.8755
2023-06-13,180.9261
2023-06-14,178.9814
2023-06-15,180.4544
2023-06-16,179.0103
2023-06-20,178.2305
2023-06-21,177.8165
2023-06-22,176.4975
2023-06-23,173.8404
2023-06-26,174.0137
2023-06-27,176.5264
2023-06-28,177.3929
2023-06-29,179.4339
2023-06-30,180.2907
2023-07-03,180.6566
2023-07-05,178.8563
2023-07-06,175.9681
2023-07-07,177.8261
2023-07-10,180.8683
2023-07-11,182.7264
2023-07-12,184.7193
2023-07-13,186.2115
2023-07-14,184.3920
2023-07-17,186.3656
2023-07-18,188.6665
2023-07-19,189.4655
2023-07-20,187.8097
2023-07-21,187.2127
2023-07-24,187.6749
2023-07-25,187.6556
2023-07-26,189.1382
2023-07-27,186.6929
2023-07-28,189.1093
2023-07-31,191.3044
2023-08-01,190.4283
2023-08-02,187.8386
2023-08-03,187.3090
2023-08-04,186.9335
2023-08-07,187.0587
2023-08-08,185.8842
2023-08-09,184.4305
2023-08-10,183.6122
2023-08-11,183.8721
2023-08-14,183.5544
2023-08-15,181.1283
2023-08-16,178.9140
2023-08-17,176.8056
2023-08-18,177.7684
2023-08-21,177.5084
2023-08-22,176.9789
2023-08-23,178.8658
2023-08-24,176.3917
2023-08-25,177.1426
2023-08-28,178.7215
2023-08-29,181.2149
2023-08-30,181.8985
2023-08-31,181.5808
2023-09-01,183.7373
2023-09-05,179.8671
2023-09-06,179.1932
2023-09-07,177.4603
2023-09-08,177.0656
2023-09-11,177.4892
2023-09-12,177.3159
2023-09-13,176.1510
2023-09-14,178.6348
2023-09-15,176.7671
2023-09-18,175.5926
2023-09-19,174.9090
2023-09-20,173.1568
2023-09-21,170.4708
2023-09-22,170.0858
2023-09-25,170.8463
2023-09-26,168.6497
2023-09-27,170.2263
2023-09-28,171.7643
2023-09-29,170.9518
2023-10-02,168.3692
2023-10-03,165.5352
2023-10-04,165.6125
2023-10-05,165.7383
2023-10-06,167.3342
2023-10-09,168.3015
2023-10-10,170.2070
2023-10-11,169.9168
2023-10-12,166.0768
2023-10-13,164.6936
2023-10-16,167.3536
2023-10-17,169.2204
2023-10-18,165.7383
2023-10-19,163.0977
2023-10-20,160.9891
2023-10-23,159.6253
2023-10-24,161.0181
2023-10-25,158.3582
2023-10-26,158.7644
2023-10-27,156.8976
2023-10-30,157.7681
2023-10-31,159.1319
2023-11-01,160.0412
2023-11-02,164.3068
2023-11-03,168.7754
2023-11-06,166.6668
2023-11-07,166.0768
2023-11-08,164.3068
2023-11-09,161.7629
2023-11-10,163.5716
2023-11-13,163.6297
2023-11-14,172.6155
2023-11-15,172.9153
2023-11-16,170.1199
2023-11-17,172.4510
2023-11-20,173.4569
2023-11-21,171.2226
2023-11-22,172.2962
2023-11-24,173.4569
2023-11-27,172.8766
2023-11-28,172.2092
2023-11-29,173.1184
2023-11-30,173.7761
2023-12-01,178.8542
2023-12-04,180.7693
2023-12-05,178.3512
2023-12-06,178.0320
2023-12-07,179.3185
2023-12-08,180.6823
2023-12-11,181.0595
2023-12-12,180.8757
2023-12-13,186.9984
2023-12-14,192.2022
2023-12-15,190.5869
2023-12-18,190.6546
2023-12-19,194.3495
2023-12-20,190.5479
2023-12-21,193.7904
2023-12-22,195.5960
2023-12-26,198.1395
2023-12-27,198.8385
2023-12-28,198.0812
2023-12-29,194.8485
2024-01-02,193.6933
2024-01-03,188.5286
2024-01-04,188.1597
2024-01-05,187.6064
2024-01-08,190.9847
2024-01-09,189.2761
2024-01-10,189.3829
2024-01-11,187.8976
2024-01-12,187.5869
2024-01-16,185.2667
2024-01-17,183.9465
2024-01-18,185.0338
2024-01-19,186.8103
2024-01-22,190.8003
2024-01-23,190.2469
2024-01-24,188.6839
2024-01-25,190.2469
2024-01-26,190.2566
2024-01-29,193.5865
2024-01-30,191.9361
2024-01-31,187.2472
2024-02-01,189.7325
2024-02-02,188.7325
2024-02-05,186.3346
2024-02-06,188.0141
2024-02-07,187.5772
2024-02-08,190.4217
2024-02-09,193.5185
2024-02-12,197.0328
2024-02-13,188.9267
2024-02-14,193.3147
2024-02-15,198.4696
2024-02-16,195.7708
2024-02-20,193.0720
2024-02-21,192.1594
2024-02-22,193.6156
2024-02-23,194.0525
2024-02-26,195.2757
2024-02-27,198.0425
2024-02-28,196.4115
2024-02-29,197.7803
2024-03-01,199.8772
2024-03-04,199.6928
2024-03-05,197.7803
2024-03-06,199.2560
2024-03-07,200.9160
2024-03-08,200.7898
2024-03-11,199.1977
2024-03-12,198.9259
2024-03-13,199.7025
2024-03-14,196.1299
2024-03-15,196.4989
2024-03-18,195.3728
2024-03-19,196.1979
2024-03-20,200.0811
2024-03-21,202.3800
2024-03-22,199.5867
2024-03-25,200.0441
2024-03-26,199.6840
2024-03-27,204.0345
2024-03-28,204.6769
2024-04-01,202.7498
2024-04-02,199.0222
2024-04-03,200.3264
2024-04-04,198.3214
2024-04-05,198.9833
2024-04-08,200.0733
2024-04-09,200.8616
2024-04-10,195.5574
2024-04-11,196.8810
2024-04-12,193.3773
2024-04-15,190.5451
2024-04-16,189.8444
2024-04-17,187.8394
2024-04-18,187.6837
2024-04-19,187.9757
2024-04-22,190.0779
2024-04-23,193.2605
2024-04-24,192.3943
2024-04-25,191.2264
2024-04-26,193.0561
2024-04-29,194.6133
2024-04-30,190.6619
2024-05-01,191.0609
2024-05-02,194.5744
2024-05-03,196.5014
2024-05-06,199.0416
2024-05-07,199.4893
2024-05-08,198.3312
2024-05-09,200.3556
2024-05-10,198.8470
2024-05-13,199.2655
2024-05-14,201.3288
2024-05-15,203.8398
2024-05-16,202.3702
2024-05-17,202.5162
2024-05-20,202.9639
2024-05-21,202.7693
2024-05-22,201.0563
2024-05-23,197.7570
2024-05-24,199.9468
2024-05-28,199.6743
2024-05-29,196.7253
2024-05-30,198.5940
2024-05-31,200.2680
2024-06-03,199.1390
2024-06-04,196.5696
2024-06-05,199.5770
2024-06-06,198.1462
2024-06-07,195.8201
2024-06-10,196.4917
2024-06-11,195.8202
2024-06-12,198.8263
2024-06-13,197.0890
2024-06-14,193.9561
2024-06-17,195.5860
2024-06-18,195.9276
2024-06-20,195.0980
2024-06-21,195.5372
2024-06-24,196.3863
2024-06-25,195.7422
2024-06-26,195.2249
2024-06-27,197.2062
2024-06-28,198.0162
2024-07-01,196.3570
2024-07-02,197.0305
2024-07-03,196.9817
2024-07-05,196.0447
2024-07-08,197.4209
2024-07-09,196.5620
2024-07-10,198.4846
2024-07-11,205.6191
2024-07-12,208.0200
2024-07-15,211.9727
2024-07-16,219.2047
2024-07-17,216.9111
2024-07-18,212.7144
2024-07-19,211.6311
2024-07-22,214.9982
2024-07-23,217.2820
2024-07-24,212.6168
2024-07-25,215.2715
2024-07-26,218.8338
2024-07-29,216.4036
2024-07-30,217.2235
2024-07-31,218.4825
2024-08-01,211.3773
2024-08-02,203.9014
2024-08-05,197.3428
2024-08-06,199.4899
2024-08-07,197.1281
2024-08-08,201.9201
2024-08-09,201.5004
2024-08-12,199.6852
2024-08-13,202.9742
2024-08-14,201.7152
2024-08-15,206.9464
2024-08-16,207.4930
2024-08-19,210.0305
2024-08-20,207.5808
2024-08-21,210.2843
2024-08-22,208.4299
2024-08-23,215.0860
2024-08-26,215.1544
2024-08-27,213.4855
2024-08-28,212.0410
2024-08-29,213.5538
2024-08-30,214.7933
2024-09-03,208.2249
2024-09-04,207.8736
2024-09-05,206.8390
2024-09-06,202.9059
2024-09-09,203.4719
2024-09-10,203.3060
2024-09-11,203.9014
2024-09-12,206.5267
2024-09-13,211.6214
2024-09-16,212.3826
2024-09-17,214.1394
2024-09-18,214.1784
2024-09-19,218.5898
2024-09-20,216.2475
2024-09-23,215.4569
2024-09-24,215.8181
2024-09-25,213.1857
2024-09-26,214.3217
2024-09-27,215.7710
2024-09-30,216.3194
2024-10-01,213.3815
2024-10-02,213.0877
2024-10-03,211.6580
2024-10-04,214.6154
2024-10-07,212.9310
2024-10-08,213.0780
2024-10-09,213.5480
2024-10-10,212.3631
2024-10-11,216.6818
2024-10-14,218.2781
2024-10-15,218.4544
2024-10-16,222.0484
2024-10-17,221.4412
2024-10-18,220.9810
2024-10-21,217.5044
2024-10-22,216.6818
2024-10-23,214.7036
2024-10-24,215.1737
2024-10-25,214.3608
2024-10-28,217.8570
2024-10-29,217.1519
2024-10-30,216.8581
2024-10-31,213.2542
2024-11-01,214.4490
2024-11-04,215.5360
2024-11-05,219.5903
2024-11-06,232.3115
2024-11-07,231.4890
2024-11-08,233.1929
2024-11-11,236.6989
2024-11-12,232.5466
2024-11-13,230.2452
2024-11-14,227.1408
2024-11-15,223.7524
2024-11-18,224.1931
2024-11-19,225.8579
2024-11-20,226.1517
2024-11-21,229.5891
2024-11-22,233.8295
2024-11-25,237.3844
2024-11-26,235.6412
2024-11-27,235.9644
2024-11-29,236.8653
2024-12-02,236.7478
2024-12-03,235.0634
2024-12-04,235.9056
2024-12-05,233.1538
2024-12-06,233.9862
2024-12-09,232.8110
2024-12-10,231.8023
2024-12-11,232.8502
2024-12-12,229.8241
2024-12-13,228.2475
2024-12-16,229.5891
2024-12-17,226.9607
2024-12-18,216.9126
2024-12-19,215.9500
2024-12-20,217.9734
2024-12-23,217.4725
2024-12-24,219.4173
2024-12-26,221.6665
2024-12-27,218.4350
2024-12-30,216.7554
2024-12-31,217.0305
2025-01-02,217.2073
2025-01-03,220.4388
2025-01-06,220.5272
2025-01-07,218.7592
2025-01-08,217.7671
2025-01-10,212.9739
2025-01-13,213.3865
2025-01-14,215.8125
2025-01-15,220.0557
2025-01-16,220.4977
2025-01-17,221.4505
2025-01-21,225.7034
2025-01-22,224.2301
2025-01-23,225.2516
2025-01-24,224.6230
2025-01-27,222.4720
2025-01-28,222.7175
2025-01-29,222.2067
2025-01-30,224.4658
2025-01-31,222.4523
2025-02-03,219.8494
2025-02-04,222.8943
2025-02-05,225.3204
2025-02-06,224.5837
2025-02-07,221.9808
2025-02-10,222.9827
2025-02-11,221.6862
2025-02-12,219.6432
2025-02-13,222.1183
2025-02-14,221.9514
2025-02-18,223.1693
2025-02-19,222.4032
2025-02-20,220.2718
2025-02-21,213.9267
2025-02-24,212.3846
2025-02-25,211.5792
2025-02-26,211.8444
2025-02-27,208.6129
2025-02-28,210.8327
2025-03-03,205.0671
2025-03-04,202.7491
2025-03-05,204.7626
2025-03-06,201.6293
2025-03-07,202.2874
2025-03-10,197.1995
2025-03-11,197.1799
2025-03-12,197.5237
2025-03-13,194.5770
2025-03-14,199.2818
2025-03-17,201.7963
2025-03-18,200.0440
2025-03-19,203.1548
2025-03-20,201.8652
2025-03-21,200.6150
2025-03-24,205.6060
2025-03-25,204.4641
2025-03-26,202.3869
2025-03-27,201.4222
2025-03-28,197.3270
2025-03-31,196.3820
2025-04-01,196.4017
2025-04-02,199.5026
2025-04-03,186.6953
2025-04-04,178.3671
2025-04-07,176.7527
2025-04-08,172.0964
2025-04-09,186.7248
2025-04-10,178.8790
2025-04-11,181.4877
2025-04-14,183.6239
2025-04-15,183.8503
2025-04-16,182.0882
2025-04-17,183.5747
2025-04-21,179.8930
2025-04-22,184.5493
2025-04-23,187.2859
2025-04-24,191.0366
2025-04-25,191.0956
2025-04-28,191.9029
2025-04-29,193.0350
2025-04-30,191.8241
2025-05-01,193.0153
2025-05-02,197.3566
2025-05-05,195.8406
2025-05-06,193.7044
2025-05-07,194.3442
2025-05-08,198.0457
2025-05-09,197.6814
2025-05-12,204.6314
2025-05-13,205.3796
2025-05-14,203.5584
2025-05-15,204.8874
2025-05-16,206.5806
2025-05-19,205.7143
2025-05-20,205.8226
2025-05-21,200.0440
2025-05-22,200.0342
2025-05-23,199.4042
2025-05-27,204.4641
2025-05-28,202.3082
2025-05-29,202.9087
2025-05-30,201.8751
2025-06-02,202.5051
2025-06-03,205.7733
2025-06-04,205.1926
2025-06-05,205.2812
2025-06-06,208.5986
2025-06-09,210.0359
2025-06-10,211.1680
2025-06-11,210.3017
2025-06-12,209.4650
2025-06-13,205.6355
2025-06-16,208.0600
2025-06-17,205.8685
2025-06-18,206.9544
2025-06-20,206.5200
2025-06-23,209.0471
2025-06-24,211.7124
2025-06-25,209.2445
2025-06-26,212.6403
2025-06-27,212.7094
2025-06-30,213.0154
2025-07-01,215.2069
2025-07-02,218.1880
2025-07-03,220.2117
2025-07-07,216.9048
2025-07-08,218.4052
2025-07-09,220.7744
2025-07-10,221.9096
2025-07-11,218.8494
2025-07-14,220.3203
2025-07-15,216.0065
2025-07-16,218.1782
2025-07-17,221.0409
2025-07-18,219.4713
2025-07-21,218.5829
2025-07-22,220.3992
2025-07-23,223.7654
2025-07-24,220.6756
2025-07-25,221.4950
2025-07-28,221.2383
2025-07-29,219.8267
2025-07-30,218.7112
2025-07-31,216.5691
2025-08-01,212.1566
2025-08-04,216.9048
2025-08-05,218.0103
2025-08-06,217.7241
2025-08-07,217.0133
2025-08-08,217.4872
2025-08-11,217.4378
2025-08-12,223.8937
2025-08-13,228.2470
2025-08-14,225.3053
2025-08-15,224.2096
2025-08-18,225.0289
2025-08-19,223.3015
2025-08-20,222.5117
2025-08-21,223.0645
2025-08-22,231.8106
2025-08-25,229.3724
2025-08-26,231.2677
2025-08-27,232.9063
2025-08-28,233.1827
2025-08-29,232.1462
2025-09-02,230.8925
2025-09-03,230.6655
2025-09-04,233.5480
2025-09-05,234.7128
2025-09-08,235.1866
2025-09-09,233.8047
2025-09-10,233.3900
2025-09-11,237.7038
2025-09-12,235.2755
2025-09-15,236.2725
2025-09-16,235.8834
2025-09-17,236.4873
2025-09-18,242.3775
2025-09-19,240.5361
2025-09-22,241.9320
2025-09-23,241.3875
2025-09-24,239.1701
2025-09-25,236.8833
2025-09-26,238.9127
2025-09-29,239.1898
2025-09-30,239.5264
2025-10-01,240.0511
2025-10-02,241.5657
2025-10-03,243.3575
2025-10-06,244.3276
2025-10-07,241.7043
2025-10-08,244.2386
2025-10-09,242.6645
2025-10-10,235.3983
2025-10-13,241.9518
2025-10-14,245.4067
2025-10-15,247.8122
2025-10-16,242.5952
2025-10-17,240.9619
2025-10-20,245.6640
2025-10-21,244.5058
2025-10-22,240.8925
2025-10-23,243.9416
2025-10-24,246.9213
2025-10-27,247.7825
2025-10-28,246.4560
2025-10-29,244.3573
2025-10-30,242.3874
2025-10-31,243.7535
2025-11-03,242.9714
2025-11-04,238.7741
2025-11-05,242.2191
2025-11-06,237.9326
2025-11-07,239.1799
2025-11-10,241.5756
2025-11-11,241.7835
2025-11-12,241.1895
2025-11-13,234.4084
2025-11-14,235.0915
2025-11-17,230.4189
2025-11-18,231.1218
2025-11-19,231.0822
2025-11-20,226.8057
2025-11-21,233.2304
2025-11-24,237.4871
2025-11-25,242.6645
2025-11-26,244.8127
2025-11-28,246.2481
2025-12-01,243.1496
2025-12-02,242.7041
2025-12-03,247.1193
2025-12-04,249.2872
2025-12-05,248.2478
2025-12-08,248.3468
2025-12-09,248.8616
2025-12-10,252.2472
2025-12-11,255.2071
2025-12-12,251.2968
2025-12-15,249.3961
2025-12-16,248.2161
2025-12-17,245.5741
2025-12-18,247.0342
2025-12-19,249.1001
2025-12-22,251.8714
2025-12-23,250.3815
2025-12-24,251.0072
2025-12-26,249.7259
2025-12-29,248.1963
2025-12-30,246.3587
2025-12-31,244.5014
2026-01-02,247.1037
2026-01-05,251.0271
2026-01-06,254.3545
2026-01-07,253.7586
2026-01-08,256.5298
2026-01-09,258.4766
2026-01-12,259.7380
2026-01-13,259.5890
2026-01-14,261.4166
2026-01-15,263.7210
2026-01-16,263.9693
2026-01-20,260.8107
2026-01-21,265.9856
2026-01-22,267.9721
2026-01-23,263.0257
2026-01-26,262.2013
2026-01-27,262.9462
2026-01-28,261.5258
2026-01-29,261.5954
2026-01-30,257.9005
2026-02-02,260.4134
2026-02-03,261.0094
2026-02-04,258.7646
2026-02-05,254.1062
2026-02-06,263.2343
2026-02-09,265.0818
2026-02-10,264.3666
2026-02-11,263.1648
2026-02-12,257.7912
2026-02-13,261.1882
2026-02-17,261.2676
2026-02-18,262.2112
2026-02-19,262.8171
2026-02-20,262.8271
2026-02-23,258.7348
2026-02-24,261.5556
2026-02-25,262.7972
2026-02-26,264.1977
2026-02-27,259.6486
2026-03-02,262.0324
2026-03-03,257.4932
2026-03-04,259.9962
2026-03-05,255.0299
2026-03-06,249.1995
2026-03-09,251.9111
2026-03-10,251.6528
2026-03-11,251.1463
2026-03-12,245.7430
2026-03-13,244.9285
2026-03-16,247.2428
2026-03-17,248.8069
2026-03-18,244.7970
2026-03-19,246.3990
2026-03-20,241.0159
2026-03-23,246.2199
2026-03-24,247.5433
2026-03-25,250.5682
2026-03-26,246.2099
2026-03-27,241.8915
2026-03-30,238.4188
2026-03-31,246.7671
2026-04-01,248.3194
2026-04-02,250.0408
2026-04-06,251.1055
2026-04-07,251.6527
2026-04-08,259.1751
2026-04-09,260.6577
2026-04-10,260.0010
2026-04-13,263.7523
2026-04-14,267.3842
2026-04-15,268.0508
2026-04-16,268.6080
2026-04-17,274.4090
2026-04-20,275.9713
2026-04-21,273.1454
2026-04-22,275.1056
2026-04-23,274.1503
2026-04-24,275.2747
2026-04-27,275.7623
2026-04-28,272.5483
2026-04-29,270.7274
2026-04-30,276.5882
2026-05-01,277.8916
2026-05-04,276.4986
2026-05-05,281.1553
2026-05-06,285.3742
2026-05-07,280.8568
2026-05-08,282.7574
2026-05-11,283.9115
2026-05-12,281.1653
2026-05-13,281.2648
2026-05-14,283.0359
2026-05-15,276.2200
2026-05-18,274.5981
2026-05-19,271.6429
2026-05-20,278.4787
2026-05-21,281.0857
2026-05-22,283.7026
2026-05-26,289.0658
2026-05-27,288.9265
2026-05-28,290.5783
2026-05-29,288.9862
2026-06-01,287.5434
2026-06-02,290.2101
2026-06-03,286.2399
2026-06-04,290.5583
2026-06-05,280.2498
2026-06-08,282.6976
2026-06-09,283.6031
2026-06-10,280.6479
2026-06-11,288.9663
2026-06-12,291.4937
2026-06-15,293.8725
2026-06-16,291.3191
2026-06-17,289.1249
2026-06-18,294.8200
2026-06-22,297.4033
2026-06-23,294.5507
2026-06-24,295.9171
2026-06-25,298.1313
2026-06-26,299.0490
2026-06-29,298.1912
2026-06-30,299.6674
2026-07-01,298.5403
2026-07-02,296.8048
2026-07-06,298.1214
2026-07-07,295.4184
2026-07-08,292.7155
2026-07-09,296.4657
2026-07-10,295.2189
2026-07-13,292.7155
2026-07-14,293.7428
2026-07-15,294.9995
2026-07-16,294.8200
2026-07-17,293.2740
2026-07-20,291.5486
2026-07-21,295.7675
2026-07-22,293.0247
2026-07-23,291.3291
2026-07-24,290.4115
2026-07-27,292.1470
2026-07-28,292.6058
2026-07-29,287.8183
2026-07-30,291.8278
2026-07-31,290.4414
2026-08-03,295.4484
2026-08-04,300.9240
2026-08-05,298.9891
2026-08-06,297.4731
2026-08-07,300.7744
2026-08-10,299.1986
2026-08-11,300.2059
2026-08-12,301.9214
2026-08-13,302.7094
2026-08-14,304.2953
2026-08-17,303.2679
2026-08-18,299.4479
2026-08-19,300.9340
2026-08-20,296.8946
2026-08-21,299.1786
2026-08-24,297.1938
2026-08-25,298.4505
2026-08-26,298.1513
2026-08-27,299.0290
2026-08-28,294.9796
2026-08-31,293.1643
2026-09-01,289.8131
2026-09-02,293.2441
2026-09-03,294.4211
2026-09-04,295.2389
2026-09-08,293.9024
2026-09-09,289.8829
2026-09-10,286.9506
2026-09-11,288.1375
2026-09-14,287.1600
2026-09-15,285.1400
2026-09-16,283.9200
