date,adj_close
2003-01-02,21.3806
2003-01-03,21.6163
2003-01-06,22.1551
2003-01-07,22.4328
2003-01-08,21.8015
2003-01-09,22.4749
2003-01-10,22.8116
2003-01-13,22.6769
2003-01-14,22.7948
2003-01-15,22.5086
2003-01-16,22.2561
2003-01-17,21.3049
2003-01-21,21.0692
2003-01-22,20.9850
2003-01-23,21.4732
2003-01-24,20.8924
2003-01-27,20.6483
2003-01-28,20.8588
2003-01-29,21.1702
2003-01-30,20.6231
2003-01-31,20.5726
2003-02-03,20.6147
2003-02-04,20.3621
2003-02-05,20.2695
2003-02-06,20.3790
2003-02-07,20.0423
2003-02-10,20.2190
2003-02-11,20.3285
2003-02-12,20.0507
2003-02-13,20.1517
2003-02-14,20.6147
2003-02-18,21.2544
2003-02-19,21.1113
2003-02-20,21.0271
2003-02-21,21.1870
2003-02-24,20.8251
2003-02-25,20.8503
2003-02-26,20.3874
2003-02-27,20.8503
2003-02-28,21.1786
2003-03-03,20.7493
2003-03-04,20.6231
2003-03-05,20.6652
2003-03-06,20.6147
2003-03-07,20.6567
2003-03-10,20.2106
2003-03-11,20.0338
2003-03-12,20.3958
2003-03-13,21.5658
2003-03-14,21.6500
2003-03-17,22.3908
2003-03-18,22.6685
2003-03-19,22.4749
2003-03-20,22.5591
2003-03-21,22.8706
2003-03-24,21.9194
2003-03-25,22.2308
2003-03-26,22.3571
2003-03-27,22.1972
2003-03-28,21.9530
2003-03-31,21.2544
2003-04-01,21.4227
2003-04-02,22.0120
2003-04-03,22.2898
2003-04-04,21.9278
2003-04-07,21.9615
2003-04-08,21.9362
2003-04-09,21.4312
2003-04-10,21.6921
2003-04-11,21.4732
2003-04-14,21.9110
2003-04-15,22.1214
2003-04-16,22.0709
2003-04-17,22.5760
2003-04-21,22.6601
2003-04-22,23.0894
2003-04-23,23.2578
2003-04-24,23.1315
2003-04-25,22.6854
2003-04-28,23.1315
2003-04-29,23.3419
2003-04-30,23.1062
2003-05-01,23.3083
2003-05-02,23.8049
2003-05-05,23.7797
2003-05-06,24.0827
2003-05-07,23.8133
2003-05-08,23.3756
2003-05-09,23.9143
2003-05-12,24.2763
2003-05-13,24.1248
2003-05-14,24.0743
2003-05-15,24.3436
2003-05-16,24.1585
2003-05-19,23.3083
2003-05-20,23.3756
2003-05-21,23.3083
2003-05-22,23.6450
2003-05-23,23.6534
2003-05-27,24.4952
2003-05-28,24.5709
2003-05-29,24.6719
2003-05-30,25.0760
2003-06-02,24.8992
2003-06-03,25.1349
2003-06-04,25.6063
2003-06-05,25.7915
2003-06-06,25.3622
2003-06-09,25.0255
2003-06-10,25.4043
2003-06-11,25.6905
2003-06-12,25.7999
2003-06-13,25.2191
2003-06-16,25.9935
2003-06-17,25.8925
2003-06-18,26.0272
2003-06-19,25.6063
2003-06-20,25.5726
2003-06-23,25.1770
2003-06-24,24.9834
2003-06-25,24.8487
2003-06-26,25.4379
2003-06-27,25.1096
2003-06-30,25.2106
2003-07-01,25.5473
2003-07-02,26.0692
2003-07-03,25.7410
2003-07-07,26.8437
2003-07-08,27.1720
2003-07-09,27.1046
2003-07-10,26.5995
2003-07-11,26.8016
2003-07-14,27.1214
2003-07-15,27.1551
2003-07-16,27.0709
2003-07-17,26.2460
2003-07-18,26.3302
2003-07-21,25.9935
2003-07-22,26.3807
2003-07-23,26.5995
2003-07-24,26.2460
2003-07-25,26.7679
2003-07-28,26.8437
2003-07-29,26.6416
2003-07-30,26.4480
2003-07-31,26.7679
2003-08-01,26.4817
2003-08-04,26.4733
2003-08-05,25.4295
2003-08-06,25.4127
2003-08-07,25.5137
2003-08-08,25.3117
2003-08-11,25.5894
2003-08-12,25.9767
2003-08-13,25.9851
2003-08-14,26.0103
2003-08-15,26.2376
2003-08-18,26.9110
2003-08-19,27.2477
2003-08-20,27.1804
2003-08-21,27.4750
2003-08-22,27.3066
2003-08-25,27.3656
2003-08-26,27.3908
2003-08-27,27.6097
2003-08-28,27.8538
2003-08-29,28.1063
2003-09-02,28.5103
2003-09-03,28.4935
2003-09-04,28.7545
2003-09-05,28.5693
2003-09-08,29.0406
2003-09-09,28.6955
2003-09-10,28.0053
2003-09-11,28.3167
2003-09-12,28.4682
2003-09-15,28.1905
2003-09-16,28.9565
2003-09-17,28.8386
2003-09-18,29.2763
2003-09-19,29.1080
2003-09-22,28.5524
2003-09-23,29.0575
2003-09-24,27.9632
2003-09-25,27.6012
2003-09-26,27.4245
2003-09-29,27.8959
2003-09-30,27.2898
2003-10-01,27.9043
2003-10-02,27.9969
2003-10-03,28.7797
2003-10-06,28.9901
2003-10-07,29.1669
2003-10-08,28.9817
2003-10-09,29.2006
2003-10-10,29.4699
2003-10-13,29.6636
2003-10-14,29.7393
2003-10-15,29.6130
2003-10-16,29.8488
2003-10-17,29.1332
2003-10-20,29.4952
2003-10-21,29.6720
2003-10-22,29.0996
2003-10-23,28.7629
2003-10-24,28.7881
2003-10-27,28.7965
2003-10-28,29.7646
2003-10-29,29.7309
2003-10-30,29.7898
2003-10-31,29.6130
2003-11-03,30.1013
2003-11-04,29.8992
2003-11-05,30.1686
2003-11-06,30.2528
2003-11-07,29.9918
2003-11-10,29.6215
2003-11-11,29.5120
2003-11-12,30.1433
2003-11-13,30.1097
2003-11-14,29.4952
2003-11-17,29.1922
2003-11-18,28.5188
2003-11-19,28.7965
2003-11-20,28.5188
2003-11-21,28.8134
2003-11-24,29.6130
2003-11-25,29.6130
2003-11-26,29.7477
2003-11-28,29.7814
2003-12-01,30.2191
2003-12-02,30.0508
2003-12-03,29.6720
2003-12-04,29.9918
2003-12-05,29.4952
2003-12-08,29.6636
2003-12-09,28.9817
2003-12-10,29.0912
2003-12-11,29.7141
2003-12-12,29.6636
2003-12-15,29.2763
2003-12-16,29.3353
2003-12-17,29.3858
2003-12-18,29.9329
2003-12-19,29.8488
2003-12-22,29.9413
2003-12-23,30.1686
2003-12-24,30.2309
2003-12-26,30.1888
2003-12-29,30.6857
2003-12-30,30.7867
2003-12-31,30.7025
2004-01-02,30.6183
2004-01-05,31.2330
2004-01-06,31.4435
2004-01-07,31.7298
2004-01-08,31.9824
2004-01-09,31.7719
2004-01-12,32.2772
2004-01-13,31.9572
2004-01-14,32.0667
2004-01-15,32.1509
2004-01-16,32.4793
2004-01-20,32.4540
2004-01-21,32.3193
2004-01-22,32.1256
2004-01-23,32.0077
2004-01-26,32.4961
2004-01-27,31.7803
2004-01-28,31.2414
2004-01-29,31.3593
2004-01-30,31.2162
2004-02-02,31.1320
2004-02-03,31.0983
2004-02-04,30.5930
2004-02-05,30.7109
2004-02-06,31.2667
2004-02-09,31.2583
2004-02-10,31.3088
2004-02-11,31.6456
2004-02-12,31.3677
2004-02-13,31.1067
2004-02-17,31.5277
2004-02-18,31.6204
2004-02-19,31.1404
2004-02-20,31.0393
2004-02-23,30.6941
2004-02-24,30.6183
2004-02-25,30.8036
2004-02-26,30.8793
2004-02-27,30.7951
2004-03-01,31.1993
2004-03-02,30.8372
2004-03-03,30.6688
2004-03-04,30.9551
2004-03-05,30.8457
2004-03-08,30.1214
2004-03-09,30.0288
2004-03-10,29.6330
2004-03-11,29.3636
2004-03-12,29.9025
2004-03-15,29.3804
2004-03-16,29.4309
2004-03-17,29.8941
2004-03-18,29.7594
2004-03-19,29.2625
2004-03-22,28.8920
2004-03-23,28.6562
2004-03-24,28.9846
2004-03-25,29.7594
2004-03-26,29.6583
2004-03-29,30.1383
2004-03-30,30.2393
2004-03-31,30.1804
2004-04-01,30.4499
2004-04-02,31.2414
2004-04-05,31.5362
2004-04-06,31.1404
2004-04-07,31.1067
2004-04-08,31.1067
2004-04-12,31.3004
2004-04-13,30.8457
2004-04-14,30.9972
2004-04-15,30.4414
2004-04-16,30.3909
2004-04-19,30.7614
2004-04-20,30.0457
2004-04-21,30.3067
2004-04-22,31.0898
2004-04-23,31.3341
2004-04-26,31.1067
2004-04-27,31.0477
2004-04-28,30.4835
2004-04-29,30.0120
2004-04-30,29.2794
2004-05-03,29.5573
2004-05-04,29.6836
2004-05-05,29.9194
2004-05-06,29.6920
2004-05-07,29.4478
2004-05-10,29.1952
2004-05-11,29.6330
2004-05-12,29.6920
2004-05-13,29.4815
2004-05-14,29.2625
2004-05-17,28.9846
2004-05-18,29.2457
2004-05-19,29.2120
2004-05-20,29.3467
2004-05-21,29.4899
2004-05-24,29.6920
2004-05-25,30.2815
2004-05-26,30.4751
2004-05-27,30.6688
2004-05-28,30.7783
2004-06-01,30.7362
2004-06-02,30.6688
2004-06-03,30.2983
2004-06-04,30.4751
2004-06-07,31.1993
2004-06-08,31.2414
2004-06-09,30.8036
2004-06-10,31.0225
2004-06-14,30.5846
2004-06-15,30.9804
2004-06-16,30.9299
2004-06-17,30.6435
2004-06-18,30.6857
2004-06-21,30.4414
2004-06-22,30.8877
2004-06-23,31.2583
2004-06-24,31.1993
2004-06-25,31.4351
2004-06-28,31.1741
2004-06-29,31.4688
2004-06-30,31.7803
2004-07-01,31.1909
2004-07-02,31.0056
2004-07-06,30.3404
2004-07-07,30.3993
2004-07-08,30.0625
2004-07-09,30.1046
2004-07-12,29.9783
2004-07-13,29.9362
2004-07-14,29.6330
2004-07-15,29.5320
2004-07-16,29.1952
2004-07-19,29.1362
2004-07-20,29.8351
2004-07-21,28.9678
2004-07-22,29.3636
2004-07-23,28.8078
2004-07-26,28.6815
2004-07-27,29.0773
2004-07-28,28.9510
2004-07-29,29.2878
2004-07-30,29.3804
2004-08-02,29.4394
2004-08-03,28.8246
2004-08-04,28.8331
2004-08-05,28.2941
2004-08-06,27.5531
2004-08-09,27.6205
2004-08-10,27.9657
2004-08-11,27.7215
2004-08-12,27.3426
2004-08-13,27.3847
2004-08-16,27.6962
2004-08-17,28.0078
2004-08-18,28.5046
2004-08-19,28.3531
2004-08-20,28.6394
2004-08-23,28.7067
2004-08-24,28.6983
2004-08-25,29.0941
2004-08-26,28.9678
2004-08-27,29.1025
2004-08-30,28.6141
2004-08-31,28.6478
2004-09-01,28.8583
2004-09-02,29.2878
2004-09-03,28.7488
2004-09-07,28.9930
2004-09-08,28.8836
2004-09-09,29.1278
2004-09-10,29.5741
2004-09-13,29.9615
2004-09-14,30.0036
2004-09-15,29.6836
2004-09-16,29.7425
2004-09-17,29.8351
2004-09-20,29.8351
2004-09-21,29.9530
2004-09-22,29.4309
2004-09-23,29.4057
2004-09-24,29.3046
2004-09-27,29.0520
2004-09-28,29.1109
2004-09-29,29.5404
2004-09-30,29.5909
2004-10-01,30.3993
2004-10-04,30.5762
2004-10-05,30.6183
2004-10-06,30.8625
2004-10-07,30.5172
2004-10-08,29.9615
2004-10-11,30.1046
2004-10-12,30.0541
2004-10-13,29.9867
2004-10-14,29.8520
2004-10-15,30.0036
2004-10-18,30.4330
2004-10-19,30.2141
2004-10-20,30.3572
2004-10-21,30.8204
2004-10-22,30.1467
2004-10-25,30.0036
2004-10-26,30.1635
2004-10-27,30.9299
2004-10-28,31.1235
2004-10-29,31.0730
2004-11-01,31.1909
2004-11-02,31.2920
2004-11-03,31.5025
2004-11-04,31.6793
2004-11-05,31.9656
2004-11-08,31.9993
2004-11-09,31.9319
2004-11-10,31.8225
2004-11-11,32.2435
2004-11-12,32.5551
2004-11-15,32.6982
2004-11-16,32.4961
2004-11-17,32.9340
2004-11-18,33.0856
2004-11-19,32.5719
2004-11-22,32.8835
2004-11-23,32.8330
2004-11-24,33.1193
2004-11-26,33.0182
2004-11-29,33.0098
2004-11-30,32.9424
2004-12-01,33.6161
2004-12-02,33.7424
2004-12-03,33.7929
2004-12-06,33.9108
2004-12-07,33.3298
2004-12-08,33.5235
2004-12-09,33.7256
2004-12-10,33.6245
2004-12-13,33.9193
2004-12-14,34.0877
2004-12-15,33.9614
2004-12-16,33.6414
2004-12-17,33.5555
2004-12-20,33.3260
2004-12-21,33.7340
2004-12-22,33.7766
2004-12-23,33.8020
2004-12-27,33.6575
2004-12-28,33.9806
2004-12-29,34.0231
2004-12-30,33.9976
2004-12-31,33.9381
2005-01-03,33.5810
2005-01-04,32.9689
2005-01-05,32.7649
2005-01-06,32.6033
2005-01-07,32.7734
2005-01-10,32.7564
2005-01-11,32.5268
2005-01-12,32.7989
2005-01-13,32.3653
2005-01-14,32.6714
2005-01-18,32.9179
2005-01-19,32.3738
2005-01-20,31.7532
2005-01-21,31.4982
2005-01-24,31.0561
2005-01-25,31.2091
2005-01-26,31.5831
2005-01-27,31.5406
2005-01-28,31.3876
2005-01-31,31.7957
2005-02-01,31.8977
2005-02-02,31.9487
2005-02-03,31.5831
2005-02-04,32.0932
2005-02-07,32.0252
2005-02-08,32.0847
2005-02-09,31.5492
2005-02-10,31.5831
2005-02-11,32.0507
2005-02-14,32.1953
2005-02-15,32.4078
2005-02-16,32.2888
2005-02-17,31.8552
2005-02-18,31.7532
2005-02-22,31.3621
2005-02-23,31.4046
2005-02-24,31.8042
2005-02-25,31.9827
2005-02-28,31.6427
2005-03-01,31.9912
2005-03-02,31.9742
2005-03-03,31.7107
2005-03-04,31.8977
2005-03-07,32.3568
2005-03-08,32.0337
2005-03-09,31.9402
2005-03-10,31.8977
2005-03-11,31.6002
2005-03-14,31.7447
2005-03-15,31.4897
2005-03-16,31.1326
2005-03-17,31.2091
2005-03-18,31.0391
2005-03-21,31.0986
2005-03-22,30.7160
2005-03-23,30.8265
2005-03-24,30.8350
2005-03-28,30.8945
2005-03-29,30.6480
2005-03-30,31.2261
2005-03-31,31.0901
2005-04-01,30.7755
2005-04-04,30.9965
2005-04-05,31.0816
2005-04-06,31.0306
2005-04-07,31.4046
2005-04-08,31.1496
2005-04-11,31.0136
2005-04-12,31.1666
2005-04-13,30.6565
2005-04-14,30.2229
2005-04-15,29.5343
2005-04-18,29.5428
2005-04-19,29.7468
2005-04-20,29.5003
2005-04-21,30.2824
2005-04-22,29.8318
2005-04-25,30.0784
2005-04-26,29.7978
2005-04-27,29.8403
2005-04-28,29.5428
2005-04-29,29.7383
2005-05-02,29.8573
2005-05-03,30.0104
2005-05-04,30.3759
2005-05-05,30.4014
2005-05-06,30.4865
2005-05-09,30.6310
2005-05-10,30.4100
2005-05-11,30.5630
2005-05-12,30.4780
2005-05-13,30.8095
2005-05-16,31.0136
2005-05-17,31.2006
2005-05-18,31.6257
2005-05-19,31.8892
2005-05-20,32.0167
2005-05-23,32.1783
2005-05-24,32.2803
2005-05-25,32.1443
2005-05-26,32.4673
2005-05-27,32.4843
2005-05-31,32.3738
2005-06-01,32.6374
2005-06-02,32.8669
2005-06-03,32.3908
2005-06-06,32.3993
2005-06-07,32.1273
2005-06-08,32.0592
2005-06-09,32.2633
2005-06-10,31.9232
2005-06-13,32.0762
2005-06-14,31.9487
2005-06-15,32.0507
2005-06-16,32.2208
2005-06-17,32.2250
2005-06-20,32.2250
2005-06-21,32.2080
2005-06-22,32.1740
2005-06-23,31.8166
2005-06-24,31.4592
2005-06-27,31.3145
2005-06-28,31.6123
2005-06-29,31.5443
2005-06-30,31.2975
2005-07-01,31.2550
2005-07-05,31.5783
2005-07-06,31.4251
2005-07-07,31.5358
2005-07-08,32.1399
2005-07-11,32.4378
2005-07-12,32.5909
2005-07-13,32.6675
2005-07-14,32.9909
2005-07-15,33.0930
2005-07-18,32.9568
2005-07-19,33.3398
2005-07-20,33.5780
2005-07-21,33.5865
2005-07-22,33.5440
2005-07-25,33.4163
2005-07-26,33.5440
2005-07-27,33.7993
2005-07-28,33.9609
2005-07-29,33.6801
2005-08-01,33.7397
2005-08-02,34.1056
2005-08-03,34.0886
2005-08-04,33.7567
2005-08-05,33.5950
2005-08-08,33.3483
2005-08-09,33.5695
2005-08-10,33.2802
2005-08-11,33.5525
2005-08-12,33.3653
2005-08-15,33.5695
2005-08-16,33.0249
2005-08-17,33.2206
2005-08-18,33.0504
2005-08-19,33.0334
2005-08-22,33.0504
2005-08-23,32.9568
2005-08-24,32.7611
2005-08-25,32.8377
2005-08-26,32.7271
2005-08-29,32.9824
2005-08-30,32.8632
2005-08-31,33.1696
2005-09-01,33.1185
2005-09-02,32.9909
2005-09-06,33.4759
2005-09-07,33.5355
2005-09-08,33.5270
2005-09-09,33.7142
2005-09-12,33.8078
2005-09-13,33.7227
2005-09-14,33.3398
2005-09-15,33.3227
2005-09-16,33.5270
2005-09-19,33.2632
2005-09-20,33.1270
2005-09-21,32.7611
2005-09-22,32.8802
2005-09-23,32.9739
2005-09-26,32.9824
2005-09-27,32.9058
2005-09-28,32.9143
2005-09-29,33.3568
2005-09-30,33.5780
2005-10-03,33.6631
2005-10-04,33.4419
2005-10-05,32.9824
2005-10-06,32.5484
2005-10-07,32.6250
2005-10-10,32.4462
2005-10-11,32.2846
2005-10-12,31.9017
2005-10-13,32.1484
2005-10-14,32.3867
2005-10-17,32.4888
2005-10-18,32.2591
2005-10-19,32.9058
2005-10-20,32.5994
2005-10-21,32.8037
2005-10-24,33.3227
2005-10-25,33.1951
2005-10-26,33.0249
2005-10-27,32.3612
2005-10-28,32.6079
2005-10-31,33.0760
2005-11-01,33.0504
2005-11-02,33.4844
2005-11-03,33.9865
2005-11-04,34.1056
2005-11-07,34.1481
2005-11-08,34.1566
2005-11-09,34.1737
2005-11-10,34.5481
2005-11-11,34.6417
2005-11-14,34.6417
2005-11-15,34.4800
2005-11-16,34.6928
2005-11-17,35.1523
2005-11-18,35.2714
2005-11-21,35.3565
2005-11-22,35.4841
2005-11-23,35.5692
2005-11-25,35.6458
2005-11-28,35.3480
2005-11-29,35.1778
2005-11-30,35.0927
2005-12-01,35.7479
2005-12-02,35.8330
2005-12-05,35.5692
2005-12-06,35.6883
2005-12-07,35.6203
2005-12-08,35.3650
2005-12-09,35.5011
2005-12-12,35.6288
2005-12-13,35.7734
2005-12-14,35.6543
2005-12-15,35.7139
2005-12-16,35.4673
2005-12-19,34.9044
2005-12-20,34.9300
2005-12-21,35.0835
2005-12-22,35.3138
2005-12-23,35.3138
2005-12-27,35.0068
2005-12-28,34.9641
2005-12-29,34.7338
2005-12-30,34.4693
2006-01-03,35.2370
2006-01-04,35.6038
2006-01-05,35.7574
2006-01-06,36.4057
2006-01-09,36.5507
2006-01-10,36.5762
2006-01-11,36.8577
2006-01-12,36.6786
2006-01-13,36.6616
2006-01-17,36.4227
2006-01-18,36.0047
2006-01-19,36.2692
2006-01-20,35.1859
2006-01-23,35.1944
2006-01-24,35.3479
2006-01-25,35.1944
2006-01-26,35.4418
2006-01-27,35.9194
2006-01-30,35.9877
2006-01-31,35.8256
2006-02-01,35.9536
2006-02-02,35.3394
2006-02-03,34.9044
2006-02-06,34.8106
2006-02-07,34.6570
2006-02-08,35.0579
2006-02-09,34.7253
2006-02-10,34.9385
2006-02-13,34.5376
2006-02-14,34.8873
2006-02-15,35.1091
2006-02-16,35.4332
2006-02-17,35.1518
2006-02-21,34.7594
2006-02-22,35.1944
2006-02-23,35.1006
2006-02-24,35.1944
2006-02-27,35.5868
2006-02-28,35.0579
2006-03-01,35.5356
2006-03-02,35.5612
2006-03-03,35.3565
2006-03-06,35.0494
2006-03-07,34.8447
2006-03-08,34.8617
2006-03-09,34.5632
2006-03-10,34.5973
2006-03-13,34.6997
2006-03-14,35.2882
2006-03-15,35.5868
2006-03-16,35.2882
2006-03-17,35.3813
2006-03-20,35.4666
2006-03-21,35.0911
2006-03-22,35.1764
2006-03-23,35.0740
2006-03-24,35.2532
2006-03-27,35.2618
2006-03-28,35.1167
2006-03-29,35.7825
2006-03-30,35.8934
2006-03-31,35.7910
2006-04-03,35.8337
2006-04-04,36.0300
2006-04-05,36.3714
2006-04-06,36.4739
2006-04-07,36.1239
2006-04-10,36.0727
2006-04-11,35.7825
2006-04-12,35.7910
2006-04-13,35.9361
2006-04-17,35.5605
2006-04-18,36.2434
2006-04-19,36.4056
2006-04-20,36.2775
2006-04-21,35.8508
2006-04-24,35.8166
2006-04-25,35.7398
2006-04-26,35.7312
2006-04-27,36.0727
2006-04-28,35.7227
2006-05-01,35.3727
2006-05-02,35.4666
2006-05-03,35.4154
2006-05-04,35.7056
2006-05-05,35.9873
2006-05-08,36.0215
2006-05-09,35.8849
2006-05-10,35.5691
2006-05-11,34.7752
2006-05-12,34.3057
2006-05-15,34.2801
2006-05-16,34.0241
2006-05-17,33.5631
2006-05-18,33.3327
2006-05-19,33.5887
2006-05-22,33.2644
2006-05-23,32.9400
2006-05-24,33.1619
2006-05-25,33.5973
2006-05-26,33.7082
2006-05-30,32.9827
2006-05-31,33.1363
2006-06-01,33.9216
2006-06-02,33.8363
2006-06-05,33.1022
2006-06-06,33.0766
2006-06-07,32.8290
2006-06-08,32.7778
2006-06-09,32.5644
2006-06-12,31.9242
2006-06-13,31.7962
2006-06-14,32.1206
2006-06-15,32.9912
2006-06-16,32.7486
2006-06-19,32.4838
2006-06-20,32.5266
2006-06-21,33.0391
2006-06-22,32.6205
2006-06-23,32.5864
2006-06-26,32.6718
2006-06-27,32.0568
2006-06-28,32.2959
2006-06-29,33.2782
2006-06-30,33.1159
2006-07-03,33.3124
2006-07-05,32.5864
2006-07-06,32.5522
2006-07-07,32.1934
2006-07-10,31.9116
2006-07-11,32.1507
2006-07-12,31.5443
2006-07-13,31.0147
2006-07-14,30.6987
2006-07-17,30.7755
2006-07-18,30.8780
2006-07-19,31.2795
2006-07-20,30.8182
2006-07-21,30.4936
2006-07-24,31.1001
2006-07-25,31.2795
2006-07-26,31.2538
2006-07-27,31.0488
2006-07-28,31.6980
2006-07-31,31.6895
2006-08-01,31.1599
2006-08-02,31.5101
2006-08-03,31.7065
2006-08-04,31.5613
2006-08-07,31.3563
2006-08-08,31.1599
2006-08-09,31.2026
2006-08-10,31.4247
2006-08-11,31.2026
2006-08-14,31.4076
2006-08-15,32.2020
2006-08-16,32.9622
2006-08-17,33.0817
2006-08-18,33.1330
2006-08-21,32.8169
2006-08-22,32.8255
2006-08-23,32.5778
2006-08-24,32.6718
2006-08-25,32.7316
2006-08-28,32.9793
2006-08-29,33.0817
2006-08-30,33.2355
2006-08-31,33.2013
2006-09-01,33.3807
2006-09-05,33.7053
2006-09-06,33.0305
2006-09-07,32.8768
2006-09-08,33.0732
2006-09-11,33.2782
2006-09-12,33.8932
2006-09-13,34.1238
2006-09-14,34.1580
2006-09-15,34.2802
2006-09-18,34.2888
2006-09-19,34.0580
2006-09-20,34.5537
2006-09-21,34.3400
2006-09-22,34.0751
2006-09-25,34.6734
2006-09-26,34.8443
2006-09-27,34.8016
2006-09-28,34.8956
2006-09-29,34.7417
2006-10-02,34.3059
2006-10-03,34.4511
2006-10-04,35.2973
2006-10-05,35.4682
2006-10-06,35.3913
2006-10-09,35.5109
2006-10-10,35.5708
2006-10-11,35.5024
2006-10-12,36.0664
2006-10-13,36.2630
2006-10-16,36.2972
2006-10-17,35.8955
2006-10-18,35.7246
2006-10-19,35.8101
2006-10-20,35.8955
2006-10-23,36.2630
2006-10-24,36.0152
2006-10-25,36.2630
2006-10-26,36.5963
2006-10-27,36.0750
2006-10-30,36.3058
2006-10-31,36.3912
2006-11-01,35.8955
2006-11-02,35.9297
2006-11-03,35.8357
2006-11-06,36.3570
2006-11-07,36.6049
2006-11-08,36.7758
2006-11-09,36.6049
2006-11-10,36.7758
2006-11-13,37.1519
2006-11-14,37.5450
2006-11-15,37.6988
2006-11-16,37.8612
2006-11-17,37.8612
2006-11-20,37.9381
2006-11-21,37.9894
2006-11-22,38.2287
2006-11-24,38.1604
2006-11-27,37.2972
2006-11-28,37.4083
2006-11-29,37.6647
2006-11-30,37.6390
2006-12-01,37.3143
2006-12-04,37.8270
2006-12-05,37.9638
2006-12-06,37.8270
2006-12-07,37.3484
2006-12-08,37.5194
2006-12-11,37.6561
2006-12-12,37.4339
2006-12-13,37.5023
2006-12-14,37.9211
2006-12-15,38.0186
2006-12-18,37.6421
2006-12-19,37.5223
2006-12-20,37.3854
2006-12-21,37.1201
2006-12-22,36.7351
2006-12-26,36.8891
2006-12-27,37.0773
2006-12-28,36.8976
2006-12-29,36.9319
2007-01-03,37.0003
2007-01-04,37.7020
2007-01-05,37.5223
2007-01-08,37.5480
2007-01-09,37.7362
2007-01-10,38.1812
2007-01-11,38.5748
2007-01-12,38.7716
2007-01-16,38.7459
2007-01-17,38.4293
2007-01-18,37.7191
2007-01-19,37.7961
2007-01-22,37.3854
2007-01-23,37.2913
2007-01-24,37.9074
2007-01-25,37.4196
2007-01-26,37.2827
2007-01-29,37.3169
2007-01-30,37.3341
2007-01-31,37.7106
2007-02-01,37.6507
2007-02-02,37.7876
2007-02-05,37.7533
2007-02-06,37.7020
2007-02-07,38.0443
2007-02-08,38.0357
2007-02-09,37.5480
2007-02-12,37.4025
2007-02-13,37.5309
2007-02-14,38.1641
2007-02-15,38.3866
2007-02-16,38.2582
2007-02-20,38.5491
2007-02-21,38.6689
2007-02-22,38.8657
2007-02-23,38.7288
2007-02-26,38.5406
2007-02-27,36.9575
2007-02-28,37.0773
2007-03-01,36.9062
2007-03-02,36.3500
2007-03-05,36.0676
2007-03-06,36.6666
2007-03-07,36.5211
2007-03-08,36.7693
2007-03-09,36.7351
2007-03-12,36.9747
2007-03-13,36.2559
2007-03-14,36.7864
2007-03-15,36.7008
2007-03-16,36.6726
2007-03-19,37.0493
2007-03-20,37.3148
2007-03-21,38.0340
2007-03-22,37.8970
2007-03-23,37.7771
2007-03-26,37.9312
2007-03-27,37.6658
2007-03-28,37.2634
2007-03-29,37.3062
2007-03-30,37.2719
2007-04-02,37.3233
2007-04-03,37.8114
2007-04-04,37.9655
2007-04-05,38.1539
2007-04-09,38.0597
2007-04-10,38.2566
2007-04-11,37.8542
2007-04-12,38.1539
2007-04-13,38.2309
2007-04-16,38.5820
2007-04-17,38.6676
2007-04-18,38.5392
2007-04-19,38.6590
2007-04-20,38.8731
2007-04-23,38.9330
2007-04-24,39.1300
2007-04-25,39.6523
2007-04-26,39.8578
2007-04-27,39.8749
2007-04-30,39.3526
2007-05-01,39.3183
2007-05-02,39.7465
2007-05-03,39.8920
2007-05-04,39.9263
2007-05-07,39.9263
2007-05-08,40.0119
2007-05-09,40.0975
2007-05-10,39.5495
2007-05-11,40.0547
2007-05-14,39.7807
2007-05-15,39.4725
2007-05-16,39.8578
2007-05-17,39.6694
2007-05-18,39.9948
2007-05-21,40.2516
2007-05-22,40.2859
2007-05-23,40.0975
2007-05-24,39.5238
2007-05-25,39.7721
2007-05-29,40.0804
2007-05-30,40.4058
2007-05-31,40.5941
2007-06-01,40.6198
2007-06-04,40.7397
2007-06-05,40.7397
2007-06-06,40.3030
2007-06-07,39.6780
2007-06-08,40.1660
2007-06-11,40.0890
2007-06-12,39.8492
2007-06-13,40.2859
2007-06-14,40.5513
2007-06-15,40.9258
2007-06-18,40.9344
2007-06-19,40.9258
2007-06-20,40.5402
2007-06-21,40.9087
2007-06-22,40.5230
2007-06-25,40.3517
2007-06-26,40.1203
2007-06-27,40.7373
2007-06-28,40.7201
2007-06-29,40.7887
2007-07-02,41.1571
2007-07-03,41.3971
2007-07-05,41.6970
2007-07-06,41.8684
2007-07-09,41.8941
2007-07-10,41.5428
2007-07-11,41.8255
2007-07-12,42.4682
2007-07-13,42.7596
2007-07-16,42.7167
2007-07-17,43.0423
2007-07-18,42.9909
2007-07-19,43.1195
2007-07-20,42.8881
2007-07-23,42.9052
2007-07-24,42.2711
2007-07-25,42.3311
2007-07-26,41.9712
2007-07-27,41.1229
2007-07-30,41.6028
2007-07-31,40.7287
2007-08-01,41.0458
2007-08-02,41.4228
2007-08-03,40.6344
2007-08-06,41.1057
2007-08-07,41.3971
2007-08-08,41.8512
2007-08-09,40.8830
2007-08-10,40.5145
2007-08-13,40.7887
2007-08-14,40.0946
2007-08-15,39.3319
2007-08-16,38.9463
2007-08-17,39.6833
2007-08-20,39.8718
2007-08-21,40.2917
2007-08-22,40.8401
2007-08-23,40.7287
2007-08-24,41.3028
2007-08-27,41.0286
2007-08-28,40.0518
2007-08-29,41.2000
2007-08-30,41.4142
2007-08-31,41.8770
2007-09-04,42.5710
2007-09-05,42.1426
2007-09-06,42.1083
2007-09-07,41.3285
2007-09-10,41.3028
2007-09-11,41.9284
2007-09-12,41.9369
2007-09-13,42.1426
2007-09-14,42.1769
2007-09-17,41.8255
2007-09-18,42.8795
2007-09-19,42.9909
2007-09-20,42.8709
2007-09-21,43.1762
2007-09-24,43.3734
2007-09-25,43.7849
2007-09-26,43.9992
2007-09-27,44.2222
2007-09-28,44.0764
2007-10-01,44.5823
2007-10-02,44.5908
2007-10-03,44.2822
2007-10-04,44.3850
2007-10-05,45.2853
2007-10-08,45.5682
2007-10-09,45.7654
2007-10-10,45.8768
2007-10-11,45.1481
2007-10-12,45.8940
2007-10-15,45.5425
2007-10-16,45.3281
2007-10-17,45.9111
2007-10-18,46.1083
2007-10-19,44.9595
2007-10-22,45.4996
2007-10-23,46.4512
2007-10-24,46.0997
2007-10-25,45.4824
2007-10-26,46.2369
2007-10-29,46.4256
2007-10-30,46.5199
2007-10-31,47.1800
2007-11-01,46.2969
2007-11-02,46.6570
2007-11-05,46.3570
2007-11-06,46.8799
2007-11-07,45.7397
2007-11-08,44.3507
2007-11-09,42.8675
2007-11-12,41.7787
2007-11-13,43.5020
2007-11-14,42.9447
2007-11-15,42.7132
2007-11-16,43.1076
2007-11-19,42.6103
2007-11-20,42.7818
2007-11-21,42.2760
2007-11-23,42.7304
2007-11-26,41.9930
2007-11-27,42.8332
2007-11-28,44.1364
2007-11-29,44.3250
2007-11-30,43.9907
2007-12-03,43.6220
2007-12-04,43.4419
2007-12-05,44.2222
2007-12-06,44.8566
2007-12-07,44.8652
2007-12-10,45.0452
2007-12-11,43.9992
2007-12-12,44.3936
2007-12-13,44.1535
2007-12-14,43.6992
2007-12-17,42.6360
2007-12-18,42.7732
2007-12-19,42.7646
2007-12-20,43.6391
2007-12-21,44.5000
2007-12-24,44.8347
2007-12-26,45.0578
2007-12-27,44.5171
2007-12-28,44.4742
2007-12-31,43.9593
2008-01-02,43.2641
2008-01-03,43.4443
2008-01-04,41.5390
2008-01-07,41.3416
2008-01-08,40.2688
2008-01-09,41.1270
2008-01-10,41.1872
2008-01-11,40.3804
2008-01-14,41.0842
2008-01-15,39.9513
2008-01-16,39.5221
2008-01-17,38.9729
2008-01-18,38.9214
2008-01-22,37.9172
2008-01-23,37.7713
2008-01-24,38.5437
2008-01-25,37.7542
2008-01-28,38.0460
2008-01-29,38.1146
2008-01-30,38.0803
2008-01-31,38.7326
2008-02-01,39.1274
2008-02-04,38.5781
2008-02-05,37.4795
2008-02-06,36.7415
2008-02-07,36.9989
2008-02-08,37.4195
2008-02-11,37.8228
2008-02-12,37.6083
2008-02-13,38.4322
2008-02-14,37.7370
2008-02-15,37.6083
2008-02-19,37.5396
2008-02-20,37.7113
2008-02-21,37.3508
2008-02-22,37.4881
2008-02-25,37.6769
2008-02-26,37.8228
2008-02-27,38.0116
2008-02-28,37.8657
2008-02-29,36.8616
2008-03-03,36.6213
2008-03-04,36.8273
2008-03-05,37.0075
2008-03-06,36.1922
2008-03-07,36.1063
2008-03-10,35.4112
2008-03-11,36.7586
2008-03-12,36.6556
2008-03-13,36.9388
2008-03-14,36.2608
2008-03-17,35.6000
2008-03-18,37.1877
2008-03-19,36.2694
2008-03-20,37.0107
2008-03-24,38.2904
2008-03-25,38.5051
2008-03-26,38.3935
2008-03-27,37.5432
2008-03-28,37.3542
2008-03-31,37.5518
2008-04-01,39.1579
2008-04-02,39.0721
2008-04-03,39.1579
2008-04-04,39.3898
2008-04-07,39.3039
2008-04-08,39.0033
2008-04-09,38.5653
2008-04-10,39.1150
2008-04-11,38.0328
2008-04-14,37.8610
2008-04-15,37.9125
2008-04-16,38.9690
2008-04-17,38.8831
2008-04-18,40.1199
2008-04-21,40.4034
2008-04-22,39.8021
2008-04-23,40.2402
2008-04-24,40.6009
2008-04-25,40.4978
2008-04-28,40.5752
2008-04-29,40.8843
2008-04-30,40.5494
2008-05-01,41.8292
2008-05-02,41.8893
2008-05-05,41.7690
2008-05-06,42.0267
2008-05-07,41.2623
2008-05-08,41.5715
2008-05-09,41.4083
2008-05-12,42.1641
2008-05-13,42.2758
2008-05-14,42.1813
2008-05-15,42.9200
2008-05-16,42.9543
2008-05-19,42.6451
2008-05-20,42.3187
2008-05-21,41.3825
2008-05-22,41.5285
2008-05-23,41.3997
2008-05-27,42.1298
2008-05-28,42.3016
2008-05-29,42.6795
2008-05-30,42.9543
2008-06-02,42.4304
2008-06-03,42.1985
2008-06-04,42.7396
2008-06-05,43.4182
2008-06-06,42.1126
2008-06-09,41.8893
2008-06-10,41.6917
2008-06-11,40.6868
2008-06-12,40.7297
2008-06-13,41.5457
2008-06-16,41.9150
2008-06-17,41.6917
2008-06-18,41.2451
2008-06-19,41.8893
2008-06-20,40.7582
2008-06-23,40.4402
2008-06-24,40.2339
2008-06-25,40.8871
2008-06-26,39.2368
2008-06-27,39.2368
2008-06-30,38.8242
2008-07-01,39.3744
2008-07-02,38.4289
2008-07-03,38.3601
2008-07-07,38.5922
2008-07-08,39.5119
2008-07-09,38.4633
2008-07-10,38.9188
2008-07-11,38.2999
2008-07-14,38.0163
2008-07-15,38.0249
2008-07-16,38.9704
2008-07-17,39.2282
2008-07-18,38.3258
2008-07-21,38.4890
2008-07-22,38.4890
2008-07-23,38.9962
2008-07-24,38.4117
2008-07-25,38.9102
2008-07-28,38.1796
2008-07-29,38.9704
2008-07-30,39.1681
2008-07-31,39.0735
2008-08-01,38.5750
2008-08-04,38.1882
2008-08-05,39.4775
2008-08-06,40.0791
2008-08-07,39.7697
2008-08-08,40.6722
2008-08-11,41.0418
2008-08-12,41.0848
2008-08-13,40.9988
2008-08-14,41.4716
2008-08-15,41.3942
2008-08-18,40.9129
2008-08-19,40.4058
2008-08-20,40.4745
2008-08-21,40.2854
2008-08-22,40.8183
2008-08-25,39.9588
2008-08-26,39.9072
2008-08-27,40.1651
2008-08-28,40.4917
2008-08-29,39.6408
2008-09-02,39.1509
2008-09-03,38.7813
2008-09-04,37.5264
2008-09-05,37.3459
2008-09-08,37.2771
2008-09-09,36.4864
2008-09-10,36.7872
2008-09-11,37.4748
2008-09-12,37.3287
2008-09-15,36.1684
2008-09-16,36.4520
2008-09-17,34.5611
2008-09-18,35.7300
2008-09-19,36.8980
2008-09-22,35.1606
2008-09-23,34.8940
2008-09-24,35.1348
2008-09-25,35.6939
2008-09-26,35.3327
2008-09-29,32.5287
2008-09-30,33.4662
2008-10-01,33.1136
2008-10-02,31.6085
2008-10-03,31.1182
2008-10-06,29.9829
2008-10-07,28.0821
2008-10-08,27.8584
2008-10-09,27.1101
2008-10-10,26.9381
2008-10-13,30.2151
2008-10-14,28.9078
2008-10-15,26.3189
2008-10-16,27.7466
2008-10-17,27.7810
2008-10-20,28.5551
2008-10-21,27.0757
2008-10-22,26.3275
2008-10-23,26.2242
2008-10-24,25.3814
2008-10-27,24.6761
2008-10-28,27.4026
2008-10-29,27.3338
2008-10-30,28.2455
2008-10-31,28.2885
2008-11-03,28.2283
2008-11-04,29.0282
2008-11-05,27.5144
2008-11-06,26.2845
2008-11-07,26.8263
2008-11-10,26.4651
2008-11-11,25.8888
2008-11-12,24.6933
2008-11-13,26.1985
2008-11-14,24.9255
2008-11-17,24.4009
2008-11-18,24.3751
2008-11-19,23.1021
2008-11-20,21.9840
2008-11-21,22.9387
2008-11-24,24.3406
2008-11-25,24.2288
2008-11-26,25.2438
2008-11-28,25.0459
2008-12-01,23.1623
2008-12-02,23.9364
2008-12-03,24.6159
2008-12-04,23.9192
2008-12-05,24.8911
2008-12-08,25.8716
2008-12-09,25.8114
2008-12-10,25.7254
2008-12-11,25.0201
2008-12-12,25.5276
2008-12-15,25.0803
2008-12-16,26.2845
2008-12-17,25.9662
2008-12-18,25.5104
2008-12-19,25.7197
2008-12-22,25.1598
2008-12-23,25.0306
2008-12-24,25.0995
2008-12-26,25.0909
2008-12-29,24.8842
2008-12-30,25.4010
2008-12-31,25.6163
2009-01-02,26.7275
2009-01-05,26.7188
2009-01-06,26.9859
2009-01-07,26.2193
2009-01-08,26.4949
2009-01-09,25.9006
2009-01-12,25.4268
2009-01-13,25.4354
2009-01-14,24.6602
2009-01-15,25.0651
2009-01-16,25.3407
2009-01-20,24.0831
2009-01-21,25.1081
2009-01-22,24.7722
2009-01-23,24.8928
2009-01-26,25.0737
2009-01-27,25.2546
2009-01-28,26.1417
2009-01-29,25.4785
2009-01-30,25.0306
2009-02-02,25.3321
2009-02-03,25.7283
2009-02-04,25.7628
2009-02-05,26.3312
2009-02-06,27.0203
2009-02-09,27.1323
2009-02-10,26.1331
2009-02-11,26.0125
2009-02-12,26.3312
2009-02-13,26.2107
2009-02-17,25.1684
2009-02-18,25.1856
2009-02-19,24.7981
2009-02-20,24.8670
2009-02-23,23.9970
2009-02-24,24.7894
2009-02-25,24.6258
2009-02-26,23.9367
2009-02-27,23.7127
2009-03-02,22.9462
2009-03-03,22.9289
2009-03-04,23.5405
2009-03-05,22.8342
2009-03-06,22.6533
2009-03-09,22.1709
2009-03-10,23.5405
2009-03-11,23.9023
2009-03-12,24.6947
2009-03-13,24.7550
2009-03-16,24.3415
2009-03-17,25.2632
2009-03-18,25.5819
2009-03-19,25.5646
2009-03-20,25.1755
2009-03-23,26.6595
2009-03-24,26.1677
2009-03-25,26.2885
2009-03-26,27.0995
2009-03-27,26.5905
2009-03-30,25.9348
2009-03-31,26.1591
2009-04-01,26.5473
2009-04-02,27.4015
2009-04-03,27.9105
2009-04-06,27.8415
2009-04-07,27.1081
2009-04-08,27.5654
2009-04-09,28.4195
2009-04-13,28.3764
2009-04-14,28.0313
2009-04-15,27.9536
2009-04-16,28.6784
2009-04-17,28.7388
2009-04-20,27.8156
2009-04-21,28.2038
2009-04-22,28.2901
2009-04-23,28.5662
2009-04-24,29.0666
2009-04-27,29.1011
2009-04-28,28.8854
2009-04-29,29.2823
2009-04-30,29.5756
2009-05-01,29.6533
2009-05-04,30.2400
2009-05-05,30.2141
2009-05-06,30.2227
2009-05-07,29.5153
2009-05-08,29.5325
2009-05-11,29.6360
2009-05-12,29.2737
2009-05-13,28.4886
2009-05-14,28.8078
2009-05-15,28.7905
2009-05-18,29.5411
2009-05-19,29.6792
2009-05-20,29.5756
2009-05-21,29.0321
2009-05-22,28.9372
2009-05-26,30.0157
2009-05-27,29.8086
2009-05-28,30.1537
2009-05-29,30.5247
2009-06-01,31.3961
2009-06-02,31.4392
2009-06-03,31.3443
2009-06-04,31.6980
2009-06-05,31.7326
2009-06-08,31.6376
2009-06-09,31.8792
2009-06-10,31.7671
2009-06-11,31.7671
2009-06-12,31.6204
2009-06-15,30.9733
2009-06-16,30.6714
2009-06-17,30.9647
2009-06-18,30.9043
2009-06-19,31.2360
2009-06-22,30.3031
2009-06-23,30.2340
2009-06-24,30.7436
2009-06-25,31.3483
2009-06-26,31.4174
2009-06-29,31.4865
2009-06-30,31.4261
2009-07-01,31.4433
2009-07-02,30.7523
2009-07-06,30.5882
2009-07-07,29.8280
2009-07-08,29.9835
2009-07-09,30.0353
2009-07-10,30.1649
2009-07-13,30.7436
2009-07-14,30.8559
2009-07-15,31.8925
2009-07-16,32.2726
2009-07-17,32.4454
2009-07-20,32.7563
2009-07-21,32.9810
2009-07-22,33.2574
2009-07-23,33.9916
2009-07-24,33.7325
2009-07-27,33.9916
2009-07-28,33.7584
2009-07-29,33.9830
2009-07-30,34.1817
2009-07-31,34.0780
2009-08-03,34.5877
2009-08-04,34.5877
2009-08-05,34.3199
2009-08-06,34.0175
2009-08-07,34.4494
2009-08-10,34.2076
2009-08-11,33.9139
2009-08-12,34.4408
2009-08-13,34.6309
2009-08-14,34.2335
2009-08-17,33.2401
2009-08-18,33.7152
2009-08-19,33.9484
2009-08-20,34.3458
2009-08-21,34.8036
2009-08-24,34.7691
2009-08-25,34.8727
2009-08-26,34.8122
2009-08-27,34.8986
2009-08-28,34.9332
2009-08-31,34.5790
2009-09-01,33.9312
2009-09-02,33.9053
2009-09-03,34.1298
2009-09-04,34.8641
2009-09-08,35.1923
2009-09-09,35.4947
2009-09-10,35.8316
2009-09-11,35.8661
2009-09-14,36.0043
2009-09-15,36.1166
2009-09-16,36.6436
2009-09-17,36.6349
2009-09-18,36.6963
2009-09-21,36.8087
2009-09-22,36.8779
2009-09-23,36.7050
2009-09-24,36.3764
2009-09-25,36.0565
2009-09-28,36.6704
2009-09-29,36.5061
2009-09-30,36.5320
2009-10-01,35.4512
2009-10-02,35.3474
2009-10-05,35.6328
2009-10-06,36.2640
2009-10-07,36.3678
2009-10-08,36.5234
2009-10-09,36.7309
2009-10-12,36.8087
2009-10-13,36.8174
2009-10-14,37.3189
2009-10-15,37.2324
2009-10-16,36.9903
2009-10-19,37.3621
2009-10-20,37.3708
2009-10-21,37.3016
2009-10-22,37.4486
2009-10-23,37.2929
2009-10-26,37.1719
2009-10-27,36.6098
2009-10-28,35.7884
2009-10-29,36.3937
2009-10-30,35.4166
2009-11-02,35.5636
2009-11-03,35.6760
2009-11-04,35.7365
2009-11-05,36.6185
2009-11-06,36.8347
2009-11-09,37.6215
2009-11-10,37.7166
2009-11-11,37.9587
2009-11-12,37.7426
2009-11-13,38.0538
2009-11-16,38.4429
2009-11-17,38.5640
2009-11-18,38.3478
2009-11-19,37.7512
2009-11-20,37.5610
2009-11-23,38.1663
2009-11-24,38.0366
2009-11-25,38.2008
2009-11-27,37.6215
2009-11-30,37.6648
2009-12-01,38.0538
2009-12-02,38.1057
2009-12-03,37.9501
2009-12-04,38.1490
2009-12-07,37.9674
2009-12-08,37.7339
2009-12-09,38.1144
2009-12-10,38.3046
2009-12-11,38.1576
2009-12-14,38.5208
2009-12-15,38.3046
2009-12-16,38.3565
2009-12-17,37.8896
2009-12-18,38.5071
2009-12-21,38.9401
2009-12-22,39.1740
2009-12-23,39.4598
2009-12-24,39.8236
2009-12-28,40.0314
2009-12-29,39.8669
2009-12-30,39.9881
2009-12-31,39.6244
2010-01-04,40.2047
2010-01-05,40.2047
2010-01-06,39.9622
2010-01-07,39.9881
2010-01-08,40.3173
2010-01-11,40.1527
2010-01-12,39.6503
2010-01-13,40.1440
2010-01-14,40.1787
2010-01-15,39.7110
2010-01-19,40.3519
2010-01-20,39.7716
2010-01-21,39.3992
2010-01-22,38.2473
2010-01-25,38.3772
2010-01-26,38.4118
2010-01-27,38.7150
2010-01-28,37.7189
2010-01-29,37.0607
2010-02-01,37.4678
2010-02-02,37.8056
2010-02-03,38.0134
2010-02-04,36.9135
2010-02-05,37.2252
2010-02-08,36.9568
2010-02-09,37.3378
2010-02-10,37.2599
2010-02-11,37.8229
2010-02-12,37.9008
2010-02-16,38.3858
2010-02-17,38.6024
2010-02-18,38.8449
2010-02-19,38.8275
2010-02-22,38.7496
2010-02-23,38.2473
2010-02-24,38.6370
2010-02-25,38.6284
2010-02-26,38.7669
2010-03-01,39.3299
2010-03-02,39.4512
2010-03-03,39.4945
2010-03-04,39.6244
2010-03-05,40.2220
2010-03-08,40.2999
2010-03-09,40.5251
2010-03-10,40.8542
2010-03-11,41.0101
2010-03-12,41.0188
2010-03-15,40.9149
2010-03-16,41.1747
2010-03-17,41.2873
2010-03-18,41.4259
2010-03-19,41.1753
2010-03-22,41.5481
2010-03-23,41.8343
2010-03-24,41.6348
2010-03-25,41.5741
2010-03-26,41.6175
2010-03-29,41.8169
2010-03-30,41.9556
2010-03-31,41.7562
2010-04-01,41.7562
2010-04-05,42.1464
2010-04-06,42.2678
2010-04-07,42.1637
2010-04-08,42.2591
2010-04-09,42.5105
2010-04-12,42.5452
2010-04-13,42.7620
2010-04-14,43.2735
2010-04-15,43.4643
2010-04-16,42.9440
2010-04-19,42.9180
2010-04-20,43.1348
2010-04-21,43.3776
2010-04-22,43.6203
2010-04-23,43.8024
2010-04-26,43.7070
2010-04-27,42.7793
2010-04-28,42.8053
2010-04-29,43.5510
2010-04-30,42.6926
2010-05-03,43.2909
2010-05-04,41.9903
2010-05-05,41.7736
2010-05-06,40.3776
2010-05-07,39.3719
2010-05-10,41.4181
2010-05-11,41.3747
2010-05-12,42.1551
2010-05-13,41.4874
2010-05-14,40.6898
2010-05-17,40.8198
2010-05-18,40.2562
2010-05-19,39.9354
2010-05-20,38.4528
2010-05-21,38.8777
2010-05-24,38.7216
2010-05-25,38.7563
2010-05-26,38.3228
2010-05-27,39.7707
2010-05-28,39.5366
2010-06-01,39.1725
2010-06-02,40.1002
2010-06-03,40.4817
2010-06-04,39.0944
2010-06-07,38.3835
2010-06-08,38.3141
2010-06-09,37.9933
2010-06-10,39.0771
2010-06-11,39.4499
2010-06-14,39.4412
2010-06-15,40.4990
2010-06-16,40.6638
2010-06-17,40.7938
2010-06-18,40.8277
2010-06-21,40.4802
2010-06-22,40.1675
2010-06-23,40.0024
2010-06-24,39.3944
2010-06-25,39.4022
2010-06-28,39.2629
2010-06-29,37.7485
2010-06-30,37.1740
2010-07-01,37.0696
2010-07-02,36.9651
2010-07-06,37.0783
2010-07-07,38.2620
2010-07-08,38.4709
2010-07-09,38.8365
2010-07-12,38.9496
2010-07-13,39.4544
2010-07-14,39.6546
2010-07-15,39.6894
2010-07-16,38.5928
2010-07-19,38.9235
2010-07-20,39.3935
2010-07-21,38.8539
2010-07-22,39.8374
2010-07-23,40.0898
2010-07-26,40.4206
2010-07-27,40.4032
2010-07-28,40.0811
2010-07-29,39.7852
2010-07-30,39.8722
2010-08-02,40.6208
2010-08-03,40.4467
2010-08-04,40.8557
2010-08-05,40.7600
2010-08-06,40.6991
2010-08-09,40.9776
2010-08-10,40.6208
2010-08-11,39.5154
2010-08-12,39.2020
2010-08-13,38.9235
2010-08-16,38.9932
2010-08-17,39.4893
2010-08-18,39.6459
2010-08-19,39.0454
2010-08-20,39.0976
2010-08-23,38.7146
2010-08-24,37.9922
2010-08-25,38.3578
2010-08-26,37.8965
2010-08-27,38.3578
2010-08-30,37.9574
2010-08-31,37.8268
2010-09-01,38.9583
2010-09-02,39.3935
2010-09-03,40.0463
2010-09-07,39.7765
2010-09-08,40.2552
2010-09-09,40.4118
2010-09-10,40.5598
2010-09-13,41.1256
2010-09-14,41.2997
2010-09-15,41.5607
2010-09-16,41.7261
2010-09-17,41.8675
2010-09-20,42.6003
2010-09-21,42.5916
2010-09-22,42.4781
2010-09-23,42.4607
2010-09-24,43.3244
2010-09-27,43.0889
2010-09-28,43.0714
2010-09-29,43.0016
2010-09-30,42.8097
2010-10-01,42.7574
2010-10-04,42.2950
2010-10-05,43.3244
2010-10-06,42.9493
2010-10-07,43.1063
2010-10-08,43.4029
2010-10-11,43.4204
2010-10-12,43.7170
2010-10-13,44.0747
2010-10-14,43.9874
2010-10-15,44.9209
2010-10-18,44.7552
2010-10-19,44.3364
2010-10-20,44.6592
2010-10-21,44.7465
2010-10-22,45.0518
2010-10-25,45.2699
2010-10-26,45.3920
2010-10-27,45.5316
2010-10-28,45.6276
2010-10-29,45.5229
2010-11-01,45.5578
2010-11-02,46.0464
2010-11-03,46.2558
2010-11-04,46.8228
2010-11-05,46.8228
2010-11-08,46.8839
2010-11-09,46.6309
2010-11-10,46.8664
2010-11-11,46.5698
2010-11-12,45.8108
2010-11-15,45.6363
2010-11-16,44.8860
2010-11-17,45.0169
2010-11-18,45.7410
2010-11-19,45.7759
2010-11-22,46.1598
2010-11-23,45.4269
2010-11-24,46.3430
2010-11-26,46.0376
2010-11-29,46.0028
2010-11-30,45.4444
2010-12-01,46.4041
2010-12-02,46.8752
2010-12-03,46.9973
2010-12-06,46.9799
2010-12-07,47.0060
2010-12-08,47.1805
2010-12-09,47.2241
2010-12-10,47.5382
2010-12-13,47.3724
2010-12-14,47.4597
2010-12-15,47.2503
2010-12-16,47.6167
2010-12-17,47.6587
2010-12-20,47.6936
2010-12-21,47.9821
2010-12-22,47.9734
2010-12-23,47.8510
2010-12-27,47.8772
2010-12-28,47.7898
2010-12-29,47.8947
2010-12-30,47.7810
2010-12-31,47.6062
2011-01-03,48.3493
2011-01-04,48.3143
2011-01-05,48.7251
2011-01-06,48.8825
2011-01-07,48.8388
2011-01-10,49.0223
2011-01-11,49.0923
2011-01-12,49.4419
2011-01-13,49.4594
2011-01-14,49.8266
2011-01-18,49.9664
2011-01-19,49.3982
2011-01-20,49.0486
2011-01-21,48.6727
2011-01-24,49.3458
2011-01-25,49.4157
2011-01-26,49.6780
2011-01-27,49.9839
2011-01-28,48.7164
2011-01-31,48.9524
2011-02-01,49.8703
2011-02-02,49.7916
2011-02-03,49.8790
2011-02-04,50.1588
2011-02-07,50.3948
2011-02-08,50.7269
2011-02-09,50.6395
2011-02-10,50.7182
2011-02-11,51.0853
2011-02-14,51.2077
2011-02-15,51.1378
2011-02-16,51.4700
2011-02-17,51.4525
2011-02-18,51.3389
2011-02-22,49.8528
2011-02-23,49.4419
2011-02-24,49.7042
2011-02-25,50.3948
2011-02-28,50.4997
2011-03-01,49.6867
2011-03-02,49.9490
2011-03-03,50.9367
2011-03-04,50.6745
2011-03-07,49.9927
2011-03-08,50.1937
2011-03-09,49.8528
2011-03-10,49.0748
2011-03-11,49.3807
2011-03-14,49.2059
2011-03-15,48.5066
2011-03-16,47.3352
2011-03-17,47.7723
2011-03-18,47.6647
2011-03-21,48.5838
2011-03-22,48.4963
2011-03-23,48.7676
2011-03-24,49.6343
2011-03-25,49.7568
2011-03-28,49.4854
2011-03-29,49.9669
2011-03-30,50.2033
2011-03-31,50.2733
2011-04-01,50.2995
2011-04-04,50.1332
2011-04-05,50.0019
2011-04-06,50.1245
2011-04-07,50.0895
2011-04-08,49.8531
2011-04-11,49.6868
2011-04-12,49.3454
2011-04-13,49.7656
2011-04-14,49.6780
2011-04-15,49.5905
2011-04-18,49.2403
2011-04-19,49.5467
2011-04-20,50.6672
2011-04-21,51.0699
2011-04-25,51.2012
2011-04-26,51.4901
2011-04-27,51.8402
2011-04-28,51.7614
2011-04-29,51.7177
2011-05-02,51.6214
2011-05-03,51.3763
2011-05-04,51.2975
2011-05-05,51.0174
2011-05-06,51.1837
2011-05-09,51.3763
2011-05-10,51.8140
2011-05-11,51.4375
2011-05-12,51.7439
2011-05-13,51.1312
2011-05-16,50.2470
2011-05-17,50.3871
2011-05-18,50.8073
2011-05-19,50.9561
2011-05-20,50.5709
2011-05-23,49.8268
2011-05-24,49.5205
2011-05-25,49.7130
2011-05-26,50.0194
2011-05-27,50.2733
2011-05-31,51.0874
2011-06-01,49.9757
2011-06-02,50.0807
2011-06-03,49.3279
2011-06-06,48.9252
2011-06-07,48.8377
2011-06-08,48.4875
2011-06-09,48.5750
2011-06-10,47.8310
2011-06-13,47.8310
2011-06-14,48.4437
2011-06-15,47.5246
2011-06-16,47.3408
2011-06-17,47.1925
2011-06-20,47.4381
2011-06-21,48.4559
2011-06-22,48.1049
2011-06-23,48.5524
2011-06-24,47.7101
2011-06-27,48.4734
2011-06-28,49.1928
2011-06-29,49.3946
2011-06-30,50.0526
2011-07-01,50.8071
2011-07-05,51.0616
2011-07-06,51.2283
2011-07-07,51.9301
2011-07-08,51.7898
2011-07-11,50.8510
2011-07-12,50.4650
2011-07-13,50.6755
2011-07-14,50.0877
2011-07-15,50.7545
2011-07-18,50.4825
2011-07-19,51.6319
2011-07-20,51.4125
2011-07-21,51.7547
2011-07-22,52.2899
2011-07-25,52.1846
2011-07-26,52.3162
2011-07-27,50.9651
2011-07-28,51.0528
2011-07-29,50.8861
2011-08-01,50.6492
2011-08-02,49.3683
2011-08-03,49.8421
2011-08-04,47.5259
2011-08-05,47.2276
2011-08-08,44.3850
2011-08-09,46.5257
2011-08-10,44.6218
2011-08-11,46.5871
2011-08-12,46.9995
2011-08-15,47.6926
2011-08-16,47.2890
2011-08-17,47.0082
2011-08-18,44.7008
2011-08-19,43.8937
2011-08-22,44.0516
2011-08-23,45.8677
2011-08-24,46.2274
2011-08-25,45.4729
2011-08-26,46.6134
2011-08-29,47.9119
2011-08-30,48.2277
2011-08-31,48.3067
2011-09-01,47.8681
2011-09-02,46.7450
2011-09-06,46.7538
2011-09-07,47.9382
2011-09-08,47.7189
2011-09-09,46.6573
2011-09-12,47.2539
2011-09-13,47.8856
2011-09-14,48.5699
2011-09-15,49.2893
2011-09-16,49.7411
2011-09-19,49.7587
2011-09-20,49.5390
2011-09-21,48.6776
2011-09-22,47.0954
2011-09-23,47.5964
2011-09-26,48.1502
2011-09-27,48.6512
2011-09-28,47.9304
2011-09-29,47.3591
2011-09-30,46.1374
2011-10-03,44.9507
2011-10-04,45.8736
2011-10-05,47.0515
2011-10-06,47.8426
2011-10-07,47.5261
2011-10-10,49.1698
2011-10-11,49.5038
2011-10-12,49.7499
2011-10-13,50.2070
2011-10-14,51.1387
2011-10-17,50.3476
2011-10-18,50.9717
2011-10-19,49.9873
2011-10-20,49.7411
2011-10-21,50.3652
2011-10-24,51.4112
2011-10-25,50.4004
2011-10-26,50.3388
2011-10-27,51.7276
2011-10-28,51.8067
2011-10-31,50.9365
2011-11-01,49.6093
2011-11-02,50.0312
2011-11-03,51.0684
2011-11-04,50.8047
2011-11-07,51.1651
2011-11-08,51.7540
2011-11-09,49.9345
2011-11-10,49.9081
2011-11-11,50.8486
2011-11-14,50.5322
2011-11-15,51.0948
2011-11-16,50.2509
2011-11-17,49.0731
2011-11-18,48.6952
2011-11-21,47.7634
2011-11-22,47.9217
2011-11-23,46.8405
2011-11-25,46.4801
2011-11-28,48.0975
2011-11-29,47.7986
2011-11-30,49.5653
2011-12-01,49.9081
2011-12-02,49.7675
2011-12-05,50.3125
2011-12-06,50.1718
2011-12-07,50.1718
2011-12-08,49.3280
2011-12-09,50.1191
2011-12-12,49.5566
2011-12-13,49.0116
2011-12-14,48.2469
2011-12-15,48.1150
2011-12-16,48.3628
2011-12-19,47.8867
2011-12-20,49.3060
2011-12-21,48.6008
2011-12-22,49.0151
2011-12-23,49.4383
2011-12-27,49.6227
2011-12-28,49.0492
2011-12-29,49.4021
2011-12-30,49.2609
2012-01-03,50.2050
2012-01-04,50.4168
2012-01-05,50.8315
2012-01-06,51.0079
2012-01-09,50.8403
2012-01-10,51.2109
2012-01-11,51.3168
2012-01-12,51.5197
2012-01-13,51.3344
2012-01-17,51.8020
2012-01-18,52.4903
2012-01-19,52.8167
2012-01-20,52.7373
2012-01-23,52.7550
2012-01-24,52.6579
2012-01-25,53.3197
2012-01-26,53.1344
2012-01-27,53.2932
2012-01-30,53.3373
2012-01-31,53.4079
2012-02-01,53.8403
2012-02-02,54.0079
2012-02-03,54.7491
2012-02-06,54.7049
2012-02-07,54.8196
2012-02-08,55.1108
2012-02-09,55.5079
2012-02-10,55.1196
2012-02-13,55.6314
2012-02-14,55.7726
2012-02-15,55.3843
2012-02-16,56.1431
2012-02-17,55.9667
2012-02-21,56.1255
2012-02-22,55.8696
2012-02-23,56.2402
2012-02-24,56.4343
2012-02-27,56.5137
2012-02-28,57.0872
2012-02-29,56.8314
2012-03-01,57.2814
2012-03-02,57.2373
2012-03-05,56.6461
2012-03-06,56.0902
2012-03-07,56.5225
2012-03-08,57.1314
2012-03-09,57.3696
2012-03-12,57.3961
2012-03-13,58.4637
2012-03-14,58.6666
2012-03-15,58.8343
2012-03-16,58.7927
2012-03-19,59.2081
2012-03-20,59.3142
2012-03-21,59.3230
2012-03-22,59.1993
2012-03-23,59.1639
2012-03-26,60.1980
2012-03-27,60.2864
2012-03-28,60.0478
2012-03-29,59.8180
2012-03-30,59.7031
2012-04-02,60.3218
2012-04-03,60.3041
2012-04-04,59.4821
2012-04-05,59.8533
2012-04-09,59.4026
2012-04-10,58.4480
2012-04-11,58.7309
2012-04-12,59.4026
2012-04-13,58.5011
2012-04-16,57.8470
2012-04-17,59.0225
2012-04-18,58.8723
2012-04-19,58.2094
2012-04-20,58.0503
2012-04-23,57.5200
2012-04-24,57.2107
2012-04-25,58.7309
2012-04-26,59.0756
2012-04-27,59.4291
2012-04-30,59.0048
2012-05-01,59.1021
2012-05-02,59.2700
2012-05-03,58.6425
2012-05-04,57.1842
2012-05-07,57.2372
2012-05-08,57.0251
2012-05-09,56.8483
2012-05-10,56.7334
2012-05-11,56.7246
2012-05-14,56.1943
2012-05-15,56.0087
2012-05-16,55.6286
2012-05-17,54.4531
2012-05-18,53.7460
2012-05-21,55.2486
2012-05-22,55.1867
2012-05-23,55.2928
2012-05-24,54.9304
2012-05-25,54.8597
2012-05-29,55.5579
2012-05-30,55.0895
2012-05-31,54.8508
2012-06-01,53.3925
2012-06-04,53.7991
2012-06-05,54.0200
2012-06-06,55.2574
2012-06-07,55.0364
2012-06-08,55.5667
2012-06-11,54.6299
2012-06-12,55.2928
2012-06-13,54.9127
2012-06-14,55.1160
2012-06-15,55.8008
2012-06-18,56.3234
2012-06-19,56.9081
2012-06-20,56.9524
2012-06-21,55.5350
2012-06-22,56.1197
2012-06-25,55.0389
2012-06-26,55.3844
2012-06-27,55.7210
2012-06-28,55.1009
2012-06-29,56.8372
2012-07-02,57.0055
2012-07-03,57.4839
2012-07-05,57.5194
2012-07-06,56.8018
2012-07-09,56.6955
2012-07-10,56.1374
2012-07-11,55.8273
2012-07-12,55.3047
2012-07-13,56.1462
2012-07-16,55.9868
2012-07-17,56.2791
2012-07-18,57.0410
2012-07-19,57.6699
2012-07-20,56.9081
2012-07-23,56.2171
2012-07-24,55.7742
2012-07-25,55.4021
2012-07-26,56.1374
2012-07-27,57.4662
2012-07-30,57.4219
2012-07-31,57.4042
2012-08-01,57.2359
2012-08-02,57.0321
2012-08-03,58.1129
2012-08-06,58.5558
2012-08-07,59.0431
2012-08-08,59.0165
2012-08-09,59.1936
2012-08-10,59.2291
2012-08-13,59.3708
2012-08-14,59.3974
2012-08-15,59.5480
2012-08-16,60.2567
2012-08-17,60.5224
2012-08-20,60.6110
2012-08-21,60.3718
2012-08-22,60.6199
2012-08-23,60.1238
2012-08-24,60.4958
2012-08-27,60.5933
2012-08-28,60.5933
2012-08-29,60.5933
2012-08-30,59.9820
2012-08-31,60.3807
2012-09-04,60.3187
2012-09-05,60.2567
2012-09-06,61.5943
2012-09-07,61.5058
2012-09-10,60.7173
2012-09-11,60.6199
2012-09-12,60.7971
2012-09-13,61.6209
2012-09-14,62.1702
2012-09-17,62.1967
2012-09-18,62.2499
2012-09-19,62.3650
2012-09-20,62.3030
2012-09-21,62.3208
2012-09-24,61.9565
2012-09-25,61.0859
2012-09-26,60.5884
2012-09-27,61.4235
2012-09-28,60.9171
2012-10-01,60.8283
2012-10-02,61.0059
2012-10-03,61.3969
2012-10-04,61.6101
2012-10-05,61.2814
2012-10-08,60.7217
2012-10-09,59.7533
2012-10-10,59.4513
2012-10-11,59.2647
2012-10-12,59.2381
2012-10-15,59.6734
2012-10-16,60.5173
2012-10-17,60.4818
2012-10-18,59.7800
2012-10-19,58.3497
2012-10-22,58.6517
2012-10-23,58.0920
2012-10-24,57.8877
2012-10-25,57.8877
2012-10-26,58.0565
2012-10-31,57.7011
2012-11-01,58.5184
2012-11-02,57.8966
2012-11-05,58.2786
2012-11-06,58.3852
2012-11-07,57.0082
2012-11-08,56.1109
2012-11-09,56.3508
2012-11-12,56.3419
2012-11-13,55.9510
2012-11-14,55.2936
2012-11-15,55.1070
2012-11-16,55.3469
2012-11-19,56.6617
2012-11-20,56.6795
2012-11-21,56.7950
2012-11-23,57.6567
2012-11-26,57.9055
2012-11-27,57.7100
2012-11-28,58.2075
2012-11-29,58.5540
2012-11-30,58.4563
2012-12-03,58.3408
2012-12-04,58.3052
2012-12-05,57.6567
2012-12-06,58.0299
2012-12-07,57.6834
2012-12-10,57.8522
2012-12-11,58.6073
2012-12-12,58.4829
2012-12-13,58.0210
2012-12-14,57.4702
2012-12-17,58.2342
2012-12-18,59.1226
2012-12-19,58.8649
2012-12-20,58.8649
2012-12-21,58.2459
2012-12-24,58.1297
2012-12-26,57.6205
2012-12-27,57.5312
2012-12-28,56.9773
2012-12-31,58.1833
2013-01-02,60.0325
2013-01-03,59.7199
2013-01-04,59.5233
2013-01-07,59.5412
2013-01-08,59.4251
2013-01-09,59.6484
2013-01-10,60.0057
2013-01-11,60.0861
2013-01-14,59.8181
2013-01-15,59.5233
2013-01-16,59.7646
2013-01-17,60.0504
2013-01-18,59.9164
2013-01-22,60.0147
2013-01-23,60.3809
2013-01-24,59.5501
2013-01-25,59.8539
2013-01-28,59.9879
2013-01-29,59.9968
2013-01-30,59.8717
2013-01-31,59.7377
2013-02-01,60.4435
2013-02-04,59.3893
2013-02-05,60.2648
2013-02-06,60.0683
2013-02-07,60.1218
2013-02-08,60.7383
2013-02-11,60.7562
2013-02-12,60.5060
2013-02-13,60.7204
2013-02-14,60.7025
2013-02-15,60.5238
2013-02-19,60.9616
2013-02-20,60.0236
2013-02-21,59.3804
2013-02-22,59.9789
2013-02-25,59.2375
2013-02-26,59.4608
2013-02-27,60.0683
2013-02-28,59.9432
2013-03-01,60.1933
2013-03-04,60.4613
2013-03-05,61.3547
2013-03-06,61.2028
2013-03-07,61.3636
2013-03-08,61.4351
2013-03-11,61.6137
2013-03-12,61.3904
2013-03-13,61.3100
2013-03-14,61.5155
2013-03-15,61.3445
2013-03-18,61.2101
2013-03-19,61.0938
2013-03-20,61.5235
2013-03-21,60.8251
2013-03-22,61.4161
2013-03-25,61.1922
2013-03-26,61.5235
2013-03-27,61.6041
2013-03-28,61.7563
2013-04-01,61.3355
2013-04-02,61.8190
2013-04-03,61.2549
2013-04-04,61.2728
2013-04-05,60.7625
2013-04-08,61.0848
2013-04-09,61.4967
2013-04-10,62.6965
2013-04-11,62.6697
2013-04-12,62.6249
2013-04-15,61.3892
2013-04-16,62.2041
2013-04-17,60.9863
2013-04-18,60.1446
2013-04-19,60.9684
2013-04-22,61.5952
2013-04-23,62.1862
2013-04-24,62.1593
2013-04-25,62.4906
2013-04-26,62.2936
2013-04-29,62.8667
2013-04-30,63.3233
2013-05-01,63.0278
2013-05-02,63.8247
2013-05-03,64.5769
2013-05-06,64.8276
2013-05-07,64.7917
2013-05-08,65.1052
2013-05-09,65.0156
2013-05-10,65.4096
2013-05-13,65.4902
2013-05-14,65.8304
2013-05-15,65.9648
2013-05-16,65.8931
2013-05-17,66.5289
2013-05-20,66.4304
2013-05-21,66.5020
2013-05-22,65.9200
2013-05-23,65.7678
2013-05-24,65.7320
2013-05-28,66.1617
2013-05-29,65.8483
2013-05-30,66.1976
2013-05-31,65.5887
2013-06-03,65.7051
2013-06-04,65.3648
2013-06-05,64.5142
2013-06-06,64.8276
2013-06-07,65.7141
2013-06-10,65.7409
2013-06-11,65.0873
2013-06-12,64.3351
2013-06-13,65.1499
2013-06-14,64.7201
2013-06-17,65.3469
2013-06-18,65.8842
2013-06-19,65.1499
2013-06-20,63.6009
2013-06-21,63.2632
2013-06-24,62.6344
2013-06-25,63.0925
2013-06-26,63.6584
2013-06-27,63.9278
2013-06-28,64.0177
2013-07-01,64.4129
2013-07-02,64.4398
2013-07-03,64.7003
2013-07-05,65.1944
2013-07-08,65.2573
2013-07-09,65.6525
2013-07-10,66.0297
2013-07-11,67.3412
2013-07-12,67.6376
2013-07-15,67.7903
2013-07-16,67.7005
2013-07-17,67.8711
2013-07-18,67.7005
2013-07-19,66.9998
2013-07-22,67.1975
2013-07-23,66.7034
2013-07-24,66.9190
2013-07-25,67.3412
2013-07-26,67.7005
2013-07-29,67.5747
2013-07-30,67.9340
2013-07-31,68.0597
2013-08-01,68.7514
2013-08-02,69.1377
2013-08-05,69.1825
2013-08-06,68.7694
2013-08-07,68.6436
2013-08-08,68.9850
2013-08-09,68.7065
2013-08-12,68.8682
2013-08-13,69.2544
2013-08-14,68.9939
2013-08-15,67.8262
2013-08-16,67.7993
2013-08-19,67.6825
2013-08-20,67.9789
2013-08-21,67.7454
2013-08-22,68.4101
2013-08-23,68.8682
2013-08-26,68.9041
2013-08-27,67.4939
2013-08-28,67.7543
2013-08-29,68.2304
2013-08-30,67.7903
2013-09-03,68.1765
2013-09-04,68.9041
2013-09-05,69.0209
2013-09-06,69.1017
2013-09-09,69.9101
2013-09-10,70.2515
2013-09-11,70.1167
2013-09-12,70.0718
2013-09-13,70.1167
2013-09-16,69.9281
2013-09-17,70.3952
2013-09-18,71.2395
2013-09-19,71.4102
2013-09-20,71.1652
2013-09-23,71.0210
2013-09-24,71.0210
2013-09-25,70.7777
2013-09-26,71.3273
2013-09-27,71.2372
2013-09-30,71.0660
2013-10-01,71.7868
2013-10-02,71.7598
2013-10-03,70.9219
2013-10-04,71.5345
2013-10-07,70.9399
2013-10-08,69.5705
2013-10-09,69.3542
2013-10-10,70.8228
2013-10-11,71.3814
2013-10-14,71.8859
2013-10-15,71.6066
2013-10-16,72.4174
2013-10-17,72.8319
2013-10-18,74.0121
2013-10-21,74.1743
2013-10-22,74.2824
2013-10-23,73.8319
2013-10-24,74.1562
2013-10-25,74.6878
2013-10-28,74.7058
2013-10-29,74.8319
2013-10-30,74.7599
2013-10-31,74.5887
2013-11-01,74.6067
2013-11-04,74.7148
2013-11-05,74.7959
2013-11-06,74.7779
2013-11-07,73.3724
2013-11-08,74.3635
2013-11-11,74.2464
2013-11-12,74.3635
2013-11-13,75.2644
2013-11-14,75.4986
2013-11-15,75.6428
2013-11-18,74.9040
2013-11-19,74.6878
2013-11-20,74.5076
2013-11-21,75.2644
2013-11-22,75.6699
2013-11-25,75.8500
2013-11-26,76.2464
2013-11-27,76.7780
2013-11-29,77.2375
2013-12-02,77.0122
2013-12-03,76.9492
2013-12-04,77.0212
2013-12-05,76.9221
2013-12-06,77.4807
2013-12-09,77.7960
2013-12-10,77.7420
2013-12-11,76.7420
2013-12-12,76.5437
2013-12-13,76.4446
2013-12-16,76.8681
2013-12-17,76.7150
2013-12-18,77.6069
2013-12-19,77.3906
2013-12-20,78.1788
2013-12-23,79.0012
2013-12-24,79.0373
2013-12-26,79.2995
2013-12-27,79.1006
2013-12-30,78.9831
2013-12-31,79.4983
2014-01-02,78.8747
2014-01-03,78.3052
2014-01-06,78.0161
2014-01-07,78.7391
2014-01-08,78.9108
2014-01-09,78.6487
2014-01-10,78.9018
2014-01-13,77.7359
2014-01-14,79.2181
2014-01-15,79.8689
2014-01-16,79.8779
2014-01-17,79.4260
2014-01-21,80.0315
2014-01-22,80.2394
2014-01-23,79.9683
2014-01-24,78.3956
2014-01-27,77.6365
2014-01-28,77.5913
2014-01-29,76.7598
2014-01-30,78.1788
2014-01-31,77.9709
2014-02-03,76.1813
2014-02-04,76.7417
2014-02-05,76.5429
2014-02-06,77.5190
2014-02-07,78.9018
2014-02-10,79.3537
2014-02-11,80.2575
2014-02-12,80.4111
2014-02-13,81.0076
2014-02-14,81.1703
2014-02-18,81.5680
2014-02-19,81.0076
2014-02-20,81.3872
2014-02-21,81.2788
2014-02-24,81.7126
2014-02-25,81.6223
2014-02-26,81.5499
2014-02-27,82.0790
2014-02-28,81.9883
2014-03-03,81.3802
2014-03-04,82.4148
2014-03-05,82.6417
2014-03-06,82.5691
2014-03-07,82.1607
2014-03-10,82.2333
2014-03-11,81.8793
2014-03-12,82.1879
2014-03-13,81.0263
2014-03-14,80.4727
2014-03-17,81.1805
2014-03-18,82.1607
2014-03-19,81.7160
2014-03-20,81.9429
2014-03-21,80.9569
2014-03-24,80.2474
2014-03-25,80.5111
2014-03-26,79.4742
2014-03-27,79.0285
2014-03-28,79.1831
2014-03-31,79.7470
2014-04-01,81.1479
2014-04-02,81.3571
2014-04-03,80.7113
2014-04-04,78.5645
2014-04-07,77.8186
2014-04-08,78.5372
2014-04-09,79.8835
2014-04-10,77.4093
2014-04-11,76.5088
2014-04-14,77.1091
2014-04-15,77.3638
2014-04-16,78.3917
2014-04-17,78.4099
2014-04-21,78.9921
2014-04-22,79.6197
2014-04-23,78.9193
2014-04-24,79.6743
2014-04-25,78.4008
2014-04-28,78.6555
2014-04-29,79.2831
2014-04-30,79.4924
2014-05-01,79.7289
2014-05-02,79.5833
2014-05-05,80.0017
2014-05-06,78.9648
2014-05-07,78.7374
2014-05-08,78.6646
2014-05-09,78.9557
2014-05-12,80.2564
2014-05-13,80.3110
2014-05-14,79.8926
2014-05-15,79.2650
2014-05-16,79.7834
2014-05-19,80.3383
2014-05-20,80.0472
2014-05-21,80.8113
2014-05-22,81.1661
2014-05-23,81.7573
2014-05-27,82.7761
2014-05-28,82.5214
2014-05-29,83.0490
2014-05-30,83.0581
2014-06-02,82.9762
2014-06-03,82.9399
2014-06-04,83.2491
2014-06-05,83.9495
2014-06-06,84.4317
2014-06-09,84.3679
2014-06-10,84.5135
2014-06-11,84.4953
2014-06-12,83.7313
2014-06-13,83.9768
2014-06-16,84.0496
2014-06-17,84.0951
2014-06-18,84.5681
2014-06-19,84.5135
2014-06-20,84.6129
2014-06-23,84.6312
2014-06-24,84.5491
2014-06-25,85.0872
2014-06-26,85.1328
2014-06-27,85.5068
2014-06-30,85.6527
2014-07-01,86.5921
2014-07-02,86.7381
2014-07-03,87.2853
2014-07-07,87.0208
2014-07-08,85.9719
2014-07-09,86.6104
2014-07-10,86.3367
2014-07-11,86.8931
2014-07-14,87.4130
2014-07-15,87.1120
2014-07-16,87.4586
2014-07-17,86.3002
2014-07-18,87.6683
2014-07-21,87.5589
2014-07-22,88.1153
2014-07-23,88.6808
2014-07-24,88.5804
2014-07-25,88.2338
2014-07-28,88.2612
2014-07-29,88.1062
2014-07-30,88.4527
2014-07-31,86.6651
2014-08-01,86.3459
2014-08-04,86.9387
2014-08-05,86.2729
2014-08-06,86.2090
2014-08-07,85.9354
2014-08-08,86.5556
2014-08-11,87.0664
2014-08-12,87.0299
2014-08-13,87.9511
2014-08-14,88.4071
2014-08-15,88.8358
2014-08-18,89.5199
2014-08-19,90.0215
2014-08-20,90.0215
2014-08-21,90.2039
2014-08-22,90.3407
2014-08-25,90.6600
2014-08-26,90.7512
2014-08-27,90.7694
2014-08-28,90.6691
2014-08-29,91.0066
2014-09-02,91.2710
2014-09-03,90.7329
2014-09-04,90.6508
2014-09-05,91.1069
2014-09-08,91.2802
2014-09-09,90.5231
2014-09-10,91.2710
2014-09-11,91.1981
2014-09-12,90.7329
2014-09-15,89.8573
2014-09-16,90.6417
2014-09-17,90.7785
2014-09-18,91.4626
2014-09-19,91.4059
2014-09-22,90.5557
2014-09-23,90.3088
2014-09-24,91.2779
2014-09-25,89.3580
2014-09-26,90.3088
2014-09-29,90.1900
2014-09-30,90.3180
2014-10-01,88.8734
2014-10-02,88.8734
2014-10-03,89.7511
2014-10-06,89.5591
2014-10-07,88.2883
2014-10-08,90.0071
2014-10-09,88.5535
2014-10-10,86.3410
2014-10-13,84.9879
2014-10-14,84.9970
2014-10-15,84.4485
2014-10-16,83.9183
2014-10-17,85.0245
2014-10-20,86.2953
2014-10-21,88.5626
2014-10-22,88.1055
2014-10-23,89.4311
2014-10-24,90.1625
2014-10-27,90.2265
2014-10-28,91.5887
2014-10-29,91.2505
2014-10-30,91.4424
2014-10-31,92.7041
2014-11-03,92.9784
2014-11-04,92.6675
2014-11-05,92.6767
2014-11-06,92.9692
2014-11-07,92.8869
2014-11-10,93.2161
2014-11-11,93.5086
2014-11-12,93.6732
2014-11-13,94.0755
2014-11-14,94.3680
2014-11-17,94.0846
2014-11-18,94.7886
2014-11-19,94.3589
2014-11-20,94.7795
2014-11-21,94.9623
2014-11-24,95.7028
2014-11-25,95.8491
2014-11-26,96.4708
2014-11-28,96.9188
2014-12-01,95.8217
2014-12-02,96.2057
2014-12-03,96.3794
2014-12-04,96.3337
2014-12-05,96.3428
2014-12-08,95.6571
2014-12-09,95.9588
2014-12-10,94.4503
2014-12-11,94.8983
2014-12-12,93.8652
2014-12-15,92.8961
2014-12-16,91.4059
2014-12-17,93.0698
2014-12-18,95.3097
2014-12-19,95.7291
2014-12-22,95.9676
2014-12-23,95.6281
2014-12-24,95.7107
2014-12-26,96.3898
2014-12-29,96.3714
2014-12-30,95.7291
2014-12-31,94.7472
2015-01-02,94.4627
2015-01-05,93.0771
2015-01-06,91.8290
2015-01-07,93.0128
2015-01-08,94.7931
2015-01-09,94.1691
2015-01-12,93.1872
2015-01-13,93.1596
2015-01-14,92.6457
2015-01-15,91.4437
2015-01-16,92.5173
2015-01-20,93.2514
2015-01-21,93.7286
2015-01-22,95.4630
2015-01-23,95.6740
2015-01-26,95.5639
2015-01-27,93.0862
2015-01-28,92.6090
2015-01-29,93.4992
2015-01-30,92.7743
2015-02-02,93.5818
2015-02-03,94.4811
2015-02-04,94.3985
2015-02-05,95.2152
2015-02-06,94.6371
2015-02-09,94.3343
2015-02-10,95.8025
2015-02-11,96.1512
2015-02-12,97.2707
2015-02-13,98.1058
2015-02-17,98.1975
2015-02-18,98.3352
2015-02-19,98.8215
2015-02-20,99.4822
2015-02-23,99.5832
2015-02-24,99.6566
2015-02-25,99.4089
2015-02-26,99.9135
2015-02-27,99.4731
2015-03-02,100.3723
2015-03-03,99.9044
2015-03-04,99.5190
2015-03-05,99.6933
2015-03-06,98.5646
2015-03-09,98.8491
2015-03-10,97.0138
2015-03-11,96.4540
2015-03-12,97.0872
2015-03-13,96.6651
2015-03-16,97.9131
2015-03-17,98.0691
2015-03-18,99.0326
2015-03-19,99.1794
2015-03-20,99.8214
2015-03-23,99.6283
2015-03-24,99.2696
2015-03-25,96.9978
2015-03-26,96.6667
2015-03-27,97.0529
2015-03-30,98.1659
2015-03-31,97.1265
2015-04-01,96.6207
2015-04-02,96.6851
2015-04-06,97.4761
2015-04-07,97.3105
2015-04-08,98.0831
2015-04-09,98.6993
2015-04-10,99.1040
2015-04-13,98.8557
2015-04-14,98.5705
2015-04-15,99.1868
2015-04-16,99.0488
2015-04-17,97.5036
2015-04-20,98.9661
2015-04-21,99.3891
2015-04-22,99.9318
2015-04-23,100.3089
2015-04-24,101.6701
2015-04-27,101.4126
2015-04-28,101.2102
2015-04-29,100.5756
2015-04-30,98.9936
2015-05-01,100.2997
2015-05-04,100.4652
2015-05-05,98.8281
2015-05-06,98.1475
2015-05-07,98.7361
2015-05-08,99.9686
2015-05-11,99.5823
2015-05-12,99.1316
2015-05-13,99.3340
2015-05-14,100.7872
2015-05-15,100.7872
2015-05-18,101.2287
2015-05-19,101.1183
2015-05-20,101.1827
2015-05-21,101.7069
2015-05-22,101.6058
2015-05-26,100.4376
2015-05-27,102.0564
2015-05-28,101.8265
2015-05-29,101.2194
2015-06-01,101.5598
2015-06-02,101.2378
2015-06-03,101.5414
2015-06-04,100.7687
2015-06-05,100.5296
2015-06-08,99.5087
2015-06-09,99.3431
2015-06-10,100.7044
2015-06-11,100.8515
2015-06-12,100.0238
2015-06-15,99.5271
2015-06-16,100.0697
2015-06-17,100.3457
2015-06-18,101.8081
2015-06-19,101.3048
2015-06-22,102.0515
2015-06-23,102.1344
2015-06-24,101.6090
2015-06-25,101.4061
2015-06-26,100.7332
2015-06-29,98.3548
2015-06-30,98.7051
2015-07-01,99.4886
2015-07-02,99.5163
2015-07-06,99.2859
2015-07-07,99.5348
2015-07-08,97.8017
2015-07-09,97.7463
2015-07-10,99.2397
2015-07-13,100.9821
2015-07-14,101.6459
2015-07-15,101.7565
2015-07-16,103.1946
2015-07-17,104.7157
2015-07-20,105.0752
2015-07-21,105.0107
2015-07-22,103.8214
2015-07-23,103.4343
2015-07-24,102.4202
2015-07-27,101.5721
2015-07-28,102.4479
2015-07-29,102.8351
2015-07-30,103.3237
2015-07-31,103.2038
2015-08-03,102.8812
2015-08-04,102.6876
2015-08-05,103.4804
2015-08-06,101.8210
2015-08-07,101.6919
2015-08-10,102.8535
2015-08-11,101.5352
2015-08-12,101.8856
2015-08-13,101.7196
2015-08-14,101.8763
2015-08-17,102.7244
2015-08-18,102.1990
2015-08-19,101.5260
2015-08-20,98.7143
2015-08-21,94.3999
2015-08-24,90.7677
2015-08-25,90.4266
2015-08-26,94.9807
2015-08-27,97.3868
2015-08-28,97.3684
2015-08-31,96.1607
2015-09-01,93.1554
2015-09-02,95.7827
2015-09-03,95.3126
2015-09-04,94.1787
2015-09-08,96.8336
2015-09-09,95.7459
2015-09-10,96.7876
2015-09-11,97.3223
2015-09-14,97.0273
2015-09-15,98.1704
2015-09-16,98.7235
2015-09-17,98.7604
2015-09-18,97.3557
2015-09-21,97.6607
2015-09-22,96.2006
2015-09-23,96.2745
2015-09-24,95.9234
2015-09-25,95.1101
2015-09-28,92.4025
2015-09-29,91.9219
2015-09-30,94.0381
2015-10-01,94.4632
2015-10-02,96.1174
2015-10-05,97.4943
2015-10-06,97.0323
2015-10-07,97.6145
2015-10-08,98.0026
2015-10-09,98.4462
2015-10-12,98.6865
2015-10-13,98.0488
2015-10-14,97.8917
2015-10-15,99.4997
2015-10-16,99.9155
2015-10-19,100.4885
2015-10-20,99.9710
2015-10-21,99.3610
2015-10-22,101.3849
2015-10-23,104.2219
2015-10-26,104.2866
2015-10-27,104.4992
2015-10-28,105.3678
2015-10-29,105.2015
2015-10-30,104.7302
2015-11-02,105.9131
2015-11-03,106.2827
2015-11-04,106.2919
2015-11-05,106.0055
2015-11-06,106.0794
2015-11-09,104.9520
2015-11-10,104.6840
2015-11-11,104.5546
2015-11-12,103.5381
2015-11-13,101.5050
2015-11-16,102.9651
2015-11-17,103.0298
2015-11-18,105.0074
2015-11-19,105.0814
2015-11-20,105.7929
2015-11-23,105.4880
2015-11-24,105.3955
2015-11-25,105.4880
2015-11-27,105.6358
2015-11-30,105.3678
2015-12-01,106.4213
2015-12-02,105.7652
2015-12-03,103.9724
2015-12-04,106.4029
2015-12-07,105.9223
2015-12-08,105.9315
2015-12-09,104.3236
2015-12-10,104.7949
2015-12-11,102.3829
2015-12-14,103.1592
2015-12-15,103.7876
2015-12-16,105.3309
2015-12-17,103.7968
2015-12-18,101.8057
2015-12-21,102.9366
2015-12-22,103.6133
2015-12-23,104.3827
2015-12-24,104.3641
2015-12-28,104.3085
2015-12-29,105.9492
2015-12-30,104.9944
2015-12-31,103.6874
2016-01-04,101.4999
2016-01-05,101.3237
2016-01-06,100.3504
2016-01-07,97.2081
2016-01-08,96.4110
2016-01-11,96.7076
2016-01-12,97.8292
2016-01-13,94.4551
2016-01-14,96.4666
2016-01-15,93.4725
2016-01-19,93.6765
2016-01-20,93.3891
2016-01-21,93.4818
2016-01-22,96.1885
2016-01-25,94.7610
2016-01-26,95.6138
2016-01-27,93.2316
2016-01-28,94.5478
2016-01-29,96.5222
2016-02-01,96.7818
2016-02-02,94.6869
2016-02-03,94.2326
2016-02-04,94.2234
2016-02-05,90.9513
2016-02-08,89.5609
2016-02-09,89.2828
2016-02-10,89.6258
2016-02-11,89.4960
2016-02-12,90.8586
2016-02-16,92.9071
2016-02-17,95.0113
2016-02-18,93.9268
2016-02-19,94.2049
2016-02-22,95.7343
2016-02-23,94.1585
2016-02-24,95.0576
2016-02-25,95.9938
2016-02-26,95.8734
2016-02-29,95.0113
2016-03-01,98.0609
2016-03-02,98.0980
2016-03-03,97.9126
2016-03-04,97.9497
2016-03-07,97.3472
2016-03-08,96.5407
2016-03-09,97.1618
2016-03-10,97.0135
2016-03-11,98.7098
2016-03-14,98.8766
2016-03-15,98.8396
2016-03-16,99.7201
2016-03-17,99.6645
2016-03-18,99.8207
2016-03-21,100.2112
2016-03-22,100.5180
2016-03-23,99.6906
2016-03-24,99.7184
2016-03-28,99.5790
2016-03-29,101.1781
2016-03-30,101.6708
2016-03-31,101.5220
2016-04-01,102.6005
2016-04-04,102.2100
2016-04-05,101.2245
2016-04-06,102.8887
2016-04-07,101.4105
2016-04-08,101.3361
2016-04-11,100.9642
2016-04-12,101.8102
2016-04-13,103.1118
2016-04-14,103.1211
2016-04-15,102.8608
2016-04-18,103.4093
2016-04-19,102.7771
2016-04-20,102.8608
2016-04-21,102.8701
2016-04-22,101.3175
2016-04-25,101.3175
2016-04-26,100.8248
2016-04-27,100.0159
2016-04-28,98.8074
2016-04-29,98.2868
2016-05-02,99.2164
2016-05-03,98.2960
2016-05-04,97.6638
2016-05-05,97.6360
2016-05-06,98.1566
2016-05-09,98.4355
2016-05-10,99.7835
2016-05-11,98.8817
2016-05-12,98.4448
2016-05-13,98.0822
2016-05-16,99.3094
2016-05-17,98.0636
2016-05-18,98.4169
2016-05-19,97.9055
2016-05-20,98.9840
2016-05-23,98.8539
2016-05-24,100.8341
2016-05-25,101.5592
2016-05-26,101.8567
2016-05-27,102.3867
2016-05-31,102.5819
2016-06-01,102.5912
2016-06-02,102.8050
2016-06-03,102.3216
2016-06-06,102.6934
2016-06-07,102.4331
2016-06-08,102.6098
2016-06-09,102.4424
2016-06-10,101.2803
2016-06-13,100.4343
2016-06-14,100.4343
2016-06-15,100.1461
2016-06-16,100.4436
2016-06-17,99.2662
2016-06-20,99.8908
2016-06-21,100.2078
2016-06-22,99.9654
2016-06-23,101.3916
2016-06-24,97.2155
2016-06-27,95.2859
2016-06-28,97.3740
2016-06-29,99.0985
2016-06-30,100.2451
2016-07-01,100.7484
2016-07-05,100.1332
2016-07-06,100.9535
2016-07-07,101.2518
2016-07-08,102.8178
2016-07-11,103.4051
2016-07-12,103.9271
2016-07-13,103.6754
2016-07-14,104.3839
2016-07-15,104.2161
2016-07-18,104.9059
2016-07-19,104.5237
2016-07-20,105.7448
2016-07-21,105.5025
2016-07-22,105.9406
2016-07-25,105.9499
2016-07-26,106.0711
2016-07-27,106.8075
2016-07-28,107.1804
2016-07-29,107.4134
2016-08-01,107.9820
2016-08-02,107.1617
2016-08-03,107.5159
2016-08-04,107.8236
2016-08-05,108.8582
2016-08-08,108.7371
2016-08-09,108.9888
2016-08-10,108.7091
2016-08-11,109.1752
2016-08-12,109.2498
2016-08-15,109.7159
2016-08-16,109.1099
2016-08-17,109.3057
2016-08-18,109.3337
2016-08-19,109.3057
2016-08-22,109.3896
2016-08-23,109.5854
2016-08-24,108.8769
2016-08-25,108.6998
2016-08-26,108.8582
2016-08-29,109.0074
2016-08-30,108.6532
2016-08-31,108.5413
2016-09-01,108.8210
2016-09-02,109.1752
2016-09-06,109.8557
2016-09-07,109.9209
2016-09-08,109.2777
2016-09-09,106.5278
2016-09-12,108.4388
2016-09-13,107.4693
2016-09-14,107.9820
2016-09-15,109.6599
2016-09-16,109.6076
2016-09-19,109.1310
2016-09-20,109.3366
2016-09-21,110.4112
2016-09-22,111.2897
2016-09-23,110.5795
2016-09-26,109.6543
2016-09-27,110.7383
2016-09-28,110.9252
2016-09-29,110.1216
2016-09-30,110.9439
2016-10-03,110.7851
2016-10-04,110.6169
2016-10-05,111.0093
2016-10-06,110.9533
2016-10-07,110.7103
2016-10-10,111.4112
2016-10-11,109.8225
2016-10-12,109.7291
2016-10-13,109.3366
2016-10-14,109.4674
2016-10-17,109.1684
2016-10-18,110.1403
2016-10-19,110.1309
2016-10-20,110.0001
2016-10-21,110.4112
2016-10-24,111.7382
2016-10-25,111.3832
2016-10-26,110.6262
2016-10-27,110.1216
2016-10-28,109.4300
2016-10-31,109.3272
2016-11-01,108.5049
2016-11-02,107.6358
2016-11-03,106.5798
2016-11-04,106.2060
2016-11-07,108.7292
2016-11-08,109.4394
2016-11-09,109.9440
2016-11-10,108.1684
2016-11-11,108.2152
2016-11-14,107.1218
2016-11-15,108.6077
2016-11-16,109.2525
2016-11-17,110.0468
2016-11-18,109.6356
2016-11-21,110.7757
2016-11-22,111.1121
2016-11-23,110.6636
2016-11-25,111.0187
2016-11-28,110.7664
2016-11-29,111.1495
2016-11-30,109.8038
2016-12-01,107.9068
2016-12-02,108.1217
2016-12-05,108.9628
2016-12-06,109.2245
2016-12-07,110.6075
2016-12-08,110.8038
2016-12-09,111.6728
2016-12-12,111.1682
2016-12-13,112.5700
2016-12-14,112.3363
2016-12-15,112.5139
2016-12-16,112.0968
2016-12-19,112.5561
2016-12-20,112.9872
2016-12-21,112.9029
2016-12-22,112.5842
2016-12-23,112.6592
2016-12-27,113.2402
2016-12-28,112.3592
2016-12-29,112.1999
2016-12-30,111.0471
2017-01-03,112.0406
2017-01-04,112.6498
2017-01-05,113.2871
2017-01-06,114.2806
2017-01-09,114.6555
2017-01-10,114.9086
2017-01-11,115.2179
2017-01-12,115.0398
2017-01-13,115.4335
2017-01-17,115.0867
2017-01-18,115.3210
2017-01-19,115.2648
2017-01-20,115.5178
2017-01-23,115.6115
2017-01-24,116.3895
2017-01-25,117.5610
2017-01-26,117.6829
2017-01-27,117.9078
2017-01-30,116.9893
2017-01-31,116.7550
2017-02-01,117.5610
2017-02-02,117.4580
2017-02-03,117.7954
2017-02-06,117.9360
2017-02-07,118.3671
2017-02-08,118.5639
2017-02-09,118.9951
2017-02-10,119.3887
2017-02-13,120.0636
2017-02-14,120.4666
2017-02-15,121.1789
2017-02-16,121.1414
2017-02-17,121.6663
2017-02-21,122.2661
2017-02-22,122.3130
2017-02-23,121.8537
2017-02-24,122.0880
2017-02-27,122.2380
2017-02-28,121.8631
2017-03-01,123.1940
2017-03-02,122.5754
2017-03-03,122.8004
2017-03-06,122.5285
2017-03-07,122.3223
2017-03-08,122.5379
2017-03-09,122.6317
2017-03-10,123.1471
2017-03-13,123.3533
2017-03-14,123.0534
2017-03-15,123.8126
2017-03-16,123.7283
2017-03-17,123.6850
2017-03-20,123.7978
2017-03-21,121.9193
2017-03-22,122.7459
2017-03-23,122.4359
2017-03-24,122.6895
2017-03-27,122.8867
2017-03-28,123.6381
2017-03-29,124.2110
2017-03-30,124.4177
2017-03-31,124.3331
2017-04-03,124.2580
2017-04-04,124.4552
2017-04-05,123.9480
2017-04-06,124.0137
2017-04-07,123.9480
2017-04-10,123.9950
2017-04-11,123.4597
2017-04-12,122.9619
2017-04-13,122.4735
2017-04-17,123.4878
2017-04-18,123.2999
2017-04-19,123.4972
2017-04-20,124.5303
2017-04-21,124.5021
2017-04-24,126.0049
2017-04-25,126.9159
2017-04-26,126.7375
2017-04-27,127.4982
2017-04-28,127.7237
2017-05-01,128.8602
2017-05-02,129.0761
2017-05-03,128.6629
2017-05-04,128.7098
2017-05-05,129.1795
2017-05-08,129.4612
2017-05-09,129.9121
2017-05-10,129.9872
2017-05-11,129.8839
2017-05-12,130.1750
2017-05-15,130.5883
2017-05-16,131.1330
2017-05-17,127.7988
2017-05-18,128.9165
2017-05-19,129.4612
2017-05-22,130.5508
2017-05-23,130.6822
2017-05-24,131.2833
2017-05-25,132.4010
2017-05-26,132.6357
2017-05-30,132.7484
2017-05-31,132.7015
2017-06-01,133.2181
2017-06-02,134.7396
2017-06-05,134.7114
2017-06-06,134.1761
2017-06-07,134.7021
2017-06-08,134.8429
2017-06-09,131.4712
2017-06-12,130.7667
2017-06-13,131.8280
2017-06-14,131.2551
2017-06-15,130.6728
2017-06-16,130.1058
2017-06-19,132.2814
2017-06-20,131.2454
2017-06-21,132.5450
2017-06-22,132.5073
2017-06-23,133.0160
2017-06-26,132.3944
2017-06-27,129.9928
2017-06-28,131.8670
2017-06-29,129.5785
2017-06-30,129.6255
2017-07-03,128.2600
2017-07-05,129.5220
2017-07-06,128.3542
2017-07-07,129.7386
2017-07-10,130.5862
2017-07-11,130.9534
2017-07-12,132.5073
2017-07-13,132.7993
2017-07-14,133.8447
2017-07-17,133.9106
2017-07-18,134.8053
2017-07-19,135.5964
2017-07-20,135.7753
2017-07-21,135.7188
2017-07-24,136.3404
2017-07-25,135.9919
2017-07-26,136.4345
2017-07-27,135.5776
2017-07-28,135.4646
2017-07-31,134.8901
2017-08-01,135.2009
2017-08-02,135.5681
2017-08-03,135.0407
2017-08-04,135.2856
2017-08-07,136.1426
2017-08-08,135.9072
2017-08-09,135.7283
2017-08-10,132.8181
2017-08-11,133.8258
2017-08-14,135.5493
2017-08-15,135.6435
2017-08-16,135.8789
2017-08-17,133.1007
2017-08-18,133.0065
2017-08-21,132.8370
2017-08-22,134.8618
2017-08-23,134.3815
2017-08-24,133.9859
2017-08-25,133.7034
2017-08-28,134.1178
2017-08-29,134.6452
2017-08-30,136.2274
2017-08-31,137.6871
2017-09-01,137.4988
2017-09-05,136.2650
2017-09-06,136.6794
2017-09-07,136.9996
2017-09-08,135.8130
2017-09-11,137.3764
2017-09-12,137.7060
2017-09-13,137.8943
2017-09-14,137.0844
2017-09-15,137.5552
2017-09-18,137.3750
2017-09-19,137.6110
2017-09-20,137.1862
2017-09-21,136.3462
2017-09-22,136.2141
2017-09-25,134.7795
2017-09-26,135.1286
2017-09-27,136.3462
2017-09-28,136.2991
2017-09-29,137.2806
2017-10-02,137.4034
2017-10-03,137.6960
2017-10-04,137.8280
2017-10-05,139.1777
2017-10-06,139.3665
2017-10-09,139.2061
2017-10-10,139.3099
2017-10-11,139.7251
2017-10-12,139.4703
2017-10-13,140.0083
2017-10-16,140.4897
2017-10-17,140.6690
2017-10-18,140.4991
2017-10-19,139.9799
2017-10-20,140.3575
2017-10-23,139.4420
2017-10-24,139.6779
2017-10-25,139.1494
2017-10-26,138.7058
2017-10-27,142.7454
2017-10-30,143.0663
2017-10-31,143.6043
2017-11-01,143.5571
2017-11-02,143.2834
2017-11-03,144.6614
2017-11-06,145.1522
2017-11-07,145.2372
2017-11-08,145.8224
2017-11-09,145.0578
2017-11-10,145.0484
2017-11-13,145.2277
2017-11-14,144.6991
2017-11-15,144.0196
2017-11-16,145.8601
2017-11-17,145.3032
2017-11-20,145.1900
2017-11-21,146.7661
2017-11-22,146.9455
2017-11-24,147.4835
2017-11-27,147.4174
2017-11-28,147.7950
2017-11-29,145.2183
2017-11-30,146.4358
2017-12-01,145.8129
2017-12-04,144.1329
2017-12-05,144.2272
2017-12-06,144.8785
2017-12-07,145.3693
2017-12-08,146.0111
2017-12-11,147.1437
2017-12-12,146.9455
2017-12-13,147.2287
2017-12-14,147.1248
2017-12-15,148.7954
2017-12-18,150.0430
2017-12-19,149.1539
2017-12-20,148.9931
2017-12-21,149.0120
2017-12-22,148.8417
2017-12-26,148.0378
2017-12-27,148.0568
2017-12-28,148.2364
2017-12-29,147.3190
2018-01-02,149.9011
2018-01-03,151.3576
2018-01-04,151.6224
2018-01-05,153.1451
2018-01-08,153.7410
2018-01-09,153.7505
2018-01-10,153.3911
2018-01-11,154.4409
2018-01-12,155.5759
2018-01-16,155.1313
2018-01-17,156.8054
2018-01-18,156.8338
2018-01-19,157.3256
2018-01-22,159.0092
2018-01-23,160.3239
2018-01-24,159.2834
2018-01-25,159.2267
2018-01-26,161.6669
2018-01-29,160.8819
2018-01-30,159.5578
2018-01-31,160.2197
2018-02-01,158.8579
2018-02-02,155.6894
2018-02-05,149.5511
2018-02-06,153.5140
2018-02-07,151.5278
2018-02-08,145.1342
2018-02-09,147.6406
2018-02-12,150.2605
2018-02-13,151.0360
2018-02-14,153.8640
2018-02-15,156.7203
2018-02-16,156.0204
2018-02-20,156.3325
2018-02-21,155.8880
2018-02-22,155.8691
2018-02-23,159.0564
2018-02-26,161.1656
2018-02-27,159.1700
2018-02-28,158.1485
2018-03-01,155.5664
2018-03-02,156.9946
2018-03-05,158.7349
2018-03-06,159.4063
2018-03-07,159.7752
2018-03-08,160.6549
2018-03-09,163.7761
2018-03-12,164.6462
2018-03-13,162.4046
2018-03-14,162.3762
2018-03-15,162.2344
2018-03-16,161.7520
2018-03-19,158.3009
2018-03-20,158.8219
2018-03-21,158.1303
2018-03-22,154.2273
2018-03-23,150.1631
2018-03-26,155.7430
2018-03-27,150.7032
2018-03-28,148.9696
2018-03-29,151.6979
2018-04-02,147.3212
2018-04-03,148.9790
2018-04-04,151.3284
2018-04-05,152.1905
2018-04-06,148.3822
2018-04-09,149.4243
2018-04-10,152.7210
2018-04-11,151.8400
2018-04-12,153.6684
2018-04-13,152.8725
2018-04-16,154.0378
2018-04-17,157.3535
2018-04-18,157.6756
2018-04-19,156.2262
2018-04-20,153.7536
2018-04-23,153.3652
2018-04-24,150.1158
2018-04-25,150.2958
2018-04-26,153.4599
2018-04-27,153.5547
2018-04-30,152.4652
2018-05-01,154.2083
2018-05-02,153.2989
2018-05-03,153.2799
2018-05-04,156.1883
2018-05-07,157.4862
2018-05-08,157.3251
2018-05-09,159.0398
2018-05-10,160.6881
2018-05-11,160.5365
2018-05-14,160.8113
2018-05-15,159.0302
2018-05-16,160.0819
2018-05-17,159.4661
2018-05-18,158.6418
2018-05-21,159.5324
2018-05-22,159.3240
2018-05-23,160.6692
2018-05-24,160.6219
2018-05-25,160.7829
2018-05-29,160.0724
2018-05-30,161.2186
2018-05-31,161.1145
2018-06-01,163.6438
2018-06-04,165.1217
2018-06-05,165.6333
2018-06-06,166.5995
2018-06-07,165.2448
2018-06-08,165.2543
2018-06-11,165.6996
2018-06-12,166.5711
2018-06-13,166.5616
2018-06-14,168.2479
2018-06-15,167.6606
2018-06-18,167.5638
2018-06-19,167.0890
2018-06-20,168.2758
2018-06-21,166.8137
2018-06-22,166.4435
2018-06-25,162.6935
2018-06-26,163.3580
2018-06-27,161.1365
2018-06-28,162.5226
2018-06-29,162.9593
2018-07-02,164.0511
2018-07-03,162.1523
2018-07-05,164.1650
2018-07-06,166.7188
2018-07-09,168.2188
2018-07-10,168.3423
2018-07-11,167.4878
2018-07-12,170.3739
2018-07-13,170.5163
2018-07-16,170.1081
2018-07-17,171.1429
2018-07-18,170.8201
2018-07-19,169.9656
2018-07-20,169.9277
2018-07-23,170.4688
2018-07-24,171.1714
2018-07-25,173.5638
2018-07-26,170.9341
2018-07-27,168.6270
2018-07-30,166.2441
2018-07-31,167.5163
2018-08-01,168.1524
2018-08-02,170.4404
2018-08-03,170.9624
2018-08-06,171.9689
2018-08-07,172.5954
2018-08-08,172.8042
2018-08-09,172.6998
2018-08-10,171.3802
2018-08-13,171.1903
2018-08-14,172.2631
2018-08-15,170.1555
2018-08-16,170.7157
2018-08-17,170.7536
2018-08-20,170.6017
2018-08-21,171.2283
2018-08-22,171.8929
2018-08-23,171.6460
2018-08-24,173.2410
2018-08-27,175.0068
2018-08-28,175.2631
2018-08-29,177.2853
2018-08-30,176.9720
2018-08-31,177.1999
2018-09-04,176.4403
2018-09-05,174.1618
2018-09-06,172.6049
2018-09-07,171.9403
2018-09-10,172.5195
2018-09-11,173.8486
2018-09-12,173.3359
2018-09-13,175.1872
2018-09-14,174.6745
2018-09-17,172.1587
2018-09-18,173.5828
2018-09-19,173.4499
2018-09-20,175.3676
2018-09-21,174.4087
2018-09-24,174.8938
2018-09-25,175.1315
2018-09-26,175.2551
2018-09-27,176.7388
2018-09-28,176.7008
2018-10-01,177.0622
2018-10-02,176.6628
2018-10-03,176.8530
2018-10-04,173.4577
2018-10-05,171.3367
2018-10-08,170.2905
2018-10-09,170.8421
2018-10-10,163.3286
2018-10-11,161.3029
2018-10-12,165.7919
2018-10-15,163.7852
2018-10-16,168.5500
2018-10-17,168.6166
2018-10-18,164.7077
2018-10-19,164.5555
2018-10-22,165.4020
2018-10-23,164.7933
2018-10-24,157.2512
2018-10-25,162.6915
2018-10-26,158.5067
2018-10-29,155.2445
2018-10-30,157.8029
2018-10-31,161.5121
2018-11-01,163.6425
2018-11-02,161.0936
2018-11-05,160.6942
2018-11-06,161.9115
2018-11-07,166.9903
2018-11-08,165.9251
2018-11-09,163.1289
2018-11-12,158.1928
2018-11-13,158.3260
2018-11-14,157.1181
2018-11-15,159.8667
2018-11-16,159.3056
2018-11-19,154.1317
2018-11-20,151.3736
2018-11-21,152.5244
2018-11-23,151.4212
2018-11-26,154.9211
2018-11-27,155.4442
2018-11-28,160.4469
2018-11-29,159.9238
2018-11-30,161.0840
2018-12-03,163.8993
2018-12-04,157.6127
2018-12-06,158.7254
2018-12-07,153.4850
2018-12-10,155.0924
2018-12-11,155.6059
2018-12-12,156.9754
2018-12-13,157.0230
2018-12-14,153.1996
2018-12-17,149.7282
2018-12-18,150.6698
2018-12-19,146.9701
2018-12-20,144.8396
2018-12-21,140.3506
2018-12-24,136.8702
2018-12-26,145.4162
2018-12-27,145.9790
2018-12-28,145.9026
2018-12-31,147.1331
2019-01-02,147.7244
2019-01-03,142.8982
2019-01-04,149.0120
2019-01-07,150.7861
2019-01-08,152.1501
2019-01-09,153.3900
2019-01-10,153.8287
2019-01-11,153.2660
2019-01-14,151.9116
2019-01-15,154.8779
2019-01-16,154.8493
2019-01-17,156.0702
2019-01-18,157.6153
2019-01-22,154.4583
2019-01-23,154.6585
2019-01-24,155.6600
2019-01-25,157.5199
2019-01-28,155.5742
2019-01-29,154.1053
2019-01-30,158.0254
2019-01-31,160.3909
2019-02-01,159.7136
2019-02-04,161.6976
2019-02-05,163.1282
2019-02-06,162.6418
2019-02-07,160.4576
2019-02-08,160.7724
2019-02-11,160.6198
2019-02-12,162.9947
2019-02-13,163.1092
2019-02-14,163.3095
2019-02-15,163.9962
2019-02-19,164.3204
2019-02-20,164.2919
2019-02-21,163.6910
2019-02-22,164.9023
2019-02-25,165.5032
2019-02-26,165.6749
2019-02-27,165.5700
2019-02-28,165.1885
2019-03-01,166.3330
2019-03-04,166.3617
2019-03-05,166.4856
2019-03-06,165.5414
2019-03-07,163.5097
2019-03-08,163.2618
2019-03-11,166.6573
2019-03-12,167.5730
2019-03-13,168.8320
2019-03-14,168.5459
2019-03-15,170.1101
2019-03-18,170.5152
2019-03-19,171.0885
2019-03-20,171.7669
2019-03-21,174.4520
2019-03-22,170.6203
2019-03-25,170.2954
2019-03-26,171.0885
2019-03-27,169.9897
2019-03-28,170.3814
2019-03-29,171.6714
2019-04-01,173.9456
2019-04-02,174.6049
2019-04-03,175.6082
2019-04-04,175.5414
2019-04-05,176.4491
2019-04-08,176.8982
2019-04-09,176.2771
2019-04-10,177.2231
2019-04-11,176.8026
2019-04-12,177.5671
2019-04-15,177.5957
2019-04-16,178.2073
2019-04-17,178.8283
2019-04-18,179.0577
2019-04-22,179.5641
2019-04-23,181.8479
2019-04-24,181.2745
2019-04-25,182.0103
2019-04-26,182.1727
2019-04-29,182.5263
2019-04-30,181.1121
2019-05-01,180.5292
2019-05-02,179.7457
2019-05-03,182.6123
2019-05-06,181.4943
2019-05-07,177.9588
2019-05-08,177.5098
2019-05-09,176.5542
2019-05-10,176.7740
2019-05-13,170.6395
2019-05-14,172.5123
2019-05-15,174.9489
2019-05-16,176.7071
2019-05-17,174.9011
2019-05-20,171.9485
2019-05-21,173.7449
2019-05-22,172.9709
2019-05-23,170.3241
2019-05-24,170.2381
2019-05-28,169.5979
2019-05-29,168.2028
2019-05-30,168.9099
2019-05-31,166.2153
2019-06-03,162.5556
2019-06-04,167.1327
2019-06-05,168.3748
2019-06-06,169.7126
2019-06-07,172.9901
2019-06-10,175.0062
2019-06-11,175.2451
2019-06-12,174.2323
2019-06-13,175.2642
2019-06-14,174.5189
2019-06-17,175.5700
2019-06-18,178.1213
2019-06-19,178.7902
2019-06-20,180.4527
2019-06-21,180.1852
2019-06-24,180.1910
2019-06-25,177.0978
2019-06-26,177.9213
2019-06-27,178.6013
2019-06-28,178.8311
2019-07-01,181.2444
2019-07-02,181.9627
2019-07-03,183.3321
2019-07-05,182.9586
2019-07-08,181.6754
2019-07-09,182.5851
2019-07-10,184.4046
2019-07-11,184.2706
2019-07-12,185.3336
2019-07-15,185.9273
2019-07-16,184.9696
2019-07-17,184.0599
2019-07-18,184.2706
2019-07-19,182.9203
2019-07-22,184.3759
2019-07-23,185.5825
2019-07-24,186.8849
2019-07-25,185.1133
2019-07-26,187.0190
2019-07-29,186.3774
2019-07-30,185.5730
2019-07-31,183.0065
2019-08-01,182.0967
2019-08-02,179.4153
2019-08-05,173.0756
2019-08-06,175.4985
2019-08-07,176.4466
2019-08-08,180.2868
2019-08-09,178.5917
2019-08-12,176.5423
2019-08-13,180.4113
2019-08-14,175.0197
2019-08-15,174.8186
2019-08-16,177.6245
2019-08-19,180.4495
2019-08-20,179.0514
2019-08-21,180.6411
2019-08-22,180.0569
2019-08-23,174.3589
2019-08-26,176.9924
2019-08-27,176.6190
2019-08-28,177.2510
2019-08-29,179.9612
2019-08-30,179.5302
2019-09-03,177.7872
2019-09-04,180.3538
2019-09-05,183.6577
2019-09-06,183.4757
2019-09-09,183.0927
2019-09-10,182.5659
2019-09-11,184.2801
2019-09-12,185.0462
2019-09-13,184.3855
2019-09-16,183.5619
2019-09-17,184.4429
2019-09-18,184.3663
2019-09-19,184.6728
2019-09-20,182.7192
2019-09-23,182.7998
2019-09-24,180.3721
2019-09-25,182.3967
2019-09-26,181.7251
2019-09-27,179.4700
2019-09-30,181.1781
2019-10-01,179.7003
2019-10-02,176.6105
2019-10-03,178.5488
2019-10-04,181.1781
2019-10-07,180.6311
2019-10-08,177.9251
2019-10-09,179.6619
2019-10-10,181.0533
2019-10-11,183.3851
2019-10-14,183.3659
2019-10-15,185.6977
2019-10-16,185.2371
2019-10-17,185.7265
2019-10-18,183.9417
2019-10-21,185.5730
2019-10-22,184.0952
2019-10-23,184.4503
2019-10-24,186.2446
2019-10-25,187.7320
2019-10-28,189.5840
2019-10-29,188.1158
2019-10-30,189.0274
2019-10-31,189.1138
2019-11-01,190.8315
2019-11-04,192.0117
2019-11-05,192.1173
2019-11-06,191.6855
2019-11-07,192.3284
2019-11-08,193.0960
2019-11-11,192.8370
2019-11-12,193.3935
2019-11-13,193.4415
2019-11-14,193.2879
2019-11-15,194.7082
2019-11-18,194.8617
2019-11-19,195.1496
2019-11-20,193.9789
2019-11-21,193.5471
2019-11-22,193.6718
2019-11-25,195.9652
2019-11-26,196.3394
2019-11-27,197.7117
2019-11-29,196.8096
2019-12-02,194.7945
2019-12-03,193.2688
2019-12-04,194.2475
2019-12-05,194.6314
2019-12-06,196.7137
2019-12-09,195.8212
2019-12-10,195.6581
2019-12-11,196.6944
2019-12-12,198.1626
2019-12-13,198.8152
2019-12-16,200.8111
2019-12-17,200.9262
2019-12-18,201.0798
2019-12-19,202.3368
2019-12-20,203.1524
2019-12-23,203.6890
2019-12-24,203.7949
2019-12-26,205.5932
2019-12-27,205.4200
2019-12-30,204.0737
2019-12-31,204.4584
2020-01-02,207.8722
2020-01-03,205.9682
2020-01-06,207.2953
2020-01-07,207.2664
2020-01-08,208.8243
2020-01-09,210.5938
2020-01-10,210.0552
2020-01-13,212.4786
2020-01-14,211.6420
2020-01-15,211.7285
2020-01-16,213.7576
2020-01-17,214.8155
2020-01-21,214.7193
2020-01-22,215.2867
2020-01-23,215.9790
2020-01-24,214.1615
2020-01-27,209.7379
2020-01-28,212.9594
2020-01-29,213.3056
2020-01-30,214.0654
2020-01-31,210.6707
2020-02-03,213.8538
2020-02-04,218.7486
2020-02-05,219.4698
2020-02-06,221.3643
2020-02-07,220.4123
2020-02-10,223.0761
2020-02-11,223.1145
2020-02-12,225.2879
2020-02-13,224.9994
2020-02-14,225.6437
2020-02-18,225.7303
2020-02-19,227.8940
2020-02-20,225.7783
2020-02-21,221.4412
2020-02-24,212.9018
2020-02-25,207.1125
2020-02-26,208.1800
2020-02-27,197.7556
2020-02-28,197.9095
2020-03-02,208.1223
2020-03-03,201.4483
2020-03-04,209.8533
2020-03-05,203.4775
2020-03-06,200.0444
2020-03-09,186.1484
2020-03-10,196.2843
2020-03-11,187.7351
2020-03-12,170.5215
2020-03-13,184.9655
2020-03-16,162.8089
2020-03-17,175.1566
2020-03-18,169.8291
2020-03-19,170.8484
2020-03-20,164.1552
2020-03-23,164.2737
2020-03-24,176.9947
2020-03-25,175.6841
2020-03-26,184.9357
2020-03-27,178.5752
2020-03-30,185.0706
2020-03-31,183.4901
2020-04-01,175.6937
2020-04-02,179.2594
2020-04-03,176.7152
2020-04-06,189.3495
2020-04-07,189.2724
2020-04-08,193.2911
2020-04-09,193.5705
2020-04-13,195.6618
2020-04-14,204.1713
2020-04-15,201.8295
2020-04-16,205.5108
2020-04-17,207.4768
2020-04-20,205.0194
2020-04-21,197.4543
2020-04-22,203.3136
2020-04-23,202.8799
2020-04-24,206.0795
2020-04-27,207.7370
2020-04-28,203.8244
2020-04-29,211.0522
2020-04-30,210.9655
2020-05-01,205.0194
2020-05-04,207.4094
2020-05-05,209.7608
2020-05-06,211.0522
2020-05-07,213.7698
2020-05-08,216.6995
2020-05-11,218.6366
2020-05-12,214.0589
2020-05-13,211.3798
2020-05-14,213.7795
2020-05-15,215.1672
2020-05-18,219.1762
2020-05-19,218.6269
2020-05-20,222.9925
2020-05-21,220.5639
2020-05-22,221.3253
2020-05-26,220.7278
2020-05-27,221.9325
2020-05-28,221.6433
2020-05-29,224.8910
2020-06-01,225.5656
2020-06-02,227.0786
2020-06-03,228.1002
2020-06-04,226.5004
2020-06-05,230.9913
2020-06-08,232.7838
2020-06-09,234.4703
2020-06-10,237.2843
2020-06-11,225.5271
2020-06-12,227.3196
2020-06-15,230.0854
2020-06-16,234.0367
2020-06-17,234.7786
2020-06-18,235.4147
2020-06-19,235.3762
2020-06-22,238.1990
2020-06-23,240.2263
2020-06-24,235.2738
2020-06-25,237.5135
2020-06-26,231.9047
2020-06-29,234.4340
2020-06-30,239.0292
2020-07-01,241.8192
2020-07-02,243.4603
2020-07-06,249.4457
2020-07-07,247.7273
2020-07-08,250.9902
2020-07-09,253.1045
2020-07-10,254.8326
2020-07-13,249.5905
2020-07-14,251.3572
2020-07-15,251.8688
2020-07-16,250.1504
2020-07-17,250.4401
2020-07-20,257.5453
2020-07-21,254.8615
2020-07-22,255.7594
2020-07-23,249.0789
2020-07-24,246.7137
2020-07-27,251.1159
2020-07-28,247.9204
2020-07-29,250.7779
2020-07-30,252.0908
2020-07-31,256.5896
2020-08-03,260.0553
2020-08-04,261.0207
2020-08-05,261.6674
2020-08-06,265.1332
2020-08-07,262.0730
2020-08-10,260.9531
2020-08-11,256.0103
2020-08-12,262.4495
2020-08-13,263.0480
2020-08-14,262.7390
2020-08-17,265.7896
2020-08-18,268.3479
2020-08-19,266.5426
2020-08-20,270.2402
2020-08-21,272.1129
2020-08-24,273.8120
2020-08-25,275.9647
2020-08-26,281.8536
2020-08-27,280.9752
2020-08-28,282.4040
2020-08-31,284.6726
2020-09-01,289.5381
2020-09-02,292.2798
2020-09-03,277.4612
2020-09-04,273.7638
2020-09-08,260.6055
2020-09-09,268.2610
2020-09-10,262.9129
2020-09-11,261.0883
2020-09-14,265.6351
2020-09-15,269.4001
2020-09-16,265.1043
2020-09-17,260.9627
2020-09-18,257.6321
2020-09-21,258.2500
2020-09-22,263.0480
2020-09-23,255.0160
2020-09-24,256.2035
2020-09-25,262.1598
2020-09-28,267.6046
2020-09-29,266.3979
2020-09-30,268.2225
2020-10-01,272.4797
2020-10-02,264.8145
2020-10-05,270.4621
2020-10-06,265.6351
2020-10-07,270.2304
2020-10-08,271.6688
2020-10-09,275.8200
2020-10-12,284.3347
2020-10-13,284.3250
2020-10-14,281.9502
2020-10-15,280.0580
2020-10-16,278.5231
2020-10-19,273.9761
2020-10-20,274.5650
2020-10-21,274.3526
2020-10-22,274.3430
2020-10-23,274.8835
2020-10-26,270.7614
2020-10-27,272.8757
2020-10-28,262.2372
2020-10-29,266.8226
2020-10-30,260.0553
2020-11-02,260.6345
2020-11-03,265.1428
2020-11-04,276.9784
2020-11-05,284.1996
2020-11-06,284.4119
2020-11-09,278.6003
2020-11-10,273.6092
2020-11-11,279.7299
2020-11-12,278.4169
2020-11-13,280.8593
2020-11-16,283.0508
2020-11-17,282.1529
2020-11-18,280.0677
2020-11-19,282.2591
2020-11-20,280.3284
2020-11-23,280.3380
2020-11-24,284.2768
2020-11-25,286.0241
2020-11-27,288.6596
2020-11-30,289.2485
2020-12-01,292.9556
2020-12-02,293.3321
2020-12-03,293.7472
2020-12-04,294.9442
2020-12-07,296.6143
2020-12-08,297.6183
2020-12-09,290.8800
2020-12-10,292.0480
2020-12-11,291.4013
2020-12-14,293.5155
2020-12-15,296.6530
2020-12-16,298.2846
2020-12-17,300.2346
2020-12-18,299.3271
2020-12-21,298.7672
2020-12-22,299.5795
2020-12-23,298.0708
2020-12-24,299.3861
2020-12-28,302.4036
2020-12-29,302.6743
2020-12-30,302.6841
2020-12-31,303.4287
2021-01-04,299.1443
2021-01-05,301.6105
2021-01-06,297.4324
2021-01-07,304.6279
2021-01-08,308.5448
2021-01-11,304.0863
2021-01-12,303.6028
2021-01-13,305.6531
2021-01-14,304.0187
2021-01-15,301.6105
2021-01-19,306.0110
2021-01-20,313.1290
2021-01-21,315.6340
2021-01-22,314.7249
2021-01-25,317.3264
2021-01-26,317.7907
2021-01-27,308.9318
2021-01-28,310.7596
2021-01-29,304.2218
2021-02-01,311.8234
2021-02-02,316.9105
2021-02-03,315.6533
2021-02-04,319.3864
2021-02-05,320.4696
2021-02-08,322.6166
2021-02-09,322.5490
2021-02-10,321.8140
2021-02-11,323.5837
2021-02-12,325.3923
2021-02-16,324.5123
2021-02-17,322.9552
2021-02-18,321.5432
2021-02-19,320.1407
2021-02-22,311.8428
2021-02-23,310.9144
2021-02-24,313.4773
2021-02-25,302.5486
2021-02-26,303.8156
2021-03-01,312.9550
2021-03-02,307.9355
2021-03-03,298.9992
2021-03-04,294.1055
2021-03-05,298.5350
2021-03-08,290.0822
2021-03-09,301.5234
2021-03-10,300.6626
2021-03-11,307.5874
2021-03-12,305.0922
2021-03-15,308.3513
2021-03-16,310.0439
2021-03-17,311.3206
2021-03-18,301.7846
2021-03-19,302.8485
2021-03-22,308.5278
2021-03-23,307.1819
2021-03-24,302.0011
2021-03-25,301.4782
2021-03-26,306.0005
2021-03-29,305.9133
2021-03-30,304.3736
2021-03-31,309.0314
2021-04-01,314.2992
2021-04-05,320.5742
2021-04-06,320.3515
2021-04-07,321.1261
2021-04-08,324.4766
2021-04-09,326.4424
2021-04-12,326.0164
2021-04-13,329.8220
2021-04-14,325.8614
2021-04-15,330.8000
2021-04-16,331.1874
2021-04-19,328.1564
2021-04-20,325.7646
2021-04-21,328.5535
2021-04-22,324.5929
2021-04-23,328.6794
2021-04-26,330.8195
2021-04-27,329.3862
2021-04-28,328.2726
2021-04-29,329.4540
2021-04-30,327.2946
2021-05-03,325.5516
2021-05-04,319.6930
2021-05-05,318.6181
2021-05-06,321.0196
2021-05-07,323.6245
2021-05-10,315.4516
2021-05-11,315.0159
2021-05-12,306.8622
2021-05-13,309.2347
2021-05-14,316.0617
2021-05-17,314.1444
2021-05-18,312.0236
2021-05-19,312.3820
2021-05-20,318.4244
2021-05-21,316.6621
2021-05-24,321.9879
2021-05-25,322.4334
2021-05-26,323.5568
2021-05-27,322.3463
2021-05-28,323.3630
2021-06-01,322.2882
2021-06-02,322.9176
2021-06-03,319.5574
2021-06-04,324.9803
2021-06-07,325.9486
2021-06-08,326.1035
2021-06-09,326.1809
2021-06-10,329.5799
2021-06-11,330.4417
2021-06-14,333.6083
2021-06-15,331.4294
2021-06-16,330.2190
2021-06-17,334.4120
2021-06-18,331.7878
2021-06-21,333.8498
2021-06-22,336.9619
2021-06-23,337.1266
2021-06-24,339.2111
2021-06-25,338.7942
2021-06-28,342.9145
2021-06-29,344.1554
2021-06-30,343.6125
2021-07-01,343.7483
2021-07-02,347.6941
2021-07-06,349.1967
2021-07-07,349.9335
2021-07-08,347.8200
2021-07-09,349.9917
2021-07-12,351.3587
2021-07-13,351.3587
2021-07-14,351.9888
2021-07-15,349.5166
2021-07-16,346.6857
2021-07-19,343.8451
2021-07-20,347.8394
2021-07-21,350.5249
2021-07-22,352.8419
2021-07-23,356.9622
2021-07-26,357.2434
2021-07-27,353.3073
2021-07-28,354.6645
2021-07-29,355.2947
2021-07-30,353.4431
2021-08-02,353.4722
2021-08-03,355.6146
2021-08-04,356.1284
2021-08-05,358.3874
2021-08-06,356.8167
2021-08-09,357.4760
2021-08-10,355.6437
2021-08-11,355.0329
2021-08-12,356.3127
2021-08-13,357.5633
2021-08-16,357.7184
2021-08-17,354.5676
2021-08-18,351.1550
2021-08-19,352.8516
2021-08-20,356.5066
2021-08-23,361.8387
2021-08-24,362.9438
2021-08-25,363.3608
2021-08-26,361.0534
2021-08-27,364.5629
2021-08-30,368.6541
2021-08-31,368.3536
2021-09-01,368.9644
2021-09-02,368.7898
2021-09-03,369.9242
2021-09-07,370.4476
2021-09-08,369.1582
2021-09-09,367.8883
2021-09-10,365.0961
2021-09-13,364.8442
2021-09-14,363.8068
2021-09-15,366.5115
2021-09-16,366.7636
2021-09-17,362.4203
2021-09-20,354.9316
2021-09-21,355.3684
2021-09-22,358.6876
2021-09-23,361.9972
2021-09-24,362.3369
2021-09-27,359.4446
2021-09-28,349.2733
2021-09-29,348.7007
2021-09-30,347.4194
2021-10-01,349.5741
2021-10-04,342.2367
2021-10-05,346.8565
2021-10-06,349.0792
2021-10-07,352.2820
2021-10-08,350.5253
2021-10-11,347.8368
2021-10-12,346.6236
2021-10-13,349.3995
2021-10-14,355.8342
2021-10-15,358.0761
2021-10-18,361.6769
2021-10-19,364.4139
2021-10-20,363.9383
2021-10-21,366.1609
2021-10-22,363.0842
2021-10-25,366.8014
2021-10-26,367.9565
2021-10-27,368.8104
2021-10-28,372.9063
2021-10-29,374.7405
2021-11-01,376.0217
2021-11-02,377.5941
2021-11-03,381.6024
2021-11-04,386.4940
2021-11-05,386.8628
2021-11-08,386.3387
2021-11-09,383.6794
2021-11-10,378.0405
2021-11-11,379.0887
2021-11-12,383.0776
2021-11-15,382.9902
2021-11-16,385.7176
2021-11-17,385.9214
2021-11-18,389.9201
2021-11-19,392.0941
2021-11-22,387.5421
2021-11-23,385.7758
2021-11-24,387.0181
2021-11-26,379.6807
2021-11-29,387.9207
2021-11-30,382.2236
2021-12-01,375.7208
2021-12-02,378.4287
2021-12-03,371.8483
2021-12-06,374.8280
2021-12-07,386.1154
2021-12-08,387.8431
2021-12-09,382.1362
2021-12-10,386.2903
2021-12-13,380.7095
2021-12-14,376.7690
2021-12-15,385.3584
2021-12-16,375.4491
2021-12-17,373.5759
2021-12-20,369.9521
2021-12-21,378.2318
2021-12-22,382.8381
2021-12-23,385.7243
2021-12-27,392.0992
2021-12-28,390.2820
2021-12-29,390.2237
2021-12-30,389.0575
2021-12-31,386.6281
2022-01-03,390.3499
2022-01-04,385.2870
2022-01-05,373.4505
2022-01-06,373.1882
2022-01-07,369.1455
2022-01-10,369.3885
2022-01-11,374.9374
2022-01-12,376.4243
2022-01-13,367.0075
2022-01-14,369.2914
2022-01-18,360.0980
2022-01-19,356.1429
2022-01-20,351.5172
2022-01-21,341.7700
2022-01-24,343.3346
2022-01-25,335.3757
2022-01-26,334.8510
2022-01-27,331.4788
2022-01-28,341.8770
2022-01-31,352.8097
2022-02-01,355.2100
2022-02-02,358.0962
2022-02-03,343.5776
2022-02-04,347.9118
2022-02-07,345.1131
2022-02-08,348.9905
2022-02-09,356.3859
2022-02-10,348.3200
2022-02-11,337.2706
2022-02-14,337.6885
2022-02-15,346.0848
2022-02-16,345.9974
2022-02-17,335.7061
2022-02-18,331.8772
2022-02-22,328.5440
2022-02-23,320.1282
2022-02-24,330.8860
2022-02-25,336.0170
2022-02-28,337.0180
2022-03-01,331.8578
2022-03-02,337.4262
2022-03-03,332.6061
2022-03-04,327.7859
2022-03-07,315.6968
2022-03-08,314.2295
2022-03-09,325.5411
2022-03-10,321.9261
2022-03-11,315.2498
2022-03-14,309.1956
2022-03-15,318.8940
2022-03-16,330.7208
2022-03-17,334.7245
2022-03-18,341.5757
2022-03-21,340.6261
2022-03-22,347.3203
2022-03-23,342.3289
2022-03-24,349.9376
2022-03-25,349.6457
2022-03-28,355.0555
2022-03-29,361.1660
2022-03-30,357.1768
2022-03-31,352.7496
2022-04-01,352.0782
2022-04-04,359.3271
2022-04-05,351.3485
2022-04-06,343.7203
2022-04-07,344.5375
2022-04-08,339.7212
2022-04-11,331.6842
2022-04-12,330.2831
2022-04-13,336.9968
2022-04-14,329.2907
2022-04-18,329.5437
2022-04-19,336.9093
2022-04-20,331.9956
2022-04-21,325.1262
2022-04-22,316.6125
2022-04-25,320.6797
2022-04-26,308.5756
2022-04-27,308.2059
2022-04-28,319.1521
2022-04-29,304.7906
2022-05-02,309.8795
2022-05-03,310.2103
2022-05-04,320.6992
2022-05-05,304.5474
2022-05-06,300.8987
2022-05-09,289.1255
2022-05-10,292.6380
2022-05-11,283.9589
2022-05-12,283.2875
2022-05-13,293.7862
2022-05-16,290.3806
2022-05-17,297.9019
2022-05-18,283.2777
2022-05-19,281.7599
2022-05-20,280.8842
2022-05-23,285.5546
2022-05-24,279.4830
2022-05-25,283.3945
2022-05-26,291.2466
2022-05-27,300.7527
2022-05-31,299.9549
2022-06-01,297.7365
2022-06-02,305.8902
2022-06-03,297.9311
2022-06-06,298.9235
2022-06-07,301.5019
2022-06-08,299.3322
2022-06-09,291.3147
2022-06-10,281.0399
2022-06-13,267.9725
2022-06-14,268.4590
2022-06-15,275.1629
2022-06-16,264.0612
2022-06-17,267.2720
2022-06-21,274.0151
2022-06-22,273.6155
2022-06-23,277.6904
2022-06-24,287.2050
2022-06-27,285.0994
2022-06-28,276.4134
2022-06-29,276.6667
2022-06-30,273.2353
2022-07-01,275.0387
2022-07-05,279.7473
2022-07-06,281.5411
2022-07-07,287.5657
2022-07-08,287.9265
2022-07-11,281.7751
2022-07-12,279.0454
2022-07-13,278.4702
2022-07-14,279.4647
2022-07-15,284.5340
2022-07-18,282.1260
2022-07-19,290.8023
2022-07-20,295.4135
2022-07-21,299.6541
2022-07-22,294.3995
2022-07-25,292.7229
2022-07-26,286.9712
2022-07-27,299.0984
2022-07-28,302.0230
2022-07-29,307.5311
2022-08-01,307.3458
2022-08-02,306.4294
2022-08-03,314.7743
2022-08-04,316.2462
2022-08-05,313.6628
2022-08-08,312.6491
2022-08-09,309.1103
2022-08-10,317.7378
2022-08-11,315.9344
2022-08-12,322.0857
2022-08-15,324.6886
2022-08-16,323.9283
2022-08-17,320.2336
2022-08-18,321.0036
2022-08-19,314.7450
2022-08-22,306.4586
2022-08-23,306.2052
2022-08-24,307.0923
2022-08-25,312.5224
2022-08-26,299.7125
2022-08-29,296.7587
2022-08-30,293.4540
2022-08-31,291.7479
2022-09-01,291.8747
2022-09-02,287.7510
2022-09-06,285.6842
2022-09-07,291.4555
2022-09-08,292.9665
2022-09-09,299.3714
2022-09-12,302.9297
2022-09-13,286.3180
2022-09-14,288.5894
2022-09-15,283.7833
2022-09-16,282.0481
2022-09-19,284.2444
2022-09-20,281.9787
2022-09-21,276.9296
2022-09-22,273.5212
2022-09-23,269.0678
2022-09-26,267.9545
2022-09-27,268.0619
2022-09-28,273.3942
2022-09-29,265.5129
2022-09-30,261.0108
2022-10-03,267.1341
2022-10-04,275.5330
2022-10-05,275.3866
2022-10-06,273.2184
2022-10-07,262.8076
2022-10-10,260.1806
2022-10-11,256.6062
2022-10-12,256.5182
2022-10-13,262.5343
2022-10-14,254.6432
2022-10-17,263.0518
2022-10-18,265.1320
2022-10-19,264.1652
2022-10-20,262.8174
2022-10-21,268.9799
2022-10-24,271.9391
2022-10-25,277.5644
2022-10-26,271.4312
2022-10-27,266.4895
2022-10-28,274.6443
2022-10-31,271.4508
2022-11-01,268.6771
2022-11-02,259.4676
2022-11-03,254.3990
2022-11-04,258.4911
2022-11-07,261.3330
2022-11-08,263.2374
2022-11-09,257.1628
2022-11-10,276.1385
2022-11-11,281.2267
2022-11-14,278.7656
2022-11-15,282.6233
2022-11-16,278.7656
2022-11-17,278.1504
2022-11-18,278.1601
2022-11-21,275.2987
2022-11-22,279.2638
2022-11-23,282.0666
2022-11-25,280.2110
2022-11-28,276.0995
2022-11-29,274.0095
2022-11-30,286.5004
2022-12-01,286.8520
2022-12-02,285.7094
2022-12-05,280.9142
2022-12-06,275.0935
2022-12-07,273.9704
2022-12-08,277.2129
2022-12-09,275.4451
2022-12-12,278.9023
2022-12-13,281.9006
2022-12-14,279.8106
2022-12-15,270.4156
2022-12-16,267.8373
2022-12-19,264.0732
2022-12-20,263.8677
2022-12-21,267.6953
2022-12-22,261.1461
2022-12-23,261.7335
2022-12-27,258.0330
2022-12-28,254.6263
2022-12-29,260.8329
2022-12-30,260.6763
2023-01-03,258.9141
2023-01-04,260.1476
2023-01-05,256.0751
2023-01-06,263.1432
2023-01-09,264.8466
2023-01-10,267.0883
2023-01-11,271.7091
2023-01-12,273.1775
2023-01-13,275.0571
2023-01-17,275.6151
2023-01-18,272.0321
2023-01-19,269.3596
2023-01-20,276.7311
2023-01-23,282.8789
2023-01-24,282.3013
2023-01-25,281.6748
2023-01-26,287.1668
2023-01-27,290.0253
2023-01-30,284.1613
2023-01-31,288.4198
2023-02-01,294.5873
2023-02-02,305.1599
2023-02-03,299.7365
2023-02-06,297.2010
2023-02-07,303.3587
2023-02-08,297.9646
2023-02-09,295.3312
2023-02-10,293.3929
2023-02-13,298.0919
2023-02-14,300.2945
2023-02-15,302.5951
2023-02-16,296.9171
2023-02-17,294.8222
2023-02-21,287.8423
2023-02-22,288.0576
2023-02-23,290.5736
2023-02-24,285.7082
2023-02-27,287.7542
2023-02-28,287.3821
2023-03-01,285.0718
2023-03-02,287.4310
2023-03-03,293.3733
2023-03-06,293.7062
2023-03-07,290.1036
2023-03-08,291.5525
2023-03-09,286.5011
2023-03-10,282.4776
2023-03-13,284.5725
2023-03-14,291.1119
2023-03-15,292.6391
2023-03-16,300.3532
2023-03-17,298.9337
2023-03-20,299.9948
2023-03-21,304.2793
2023-03-22,300.1417
2023-03-23,303.7009
2023-03-24,304.8186
2023-03-27,302.7303
2023-03-28,301.1223
2023-03-29,306.6128
2023-03-30,309.5151
2023-03-31,314.6625
2023-04-03,313.8977
2023-04-04,312.8389
2023-04-05,309.7503
2023-04-06,311.8387
2023-04-10,311.6622
2023-04-11,309.6621
2023-04-12,306.9266
2023-04-13,312.9369
2023-04-14,312.3486
2023-04-17,312.6133
2023-04-18,312.6330
2023-04-19,312.4858
2023-04-20,310.1034
2023-04-21,310.4269
2023-04-24,309.7798
2023-04-25,303.9362
2023-04-26,305.7794
2023-04-27,314.0938
2023-04-28,316.2607
2023-05-01,315.8979
2023-05-02,313.1428
2023-05-03,311.0936
2023-05-04,309.9955
2023-05-05,316.5843
2023-05-08,317.3687
2023-05-09,315.3586
2023-05-10,318.7903
2023-05-11,319.8296
2023-05-12,318.6824
2023-05-15,320.4081
2023-05-16,320.7709
2023-05-17,324.6535
2023-05-18,330.6834
2023-05-19,329.9383
2023-05-22,331.0462
2023-05-23,326.8498
2023-05-24,325.1732
2023-05-25,333.0855
2023-05-26,341.5960
2023-05-30,343.1452
2023-05-31,341.1941
2023-06-01,345.1356
2023-06-02,347.7240
2023-06-05,347.9691
2023-06-06,347.9102
2023-06-07,342.0078
2023-06-08,346.2534
2023-06-09,347.5769
2023-06-12,353.4499
2023-06-13,356.1659
2023-06-14,358.7543
2023-06-15,363.0291
2023-06-16,360.7446
2023-06-20,360.2282
2023-06-21,355.3191
2023-06-22,359.5115
2023-06-23,355.9475
2023-06-26,351.1759
2023-06-27,357.2141
2023-06-28,357.9111
2023-06-29,357.1944
2023-06-30,362.7024
2023-07-03,363.5566
2023-07-05,363.5468
2023-07-06,360.7780
2023-07-07,359.5802
2023-07-10,359.6980
2023-07-11,361.4751
2023-07-12,366.0405
2023-07-13,372.2555
2023-07-14,372.1769
2023-07-17,375.6525
2023-07-18,378.7257
2023-07-19,378.6372
2023-07-20,369.9089
2023-07-21,368.7995
2023-07-24,369.3886
2023-07-25,371.8922
2023-07-26,370.6551
2023-07-27,369.7715
2023-07-28,376.5067
2023-07-31,376.7031
2023-08-01,375.8293
2023-08-02,367.5821
2023-08-03,366.9929
2023-08-04,365.2748
2023-08-07,368.3675
2023-08-08,365.2355
2023-08-09,361.2199
2023-08-10,361.8875
2023-08-11,359.5802
2023-08-14,363.6155
2023-08-15,359.7569
2023-08-16,355.9475
2023-08-17,352.0595
2023-08-18,351.6177
2023-08-21,357.2827
2023-08-22,356.7722
2023-08-23,362.3980
2023-08-24,354.6515
2023-08-25,357.4005
2023-08-28,360.0907
2023-08-29,367.9551
2023-08-30,370.0071
2023-08-31,371.1165
2023-09-01,370.7238
2023-09-05,371.1951
2023-09-06,367.9256
2023-09-07,365.2944
2023-09-08,365.8049
2023-09-11,370.1151
2023-09-12,366.0112
2023-09-13,367.4052
2023-09-14,370.4096
2023-09-15,364.0670
2023-09-18,364.4467
2023-09-19,363.6699
2023-09-20,358.4293
2023-09-21,351.8611
2023-09-22,351.9104
2023-09-25,353.5818
2023-09-26,348.2724
2023-09-27,349.0885
2023-09-28,352.0087
2023-09-29,352.2643
2023-10-02,355.2042
2023-10-03,348.9704
2023-10-04,353.7196
2023-10-05,352.6772
2023-10-06,358.5866
2023-10-09,360.4153
2023-10-10,362.4114
2023-10-11,364.9973
2023-10-12,363.7289
2023-10-13,359.1568
2023-10-16,363.2176
2023-10-17,362.0279
2023-10-18,357.2788
2023-10-19,353.9359
2023-10-20,348.6558
2023-10-23,349.7079
2023-10-24,353.1099
2023-10-25,344.4673
2023-10-26,337.8993
2023-10-27,339.5216
2023-10-30,343.3463
2023-10-31,344.9884
2023-11-01,350.9763
2023-11-02,357.3477
2023-11-03,361.5461
2023-11-06,363.0209
2023-11-07,366.4525
2023-11-08,366.6884
2023-11-09,363.8665
2023-11-10,372.0471
2023-11-13,370.8869
2023-11-14,378.8707
2023-11-15,379.1559
2023-11-16,379.4804
2023-11-17,379.5688
2023-11-20,384.1900
2023-11-21,381.9581
2023-11-22,383.5214
2023-11-24,382.9807
2023-11-27,382.6464
2023-11-28,383.6493
2023-11-29,383.2757
2023-11-30,382.3120
2023-12-01,383.4035
2023-12-04,379.8441
2023-12-05,380.7979
2023-12-06,378.5954
2023-12-07,383.8852
2023-12-08,385.5962
2023-12-11,388.8899
2023-12-12,391.9872
2023-12-13,396.9721
2023-12-14,396.6280
2023-12-15,398.5453
2023-12-18,401.0556
2023-12-19,403.1048
2023-12-20,397.1148
2023-12-21,401.7354
2023-12-22,402.3364
2023-12-26,404.7993
2023-12-27,405.6234
2023-12-28,405.4263
2023-12-29,403.6717
2024-01-02,396.8407
2024-01-03,392.6415
2024-01-04,390.6208
2024-01-05,391.0841
2024-01-08,399.1670
2024-01-09,399.9555
2024-01-10,402.6662
2024-01-11,403.5042
2024-01-12,403.7111
2024-01-16,403.6717
2024-01-17,401.3947
2024-01-18,407.0921
2024-01-19,415.1652
2024-01-22,415.7074
2024-01-23,417.4323
2024-01-24,419.7488
2024-01-25,420.2614
2024-01-26,417.7576
2024-01-29,422.0356
2024-01-30,419.2263
2024-01-31,411.0154
2024-02-01,415.8552
2024-02-02,422.8835
2024-02-05,422.3314
2024-02-06,421.4837
2024-02-07,425.8209
2024-02-08,426.6094
2024-02-09,430.8086
2024-02-12,429.1230
2024-02-13,422.4299
2024-02-14,427.0332
2024-02-15,428.3048
2024-02-16,424.4211
2024-02-20,421.2175
2024-02-21,419.5319
2024-02-22,431.8140
2024-02-23,430.5424
2024-02-26,430.3157
2024-02-27,431.3507
2024-02-28,429.0540
2024-02-29,432.7307
2024-03-01,439.2463
2024-03-04,437.6790
2024-03-05,429.8228
2024-03-06,432.5237
2024-03-07,439.0886
2024-03-08,432.7505
2024-03-11,431.1437
2024-03-12,437.3242
2024-03-13,433.9629
2024-03-14,432.8687
2024-03-15,427.7232
2024-03-18,431.8026
2024-03-19,432.8785
2024-03-20,438.0110
2024-03-21,440.0837
2024-03-22,440.5872
2024-03-25,438.9882
2024-03-26,437.5669
2024-03-27,439.0573
2024-03-28,438.2479
2024-04-01,439.1757
2024-04-02,435.3855
2024-04-03,436.3626
2024-04-04,429.6904
2024-04-05,434.7538
2024-04-08,434.8822
2024-04-09,436.4910
2024-04-10,432.6811
2024-04-11,439.5903
2024-04-12,432.5824
2024-04-15,425.4660
2024-04-16,425.5054
2024-04-17,420.3137
2024-04-18,417.9153
2024-04-19,409.2689
2024-04-22,413.3848
2024-04-23,419.5537
2024-04-24,420.9750
2024-04-25,418.9417
2024-04-26,425.4067
2024-04-29,427.1340
2024-04-30,419.0799
2024-05-01,416.0497
2024-05-02,421.3599
2024-05-03,429.8286
2024-05-06,434.5367
2024-05-07,434.6058
2024-05-08,434.3492
2024-05-09,435.2967
2024-05-10,436.3232
2024-05-13,437.3299
2024-05-14,440.1429
2024-05-15,447.0225
2024-05-16,446.1145
2024-05-17,445.8974
2024-05-20,449.0064
2024-05-21,449.8849
2024-05-22,449.7960
2024-05-23,447.7726
2024-05-24,452.0070
2024-05-28,453.7145
2024-05-29,450.5166
2024-05-30,445.6901
2024-05-31,444.8609
2024-06-03,447.2495
2024-06-04,448.4734
2024-06-05,457.5146
2024-06-06,457.3566
2024-06-07,456.9519
2024-06-10,458.7977
2024-06-11,461.9463
2024-06-12,467.9968
2024-06-13,470.5334
2024-06-14,472.9713
2024-06-17,478.7652
2024-06-18,478.9132
2024-06-20,475.2217
2024-06-21,473.9485
2024-06-24,468.5528
2024-06-25,473.9109
2024-06-26,474.8896
2024-06-27,476.1154
2024-06-28,473.6440
2024-07-01,476.4220
2024-07-02,481.4242
2024-07-03,485.4380
2024-07-05,490.4995
2024-07-08,491.6661
2024-07-09,492.0911
2024-07-10,497.2219
2024-07-11,486.3177
2024-07-12,489.1748
2024-07-15,490.4896
2024-07-16,490.6774
2024-07-17,476.2736
2024-07-18,474.0197
2024-07-19,469.8182
2024-07-22,476.8174
2024-07-23,475.1368
2024-07-24,458.0935
2024-07-25,453.0417
2024-07-26,457.6882
2024-07-29,458.6075
2024-07-30,452.3102
2024-07-31,465.6957
2024-08-01,454.4159
2024-08-02,443.6304
2024-08-05,430.4030
2024-08-06,434.5156
2024-08-07,429.8099
2024-08-08,442.9581
2024-08-09,445.2715
2024-08-12,446.2304
2024-08-13,457.3026
2024-08-14,457.4509
2024-08-15,469.0075
2024-08-16,469.6106
2024-08-19,475.7794
2024-08-20,474.7809
2024-08-21,476.9953
2024-08-22,469.4326
2024-08-23,474.5238
2024-08-26,469.9170
2024-08-27,471.3208
2024-08-28,465.9725
2024-08-29,465.2904
2024-08-30,470.8364
2024-09-03,456.5414
2024-09-04,455.3551
2024-09-05,455.7802
2024-09-06,443.5711
2024-09-09,449.2752
2024-09-10,453.4273
2024-09-11,463.2737
2024-09-12,467.8212
2024-09-13,469.9170
2024-09-16,467.8410
2024-09-17,468.0881
2024-09-18,466.0615
2024-09-19,477.8455
2024-09-20,476.9360
2024-09-23,478.2003
2024-09-24,480.5069
2024-09-25,480.9524
2024-09-26,484.5658
2024-09-27,481.8730
2024-09-30,483.1798
2024-10-01,476.4479
2024-10-02,477.1212
2024-10-03,476.7648
2024-10-04,482.4373
2024-10-07,477.2697
2024-10-08,484.3975
2024-10-09,488.2089
2024-10-10,487.6546
2024-10-11,488.4168
2024-10-14,492.5154
2024-10-15,485.9320
2024-10-16,485.9914
2024-10-17,486.3280
2024-10-18,489.5157
2024-10-21,490.4562
2024-10-22,490.9908
2024-10-23,483.4669
2024-10-24,487.3873
2024-10-25,490.3572
2024-10-28,490.4364
2024-10-29,495.1487
2024-10-30,491.4066
2024-10-31,479.0021
2024-11-01,482.5463
2024-11-04,481.1405
2024-11-05,487.2784
2024-11-06,500.5144
2024-11-07,508.3946
2024-11-08,508.9887
2024-11-11,508.6916
2024-11-12,507.7709
2024-11-13,507.1176
2024-11-14,503.5932
2024-11-15,491.5947
2024-11-18,495.0101
2024-11-19,498.4156
2024-11-20,498.1285
2024-11-21,499.9204
2024-11-22,500.7223
2024-11-25,501.5143
2024-11-26,504.2070
2024-11-27,500.2372
2024-11-29,504.6327
2024-12-02,510.1270
2024-12-03,511.6913
2024-12-04,518.0173
2024-12-05,516.5818
2024-12-06,521.2050
2024-12-09,517.1461
2024-12-10,515.3839
2024-12-11,524.6105
2024-12-12,521.2248
2024-12-13,525.2144
2024-12-16,532.7778
2024-12-17,530.4316
2024-12-18,511.2953
2024-12-19,509.0183
2024-12-20,513.4633
2024-12-23,518.4659
2024-12-24,525.4961
2024-12-26,525.1391
2024-12-27,518.1584
2024-12-30,511.2670
2024-12-31,506.9239
2025-01-02,505.9323
2025-01-03,514.2120
2025-01-06,520.1218
2025-01-07,510.8405
2025-01-08,510.9299
2025-01-10,502.9179
2025-01-13,501.3016
2025-01-14,500.8257
2025-01-15,512.3478
2025-01-16,508.7583
2025-01-17,517.3453
2025-01-21,520.3795
2025-01-22,527.0331
2025-01-23,528.1535
2025-01-24,525.1689
2025-01-27,509.8788
2025-01-28,517.4149
2025-01-29,516.4430
2025-01-30,518.6443
2025-01-31,517.8907
2025-02-03,513.7460
2025-02-04,520.0523
2025-02-05,522.4123
2025-02-06,525.1391
2025-02-07,518.5155
2025-02-10,524.7921
2025-02-11,523.5427
2025-02-12,523.8500
2025-02-13,531.3861
2025-02-14,533.6172
2025-02-18,534.8268
2025-02-19,534.9756
2025-02-20,532.7048
2025-02-21,521.6487
2025-02-24,515.4911
2025-02-25,508.9963
2025-02-26,510.2258
2025-02-27,496.0562
2025-02-28,503.8897
2025-03-03,492.8633
2025-03-04,491.3760
2025-03-05,497.7815
2025-03-06,484.0879
2025-03-07,487.6476
2025-03-10,468.7482
2025-03-11,467.6277
2025-03-12,472.9029
2025-03-13,464.3952
2025-03-14,475.6198
2025-03-17,478.7036
2025-03-18,470.5429
2025-03-19,476.8395
2025-03-20,475.2231
2025-03-21,476.7899
2025-03-24,487.2527
2025-03-25,490.0332
2025-03-26,481.0163
2025-03-27,478.2755
2025-03-28,465.6835
2025-03-31,465.6637
2025-04-01,469.4174
2025-04-02,472.8434
2025-04-03,447.5305
2025-04-04,419.7348
2025-04-07,420.7477
2025-04-08,413.1708
2025-04-09,462.7639
2025-04-10,443.0816
2025-04-11,451.2444
2025-04-14,454.3031
2025-04-15,454.8096
2025-04-16,441.0955
2025-04-17,441.0160
2025-04-21,430.1023
2025-04-22,441.3934
2025-04-23,451.4034
2025-04-24,464.1046
2025-04-25,469.2784
2025-04-28,469.1294
2025-04-29,472.2277
2025-04-30,472.1682
2025-05-01,478.3350
2025-05-02,485.4354
2025-05-05,482.5555
2025-05-06,478.0669
2025-05-07,479.9438
2025-05-08,484.8991
2025-05-09,484.5814
2025-05-12,504.3233
2025-05-13,512.0096
2025-05-14,515.0781
2025-05-15,515.6441
2025-05-16,517.8885
2025-05-19,518.3849
2025-05-20,516.6571
2025-05-21,509.4773
2025-05-22,510.4306
2025-05-23,505.7036
2025-05-27,517.6005
2025-05-28,515.3065
2025-05-29,516.3195
2025-05-30,515.5051
2025-06-02,519.5767
2025-06-03,523.6381
2025-06-04,525.0981
2025-06-05,521.1456
2025-06-06,526.2400
2025-06-09,527.0146
2025-06-10,530.5004
2025-06-11,528.7127
2025-06-12,529.9540
2025-06-13,523.3006
2025-06-16,530.5797
2025-06-17,525.4059
2025-06-18,525.3164
2025-06-20,523.1715
2025-06-23,528.5510
2025-06-24,536.6336
2025-06-25,538.0054
2025-06-26,543.0359
2025-06-27,544.8952
2025-06-30,548.4244
2025-07-01,543.8016
2025-07-02,547.5893
2025-07-03,552.9777
2025-07-07,548.8122
2025-07-08,549.1204
2025-07-09,553.0076
2025-07-10,552.2123
2025-07-11,550.9695
2025-07-14,552.9678
2025-07-15,553.4749
2025-07-16,554.0416
2025-07-17,558.5252
2025-07-18,557.9883
2025-07-21,560.8814
2025-07-22,557.9785
2025-07-23,560.5235
2025-07-24,561.7166
2025-07-25,563.0685
2025-07-28,564.8283
2025-07-29,563.9534
2025-07-30,564.7089
2025-07-31,561.7166
2025-08-01,550.6514
2025-08-04,560.8118
2025-08-05,557.0042
2025-08-06,564.0131
2025-08-07,565.9219
2025-08-08,571.2009
2025-08-11,569.5107
2025-08-12,576.6689
2025-08-13,576.9572
2025-08-14,576.5098
2025-08-15,573.9747
2025-08-18,573.7460
2025-08-19,565.9616
2025-08-20,562.6013
2025-08-21,559.9966
2025-08-22,568.6360
2025-08-25,566.9956
2025-08-26,569.2722
2025-08-27,570.1471
2025-08-28,573.7161
2025-08-29,567.0751
2025-09-02,562.3230
2025-09-03,566.7471
2025-09-04,571.8769
2025-09-05,572.7021
2025-09-08,575.4957
2025-09-09,577.1261
2025-09-10,577.3151
2025-09-11,580.6754
2025-09-12,583.2403
2025-09-15,588.2311
2025-09-16,587.7339
2025-09-17,586.5609
2025-09-18,591.8499
2025-09-19,595.8563
2025-09-22,599.3838
2025-09-23,595.4025
2025-09-24,593.3123
2025-09-25,590.7544
2025-09-26,593.1829
2025-09-29,595.9300
2025-09-30,597.5624
2025-10-01,600.4288
2025-10-02,602.8972
2025-10-03,600.3592
2025-10-06,604.8680
2025-10-07,601.6830
2025-10-08,608.5806
2025-10-09,607.8441
2025-10-10,586.7432
2025-10-13,599.1946
2025-10-14,595.2034
2025-10-15,599.4037
2025-10-16,597.1841
2025-10-17,601.1057
2025-10-20,608.6801
2025-10-21,608.5209
2025-10-22,602.6584
2025-10-23,607.7245
2025-10-24,614.2140
2025-10-27,625.1528
2025-10-28,629.9601
2025-10-29,632.7968
2025-10-30,623.1222
2025-10-31,626.1282
2025-11-03,629.1240
2025-11-04,616.3541
2025-11-05,620.3652
2025-11-06,608.8096
2025-11-07,606.8885
2025-11-10,620.3154
2025-11-11,618.6632
2025-11-12,618.1755
2025-11-13,605.5547
2025-11-14,606.0127
2025-11-17,600.8370
2025-11-18,593.5213
2025-11-19,597.0647
2025-11-20,582.9311
2025-11-21,587.3105
2025-11-24,602.3299
2025-11-25,606.0425
2025-11-26,611.3973
2025-11-28,616.3541
2025-12-01,614.2838
2025-12-02,619.0911
2025-12-03,620.6041
2025-12-04,620.0268
2025-12-05,622.5549
2025-12-08,621.3605
2025-12-09,622.1268
2025-12-10,624.6750
2025-12-11,622.6545
2025-12-12,610.7504
2025-12-15,607.6848
2025-12-16,608.8891
2025-12-17,597.6021
2025-12-18,606.2614
2025-12-19,614.1643
2025-12-22,617.1083
2025-12-23,619.9984
2025-12-24,621.8123
2025-12-26,621.7724
2025-12-29,618.7626
2025-12-30,617.3275
2025-12-31,612.2249
2026-01-02,611.0390
2026-01-05,615.8924
2026-01-06,621.3040
2026-01-07,621.9020
2026-01-08,618.3640
2026-01-09,624.5231
2026-01-12,625.0413
2026-01-13,624.1144
2026-01-14,617.4471
2026-01-15,619.6696
2026-01-16,619.1514
2026-01-20,605.9962
2026-01-21,614.1882
2026-01-22,618.6530
2026-01-23,620.6064
2026-01-26,623.3371
2026-01-27,628.9879
2026-01-28,631.0707
2026-01-29,627.2936
2026-01-30,619.7593
2026-02-02,624.0148
2026-02-03,614.4274
2026-02-04,603.6940
2026-02-05,595.0037
2026-02-06,607.5807
2026-02-09,612.2349
2026-02-10,609.3945
2026-02-11,611.0290
2026-02-12,598.6013
2026-02-13,599.8770
2026-02-17,599.2590
2026-02-18,603.7338
2026-02-19,601.4217
2026-02-20,606.7436
2026-02-23,599.3687
2026-02-24,605.8068
2026-02-25,614.5869
2026-02-26,607.1721
2026-02-27,605.2287
2026-03-02,606.0261
2026-03-03,599.5381
2026-03-04,608.6770
2026-03-05,606.8432
2026-03-06,597.7144
2026-03-09,605.6971
2026-03-10,605.7072
2026-03-11,605.6274
2026-03-12,595.2328
2026-03-13,591.7048
2026-03-16,598.3422
2026-03-17,601.2623
2026-03-18,592.8809
2026-03-19,591.0072
2026-03-20,580.0844
2026-03-23,586.7432
2026-03-24,582.7317
2026-03-25,586.5635
2026-03-26,572.5635
2026-03-27,561.3775
2026-03-30,557.0867
2026-03-31,575.9462
2026-04-01,583.0610
2026-04-02,583.7296
2026-04-06,587.2421
2026-04-07,587.3319
2026-04-08,604.7945
2026-04-09,608.8857
2026-04-10,609.7639
2026-04-13,616.0703
2026-04-14,627.2563
2026-04-15,636.0375
2026-04-16,639.1010
2026-04-17,647.4630
2026-04-20,645.4074
2026-04-21,642.9527
2026-04-22,653.7097
2026-04-23,650.0275
2026-04-24,662.4609
2026-04-27,662.8102
2026-04-28,656.1445
2026-04-29,660.1559
2026-04-30,666.3126
2026-05-01,672.7090
2026-05-04,671.4417
2026-05-05,680.1530
2026-05-06,694.2828
2026-05-07,693.4545
2026-05-08,709.7097
2026-05-11,711.7653
2026-05-12,705.7282
2026-05-13,713.1823
2026-05-14,718.2514
2026-05-15,707.4147
2026-05-18,704.3712
2026-05-19,700.0305
2026-05-20,711.6257
2026-05-21,712.9827
2026-05-22,716.0062
2026-05-26,728.7191
2026-05-27,727.8908
2026-05-28,734.0276
2026-05-29,736.7318
2026-06-01,741.1524
2026-06-02,744.5650
2026-06-03,742.6193
2026-06-04,739.0269
2026-06-05,703.5529
2026-06-08,714.5394
2026-06-09,706.3170
2026-06-10,692.2072
2026-06-11,715.5871
2026-06-12,719.7981
2026-06-15,742.4097
2026-06-16,728.2999
2026-06-17,720.9656
2026-06-18,739.0369
2026-06-22,737.1818
2026-06-23,712.9072
2026-06-24,709.8803
2026-06-25,715.6343
2026-06-26,705.7846
2026-06-29,723.3263
2026-06-30,735.6335
2026-07-01,724.4151
2026-07-02,711.8582
2026-07-06,722.0676
2026-07-07,708.6915
2026-07-08,710.6995
2026-07-09,722.5272
2026-07-10,724.7548
2026-07-13,710.9991
2026-07-14,718.9409
2026-07-15,716.9929
2026-07-16,705.2051
2026-07-17,694.6062
2026-07-20,695.3354
2026-07-21,708.2320
2026-07-22,704.6157
2026-07-23,691.2397
2026-07-24,683.5178
2026-07-27,681.4100
2026-07-28,674.7869
2026-07-29,661.0411
2026-07-30,682.8384
2026-07-31,687.2739
2026-08-03,699.3413
2026-08-04,723.0965
2026-08-05,716.5533
2026-08-06,713.9061
2026-08-07,722.2774
2026-08-10,720.1196
2026-08-11,717.7021
2026-08-12,722.9467
2026-08-13,731.3080
2026-08-14,730.3090
2026-08-17,729.1102
2026-08-18,716.7631
2026-08-19,715.3346
2026-08-20,710.1899
2026-08-21,712.6974
2026-08-24,705.5848
2026-08-25,709.9802
2026-08-26,710.6295
2026-08-27,720.3594
2026-08-28,715.6843
2026-08-31,716.0139
2026-09-01,706.9034
2026-09-02,708.5017
2026-09-03,716.9229
2026-09-04,718.2116
2026-09-08,717.6122
2026-09-09,715.5644
2026-09-10,707.9523
2026-09-11,714.1359
2026-09-14,708.4418
2026-09-15,703.8066
2026-09-16,703.9864
2026-09-17,716.1737
2026-09-18,720.6990
2026-09-21,741.4700
2026-09-22,747.4600
2026-09-23,741.2100
2026-09-24,741.1000
