date,adj_close
2003-01-02,59.1820
2003-01-03,59.3640
2003-01-06,60.4103
2003-01-07,60.2608
2003-01-08,59.3900
2003-01-09,60.3128
2003-01-10,60.4753
2003-01-13,60.4557
2003-01-14,60.6507
2003-01-15,60.0463
2003-01-16,59.7994
2003-01-17,58.9156
2003-01-21,57.9993
2003-01-22,57.2974
2003-01-23,57.6484
2003-01-24,56.1342
2003-01-27,55.3674
2003-01-28,55.7768
2003-01-29,56.1992
2003-01-30,54.8670
2003-01-31,55.9263
2003-02-03,56.0368
2003-02-04,55.4844
2003-02-05,55.1399
2003-02-06,54.8800
2003-02-07,54.2107
2003-02-10,54.5941
2003-02-11,54.2172
2003-02-12,53.3529
2003-02-13,53.5153
2003-02-14,54.6850
2003-02-18,55.6468
2003-02-19,55.3544
2003-02-20,54.8020
2003-02-21,55.3544
2003-02-24,54.4576
2003-02-25,54.8930
2003-02-26,54.0937
2003-02-27,54.8085
2003-02-28,55.1725
2003-03-03,54.6461
2003-03-04,53.7753
2003-03-05,54.2301
2003-03-06,53.7753
2003-03-07,54.1457
2003-03-10,52.8460
2003-03-11,52.3261
2003-03-12,52.6770
2003-03-13,54.4966
2003-03-14,54.6721
2003-03-17,56.3942
2003-03-18,56.7256
2003-03-19,57.1610
2003-03-20,57.2845
2003-03-21,58.5072
2003-03-24,56.5628
2003-03-25,57.1044
2003-03-26,56.8173
2003-03-27,56.8630
2003-03-28,56.5759
2003-03-31,55.2905
2003-04-01,56.1387
2003-04-02,57.4959
2003-04-03,57.2218
2003-04-04,57.5611
2003-04-07,57.4502
2003-04-08,57.5416
2003-04-09,56.7847
2003-04-10,57.0979
2003-04-11,56.8630
2003-04-14,58.0374
2003-04-15,58.5790
2003-04-16,57.5807
2003-04-17,58.4354
2003-04-21,58.4942
2003-04-22,59.5968
2003-04-23,60.1449
2003-04-24,59.6099
2003-04-25,58.8726
2003-04-28,59.8904
2003-04-29,60.0992
2003-04-30,59.9687
2003-05-01,59.9622
2003-05-02,60.8169
2003-05-05,60.6995
2003-05-06,61.2737
2003-05-07,60.9344
2003-05-08,60.3211
2003-05-09,61.1562
2003-05-12,61.9066
2003-05-13,61.7957
2003-05-14,61.6652
2003-05-15,62.0566
2003-05-16,61.9001
2003-05-19,60.4516
2003-05-20,60.3276
2003-05-21,60.4516
2003-05-22,61.0519
2003-05-23,61.1758
2003-05-27,62.2459
2003-05-28,62.4221
2003-05-29,62.2589
2003-05-30,63.2572
2003-06-02,63.5182
2003-06-03,63.7792
2003-06-04,64.6992
2003-06-05,65.0189
2003-06-06,64.7644
2003-06-09,64.1054
2003-06-10,64.7579
2003-06-11,65.4430
2003-06-12,65.6452
2003-06-13,64.9601
2003-06-16,66.3304
2003-06-17,66.3304
2003-06-18,66.2716
2003-06-19,65.2603
2003-06-20,65.1162
2003-06-23,64.4483
2003-06-24,64.5138
2003-06-25,63.8655
2003-06-26,64.6971
2003-06-27,63.9507
2003-06-30,63.9310
2003-07-01,64.5203
2003-07-02,65.3323
2003-07-03,64.6578
2003-07-07,65.9413
2003-07-08,66.2360
2003-07-09,65.8627
2003-07-10,65.0246
2003-07-11,65.6401
2003-07-14,65.9609
2003-07-15,65.8169
2003-07-16,65.4305
2003-07-17,64.5007
2003-07-18,65.1621
2003-07-21,64.3566
2003-07-22,64.9394
2003-07-23,64.9853
2003-07-24,64.4941
2003-07-25,65.6336
2003-07-28,65.3913
2003-07-29,65.0900
2003-07-30,64.9329
2003-07-31,65.0835
2003-08-01,64.5072
2003-08-04,64.5072
2003-08-05,63.1387
2003-08-06,63.5054
2003-08-07,64.1733
2003-08-08,64.3566
2003-08-11,64.5989
2003-08-12,65.1883
2003-08-13,64.8543
2003-08-14,65.0311
2003-08-15,65.2341
2003-08-18,65.7972
2003-08-19,66.0461
2003-08-20,65.7776
2003-08-21,65.9871
2003-08-22,65.3323
2003-08-25,65.4371
2003-08-26,65.5550
2003-08-27,65.5746
2003-08-28,65.9806
2003-08-29,66.4259
2003-09-02,67.3165
2003-09-03,67.6831
2003-09-04,67.7159
2003-09-05,67.3361
2003-09-08,67.8927
2003-09-09,67.4474
2003-09-10,66.7664
2003-09-11,66.9629
2003-09-12,67.0872
2003-09-15,66.8515
2003-09-16,67.8272
2003-09-17,67.6963
2003-09-18,68.4951
2003-09-19,68.1467
2003-09-22,67.4105
2003-09-23,67.6669
2003-09-24,66.4640
2003-09-25,65.9184
2003-09-26,65.7014
2003-09-29,66.3456
2003-09-30,65.7014
2003-10-01,67.1016
2003-10-02,67.3448
2003-10-03,67.9627
2003-10-06,68.2716
2003-10-07,68.5346
2003-10-08,68.3637
2003-10-09,68.5477
2003-10-10,68.7383
2003-10-13,68.9553
2003-10-14,69.1985
2003-10-15,69.0144
2003-10-16,69.2905
2003-10-17,68.5346
2003-10-20,69.0473
2003-10-21,68.9290
2003-10-22,68.0613
2003-10-23,67.9364
2003-10-24,68.0876
2003-10-27,68.1205
2003-10-28,69.0473
2003-10-29,69.1393
2003-10-30,69.2839
2003-10-31,69.2182
2003-11-03,69.6718
2003-11-04,69.5206
2003-11-05,69.5732
2003-11-06,69.9413
2003-11-07,69.4220
2003-11-10,69.1393
2003-11-11,69.1196
2003-11-12,69.8953
2003-11-13,69.9150
2003-11-14,69.3234
2003-11-17,68.9750
2003-11-18,68.2585
2003-11-19,68.8370
2003-11-20,68.2191
2003-11-21,68.5017
2003-11-24,69.4089
2003-11-25,69.6718
2003-11-26,69.9215
2003-11-28,69.9742
2003-12-01,70.7301
2003-12-02,70.5526
2003-12-03,70.4409
2003-12-04,70.7301
2003-12-05,70.2371
2003-12-08,70.7104
2003-12-09,70.1648
2003-12-10,70.1583
2003-12-11,70.9471
2003-12-12,71.0851
2003-12-15,70.7301
2003-12-16,71.0982
2003-12-17,71.3217
2003-12-18,72.1237
2003-12-19,71.9229
2003-12-22,72.4249
2003-12-23,72.4711
2003-12-24,72.3984
2003-12-26,72.4512
2003-12-29,73.4155
2003-12-30,73.4287
2003-12-31,73.4948
2004-01-02,73.4618
2004-01-05,74.2609
2004-01-06,74.3336
2004-01-07,74.5845
2004-01-08,74.8817
2004-01-09,74.2279
2004-01-12,74.7760
2004-01-13,74.3401
2004-01-14,74.9609
2004-01-15,75.1459
2004-01-16,75.4431
2004-01-20,75.4233
2004-01-21,76.0177
2004-01-22,75.8196
2004-01-23,75.5752
2004-01-26,76.5262
2004-01-27,75.7403
2004-01-28,74.8751
2004-01-29,74.9477
2004-01-30,74.9477
2004-02-02,75.2714
2004-02-03,75.1459
2004-02-04,74.5317
2004-02-05,74.7496
2004-02-06,75.5884
2004-02-09,75.6082
2004-02-10,75.8526
2004-02-11,76.6583
2004-02-12,76.3809
2004-02-13,76.0375
2004-02-17,76.7243
2004-02-18,76.3876
2004-02-19,76.1035
2004-02-20,75.8724
2004-02-23,75.6808
2004-02-24,75.5488
2004-02-25,75.8658
2004-02-26,75.9120
2004-02-27,75.9648
2004-03-01,76.7178
2004-03-02,76.2686
2004-03-03,76.4074
2004-03-04,76.6055
2004-03-05,76.8631
2004-03-08,75.9252
2004-03-09,75.6214
2004-03-10,74.3534
2004-03-11,73.3891
2004-03-12,74.3534
2004-03-15,73.4419
2004-03-16,73.8316
2004-03-17,74.6572
2004-03-18,74.6770
2004-03-19,73.6066
2004-03-22,72.6721
2004-03-23,72.5462
2004-03-24,72.6058
2004-03-25,73.5668
2004-03-26,73.5867
2004-03-29,74.6206
2004-03-30,74.8725
2004-03-31,74.9586
2004-04-01,75.4093
2004-04-02,75.9793
2004-04-05,76.3968
2004-04-06,76.1516
2004-04-07,75.9727
2004-04-08,75.8004
2004-04-12,76.0986
2004-04-13,75.0316
2004-04-14,75.1508
2004-04-15,74.8658
2004-04-16,75.4425
2004-04-19,75.4425
2004-04-20,74.1766
2004-04-21,74.6737
2004-04-22,75.7208
2004-04-23,75.7937
2004-04-26,75.6877
2004-04-27,75.7540
2004-04-28,74.7731
2004-04-29,74.1170
2004-04-30,73.5403
2004-05-03,74.3290
2004-05-04,74.2694
2004-05-05,74.7466
2004-05-06,74.1037
2004-05-07,72.8775
2004-05-10,72.1286
2004-05-11,72.7384
2004-05-12,73.2023
2004-05-13,72.8974
2004-05-14,72.9306
2004-05-17,72.3076
2004-05-18,72.6721
2004-05-19,72.4202
2004-05-20,72.6522
2004-05-21,72.7782
2004-05-24,73.0830
2004-05-25,74.1302
2004-05-26,74.3887
2004-05-27,74.8062
2004-05-28,74.7996
2004-06-01,74.7002
2004-06-02,74.9785
2004-06-03,74.2892
2004-06-04,74.8791
2004-06-07,76.0191
2004-06-08,76.1251
2004-06-09,75.4159
2004-06-10,75.7871
2004-06-14,75.0382
2004-06-15,75.5684
2004-06-16,75.5551
2004-06-17,75.4425
2004-06-18,75.5848
2004-06-21,75.2988
2004-06-22,75.6780
2004-06-23,76.3298
2004-06-24,76.0903
2004-06-25,75.7245
2004-06-28,75.4651
2004-06-29,75.7777
2004-06-30,76.1835
2004-07-01,75.1259
2004-07-02,75.0859
2004-07-06,74.4274
2004-07-07,74.6469
2004-07-08,74.1281
2004-07-09,74.3210
2004-07-12,74.3542
2004-07-13,74.4075
2004-07-14,74.1813
2004-07-15,73.7023
2004-07-16,73.6425
2004-07-19,73.3298
2004-07-20,74.2611
2004-07-21,72.8908
2004-07-22,73.0903
2004-07-23,72.4784
2004-07-26,72.3387
2004-07-27,73.0172
2004-07-28,73.2367
2004-07-29,73.5494
2004-07-30,73.7290
2004-08-02,73.8819
2004-08-03,73.3099
2004-08-04,73.3032
2004-08-05,72.1059
2004-08-06,71.0749
2004-08-09,71.1746
2004-08-10,72.0926
2004-08-11,71.9463
2004-08-12,71.1613
2004-08-13,71.3010
2004-08-16,72.0394
2004-08-17,72.4451
2004-08-18,73.1902
2004-08-19,72.9773
2004-08-20,73.4895
2004-08-23,73.3032
2004-08-24,73.4030
2004-08-25,73.9019
2004-08-26,73.9019
2004-08-27,74.1347
2004-08-30,73.5227
2004-08-31,73.9085
2004-09-01,74.0482
2004-09-02,74.8864
2004-09-03,74.5804
2004-09-07,75.0726
2004-09-08,74.8864
2004-09-09,74.8198
2004-09-10,75.2057
2004-09-13,75.4518
2004-09-14,75.6047
2004-09-15,75.0327
2004-09-16,75.2589
2004-09-17,75.5788
2004-09-20,75.1246
2004-09-21,75.4519
2004-09-22,74.5101
2004-09-23,74.1093
2004-09-24,74.4500
2004-09-27,73.9757
2004-09-28,74.3298
2004-09-29,74.7038
2004-09-30,74.6504
2004-10-01,75.9128
2004-10-04,76.0397
2004-10-05,76.0798
2004-10-06,76.6008
2004-10-07,75.7792
2004-10-08,75.1513
2004-10-11,75.4586
2004-10-12,75.1647
2004-10-13,74.5034
2004-10-14,73.9023
2004-10-15,74.3164
2004-10-18,74.5969
2004-10-19,73.9691
2004-10-20,73.8221
2004-10-21,74.3030
2004-10-22,73.4681
2004-10-25,73.3813
2004-10-26,74.5034
2004-10-27,75.3985
2004-10-28,75.6256
2004-10-29,75.6122
2004-11-01,75.8193
2004-11-02,75.8460
2004-11-03,76.8012
2004-11-04,77.8499
2004-11-05,78.3375
2004-11-08,78.2239
2004-11-09,78.0703
2004-11-10,78.1304
2004-11-11,78.7249
2004-11-12,79.3461
2004-11-15,79.5410
2004-11-16,78.9716
2004-11-17,79.4406
2004-11-18,79.5478
2004-11-19,78.6634
2004-11-22,79.0386
2004-11-23,79.1592
2004-11-24,79.3468
2004-11-26,79.2864
2004-11-29,78.9247
2004-11-30,78.9783
2004-12-01,79.8760
2004-12-02,79.9430
2004-12-03,79.8894
2004-12-06,79.8626
2004-12-07,79.1190
2004-12-08,79.5812
2004-12-09,79.8626
2004-12-10,79.9430
2004-12-13,80.6397
2004-12-14,80.9211
2004-12-15,80.9814
2004-12-16,80.9345
2004-12-17,80.3947
2004-12-20,80.4148
2004-12-21,81.0341
2004-12-22,81.2293
2004-12-23,81.2899
2004-12-27,81.1216
2004-12-28,81.5659
2004-12-29,81.6870
2004-12-30,81.5322
2004-12-31,81.3572
2005-01-03,80.9735
2005-01-04,79.9841
2005-01-05,79.4321
2005-01-06,79.8360
2005-01-07,79.7216
2005-01-10,80.0985
2005-01-11,79.5465
2005-01-12,79.8091
2005-01-13,79.1696
2005-01-14,79.5870
2005-01-18,80.4148
2005-01-19,79.5735
2005-01-20,79.0889
2005-01-21,78.6042
2005-01-24,78.4494
2005-01-25,78.6715
2005-01-26,78.9071
2005-01-27,79.0417
2005-01-28,79.0417
2005-01-31,79.5331
2005-02-01,80.0379
2005-02-02,80.2802
2005-02-03,80.0716
2005-02-04,80.9264
2005-02-07,80.8187
2005-02-08,80.9129
2005-02-09,80.3072
2005-02-10,80.5966
2005-02-11,81.2899
2005-02-14,81.2293
2005-02-15,81.5322
2005-02-16,81.5861
2005-02-17,80.9264
2005-02-18,81.0341
2005-02-22,79.8293
2005-02-23,80.4014
2005-02-24,80.9332
2005-02-25,81.7341
2005-02-28,81.1956
2005-03-01,81.5995
2005-03-02,81.5591
2005-03-03,81.5928
2005-03-04,82.6091
2005-03-07,82.6496
2005-03-08,82.3399
2005-03-09,81.4245
2005-03-10,81.6062
2005-03-11,81.0341
2005-03-14,81.5389
2005-03-15,80.8658
2005-03-16,80.1793
2005-03-17,80.3409
2005-03-18,80.1023
2005-03-21,79.8049
2005-03-22,78.9941
2005-03-23,79.0616
2005-03-24,79.1563
2005-03-28,79.2711
2005-03-29,78.7441
2005-03-30,79.8590
2005-03-31,79.7104
2005-04-01,79.3522
2005-04-04,79.4873
2005-04-05,79.8657
2005-04-06,80.1428
2005-04-07,80.5753
2005-04-08,79.7374
2005-04-11,79.7982
2005-04-12,80.2104
2005-04-13,79.2644
2005-04-14,78.2305
2005-04-15,77.1358
2005-04-18,77.3723
2005-04-19,77.9872
2005-04-20,76.8993
2005-04-21,78.3927
2005-04-22,78.0953
2005-04-25,78.6089
2005-04-26,77.8453
2005-04-27,78.1494
2005-04-28,77.1696
2005-04-29,78.2170
2005-05-02,78.6562
2005-05-03,78.7913
2005-05-04,79.3995
2005-05-05,79.3724
2005-05-06,79.1224
2005-05-09,79.6157
2005-05-10,78.7913
2005-05-11,79.2238
2005-05-12,78.3521
2005-05-13,78.1967
2005-05-16,78.9265
2005-05-17,79.4536
2005-05-18,80.2712
2005-05-19,80.6091
2005-05-20,80.4942
2005-05-23,80.9402
2005-05-24,80.7510
2005-05-25,80.6902
2005-05-26,81.1227
2005-05-27,81.2578
2005-05-31,80.7375
2005-06-01,81.4267
2005-06-02,81.6024
2005-06-03,81.1902
2005-06-06,81.1159
2005-06-07,81.1767
2005-06-08,81.0280
2005-06-09,81.4132
2005-06-10,81.2240
2005-06-13,81.4808
2005-06-14,81.6700
2005-06-15,81.8254
2005-06-16,82.0349
2005-06-17,82.3389
2005-06-20,82.3660
2005-06-21,82.4135
2005-06-22,82.4813
2005-06-23,81.3211
2005-06-24,80.7241
2005-06-27,80.8394
2005-06-28,81.5179
2005-06-29,81.3008
2005-06-30,80.8598
2005-07-01,81.0972
2005-07-05,81.7486
2005-07-06,81.0634
2005-07-07,81.3822
2005-07-08,82.3117
2005-07-11,82.7324
2005-07-12,82.9495
2005-07-13,83.0648
2005-07-14,83.3905
2005-07-15,83.3430
2005-07-18,83.0105
2005-07-19,83.4651
2005-07-20,83.7500
2005-07-21,83.2615
2005-07-22,83.8179
2005-07-25,83.5805
2005-07-26,83.6822
2005-07-27,83.9875
2005-07-28,84.5167
2005-07-29,83.9536
2005-08-01,83.8925
2005-08-02,84.3946
2005-08-03,84.6185
2005-08-04,83.9400
2005-08-05,83.3701
2005-08-08,83.2141
2005-08-09,83.7162
2005-08-10,83.6754
2005-08-11,84.0079
2005-08-12,83.4922
2005-08-15,84.0079
2005-08-16,82.9156
2005-08-17,82.9088
2005-08-18,82.9020
2005-08-19,83.0919
2005-08-22,83.0919
2005-08-23,82.9359
2005-08-24,82.1964
2005-08-25,82.4949
2005-08-26,81.9318
2005-08-29,82.5628
2005-08-30,82.1285
2005-08-31,83.1666
2005-09-01,83.1055
2005-09-02,82.9563
2005-09-06,83.9264
2005-09-07,84.0689
2005-09-08,83.7908
2005-09-09,84.5371
2005-09-12,84.3675
2005-09-13,83.8993
2005-09-14,83.5940
2005-09-15,83.5533
2005-09-16,84.1475
2005-09-19,83.8681
2005-09-20,83.1595
2005-09-21,82.3827
2005-09-22,82.6757
2005-09-23,82.7439
2005-09-26,82.8392
2005-09-27,82.8188
2005-09-28,82.9006
2005-09-29,83.5751
2005-09-30,83.8341
2005-10-03,83.5342
2005-10-04,82.5940
2005-10-05,81.5106
2005-10-06,81.2176
2005-10-07,81.4969
2005-10-10,80.8088
2005-10-11,80.6930
2005-10-12,80.0593
2005-10-13,80.0116
2005-10-14,80.8565
2005-10-17,81.1563
2005-10-18,80.2773
2005-10-19,81.6128
2005-10-20,80.1752
2005-10-21,80.4886
2005-10-24,81.7355
2005-10-25,81.5719
2005-10-26,81.3335
2005-10-27,80.4681
2005-10-28,81.6264
2005-10-31,81.8513
2005-11-01,82.0966
2005-11-02,82.9551
2005-11-03,83.3094
2005-11-04,83.2004
2005-11-07,83.2821
2005-11-08,83.2821
2005-11-09,83.3911
2005-11-10,84.0384
2005-11-11,84.3246
2005-11-14,84.2769
2005-11-15,83.9703
2005-11-16,84.1407
2005-11-17,84.9242
2005-11-18,85.2580
2005-11-21,85.6873
2005-11-22,86.0553
2005-11-23,86.5527
2005-11-25,86.6208
2005-11-28,86.0076
2005-11-29,85.9122
2005-11-30,85.4489
2005-12-01,86.3210
2005-12-02,86.4300
2005-12-05,86.2460
2005-12-06,86.4095
2005-12-07,85.9054
2005-12-08,85.8508
2005-12-09,86.0757
2005-12-12,86.1575
2005-12-13,86.7434
2005-12-14,87.0841
2005-12-15,86.8320
2005-12-16,86.5525
2005-12-19,86.1073
2005-12-20,86.1895
2005-12-21,86.3265
2005-12-22,86.7786
2005-12-23,86.8265
2005-12-27,85.9429
2005-12-28,86.1347
2005-12-29,85.7511
2005-12-30,85.2853
2006-01-03,86.7854
2006-01-04,87.1964
2006-01-05,87.2512
2006-01-06,87.9773
2006-01-09,88.2033
2006-01-10,88.2923
2006-01-11,88.5732
2006-01-12,88.2238
2006-01-13,88.1416
2006-01-17,87.9019
2006-01-18,87.5526
2006-01-19,87.8882
2006-01-20,86.2854
2006-01-23,86.5936
2006-01-24,86.6827
2006-01-25,86.7580
2006-01-26,87.2375
2006-01-27,88.0458
2006-01-30,87.9773
2006-01-31,87.3334
2006-02-01,87.9430
2006-02-02,86.9224
2006-02-03,86.4909
2006-02-06,86.7170
2006-02-07,85.9497
2006-02-08,86.7306
2006-02-09,86.5868
2006-02-10,86.7443
2006-02-13,86.5868
2006-02-14,87.5046
2006-02-15,87.8129
2006-02-16,88.4704
2006-02-17,88.2307
2006-02-21,88.0115
2006-02-22,88.5458
2006-02-23,88.4156
2006-02-24,88.6417
2006-02-27,88.6759
2006-02-28,87.8334
2006-03-01,88.6143
2006-03-02,88.6074
2006-03-03,88.1964
2006-03-06,87.7923
2006-03-07,87.6553
2006-03-08,87.8402
2006-03-09,87.2512
2006-03-10,88.0800
2006-03-13,88.2444
2006-03-14,89.1691
2006-03-15,89.5664
2006-03-16,89.7513
2006-03-17,89.8263
2006-03-20,89.6819
2006-03-21,89.1180
2006-03-22,89.6613
2006-03-23,89.4756
2006-03-24,89.5443
2006-03-27,89.4137
2006-03-28,88.8635
2006-03-29,89.4205
2006-03-30,89.2624
2006-03-31,89.2830
2006-04-03,89.2142
2006-04-04,89.7850
2006-04-05,90.0945
2006-04-06,89.9982
2006-04-07,89.0836
2006-04-10,89.2211
2006-04-11,88.4646
2006-04-12,88.6297
2006-04-13,88.5128
2006-04-17,88.4784
2006-04-18,89.8813
2006-04-19,90.0533
2006-04-20,90.1770
2006-04-21,90.1907
2006-04-24,90.0257
2006-04-25,89.6544
2006-04-26,89.6750
2006-04-27,90.1082
2006-04-28,90.4108
2006-05-01,89.6750
2006-05-02,90.3490
2006-05-03,90.0119
2006-05-04,90.3352
2006-05-05,91.1329
2006-05-08,91.0229
2006-05-09,91.2017
2006-05-10,91.1535
2006-05-11,90.0533
2006-05-12,88.8773
2006-05-15,89.0561
2006-05-16,88.9254
2006-05-17,87.2337
2006-05-18,86.7936
2006-05-19,87.4056
2006-05-22,86.7385
2006-05-23,86.0784
2006-05-24,86.7661
2006-05-25,87.8388
2006-05-26,88.2859
2006-05-30,86.7179
2006-05-31,87.6876
2006-06-01,88.5266
2006-06-02,88.7122
2006-06-05,87.4194
2006-06-06,87.2062
2006-06-07,86.5529
2006-06-08,86.4772
2006-06-09,86.2022
2006-06-12,85.2669
2006-06-13,84.2766
2006-06-14,84.9299
2006-06-15,86.7317
2006-06-16,86.0997
2006-06-19,85.4227
2006-06-20,85.7128
2006-06-21,86.3483
2006-06-22,85.9684
2006-06-23,85.9546
2006-06-26,86.3345
2006-06-27,85.5885
2006-06-28,86.1687
2006-06-29,87.9093
2006-06-30,87.9163
2006-07-03,88.2755
2006-07-05,87.7712
2006-07-06,88.0268
2006-07-07,87.4535
2006-07-10,87.6193
2006-07-11,88.0061
2006-07-12,87.0667
2006-07-13,85.6507
2006-07-14,85.3191
2006-07-17,85.1948
2006-07-18,85.6300
2006-07-19,86.8180
2006-07-20,86.2240
2006-07-21,85.6161
2006-07-24,87.1772
2006-07-25,87.4880
2006-07-26,87.6054
2006-07-27,87.5226
2006-07-28,88.3998
2006-07-31,88.3100
2006-08-01,87.8748
2006-08-02,88.4689
2006-08-03,88.7037
2006-08-04,88.5517
2006-08-07,88.3445
2006-08-08,88.0061
2006-08-09,87.7091
2006-08-10,87.9784
2006-08-11,87.7298
2006-08-14,87.7989
2006-08-15,88.8488
2006-08-16,89.5878
2006-08-17,89.8158
2006-08-18,90.2717
2006-08-21,89.8848
2006-08-22,89.8779
2006-08-23,89.6293
2006-08-24,89.5533
2006-08-25,89.6638
2006-08-28,90.0921
2006-08-29,90.1957
2006-08-30,90.2509
2006-08-31,90.2371
2006-09-01,90.7759
2006-09-05,90.9486
2006-09-06,90.1473
2006-09-07,89.7329
2006-09-08,89.9885
2006-09-11,90.0782
2006-09-12,90.9624
2006-09-13,91.3285
2006-09-14,91.3354
2006-09-15,91.5498
2006-09-18,91.6747
2006-09-19,91.4457
2006-09-20,91.9313
2006-09-21,91.4873
2006-09-22,91.2098
2006-09-25,91.9105
2006-09-26,92.6737
2006-09-27,92.7847
2006-09-28,92.7500
2006-09-29,92.6737
2006-10-02,92.3268
2006-10-03,92.5210
2006-10-04,93.6034
2006-10-05,93.7837
2006-10-06,93.6657
2006-10-09,93.7213
2006-10-10,93.8462
2006-10-11,93.7352
2006-10-12,94.5469
2006-10-13,94.7897
2006-10-16,94.9353
2006-10-17,94.6370
2006-10-18,94.7619
2006-10-19,94.9145
2006-10-20,94.9353
2006-10-23,95.3724
2006-10-24,95.6569
2006-10-25,95.9830
2006-10-26,96.2813
2006-10-27,95.6777
2006-10-30,95.6083
2006-10-31,95.5944
2006-11-01,94.9493
2006-11-02,94.8937
2006-11-03,94.7272
2006-11-06,95.7956
2006-11-07,96.1633
2006-11-08,96.3714
2006-11-09,95.8650
2006-11-10,95.9066
2006-11-13,96.1425
2006-11-14,96.8640
2006-11-15,97.1415
2006-11-16,97.3913
2006-11-17,97.4191
2006-11-20,97.4745
2006-11-21,97.5716
2006-11-22,97.7659
2006-11-24,97.3705
2006-11-27,96.0315
2006-11-28,96.4478
2006-11-29,97.4538
2006-11-30,97.4954
2006-12-01,97.2803
2006-12-04,98.0226
2006-12-05,98.4458
2006-12-06,98.3626
2006-12-07,97.9325
2006-12-08,98.1128
2006-12-11,98.3973
2006-12-12,98.3210
2006-12-13,98.4250
2006-12-14,99.2922
2006-12-15,99.3013
2006-12-18,99.0293
2006-12-19,99.2175
2006-12-20,99.1618
2006-12-21,98.7990
2006-12-22,98.1921
2006-12-26,98.7711
2006-12-27,99.4199
2006-12-28,99.2106
2006-12-29,98.7990
2007-01-03,98.6246
2007-01-04,98.8339
2007-01-05,98.0455
2007-01-08,98.4990
2007-01-09,98.4153
2007-01-10,98.7432
2007-01-11,99.1757
2007-01-12,99.9292
2007-01-16,99.7338
2007-01-17,99.7757
2007-01-18,99.4408
2007-01-19,99.6362
2007-01-22,99.3292
2007-01-23,99.6222
2007-01-24,100.4245
2007-01-25,99.2455
2007-01-26,99.1548
2007-01-29,99.0990
2007-01-30,99.6153
2007-01-31,100.2850
2007-02-01,100.8849
2007-02-02,101.0245
2007-02-05,101.0523
2007-02-06,101.0803
2007-02-07,101.3035
2007-02-08,101.1709
2007-02-09,100.4175
2007-02-12,100.0757
2007-02-13,100.9198
2007-02-14,101.5826
2007-02-15,101.7151
2007-02-16,101.6662
2007-02-20,101.8825
2007-02-21,101.8407
2007-02-22,101.7640
2007-02-23,101.3663
2007-02-26,101.2756
2007-02-27,97.3200
2007-02-28,98.3176
2007-03-01,98.0246
2007-03-02,96.7409
2007-03-05,95.8201
2007-03-06,97.4596
2007-03-07,97.3619
2007-03-08,98.1851
2007-03-09,98.2130
2007-03-12,98.3595
2007-03-13,96.4480
2007-03-14,97.1665
2007-03-15,97.2991
2007-03-16,97.0266
2007-03-19,98.1963
2007-03-20,98.7356
2007-03-21,100.3605
2007-03-22,100.2834
2007-03-23,100.4306
2007-03-26,100.2975
2007-03-27,100.0594
2007-03-28,99.3309
2007-03-29,99.4360
2007-03-30,99.4570
2007-04-02,99.5691
2007-04-03,100.6407
2007-04-04,100.7528
2007-04-05,101.0260
2007-04-09,101.1660
2007-04-10,101.2851
2007-04-11,100.8719
2007-04-12,101.3201
2007-04-13,101.7823
2007-04-16,102.7489
2007-04-17,103.0221
2007-04-18,103.1481
2007-04-19,103.1201
2007-04-20,104.0937
2007-04-23,103.7015
2007-04-24,103.7435
2007-04-25,104.6960
2007-04-26,104.8151
2007-04-27,104.7311
2007-04-30,103.8625
2007-05-01,104.1287
2007-05-02,104.7381
2007-05-03,105.3054
2007-05-04,105.7046
2007-05-07,105.7256
2007-05-08,105.5856
2007-05-09,105.8728
2007-05-10,104.7661
2007-05-11,105.6626
2007-05-14,105.4315
2007-05-15,105.4595
2007-05-16,106.1808
2007-05-17,105.9708
2007-05-18,106.8953
2007-05-21,106.8392
2007-05-22,106.7552
2007-05-23,106.7692
2007-05-24,105.8027
2007-05-25,106.2439
2007-05-29,106.6292
2007-05-30,107.4976
2007-05-31,107.3856
2007-06-01,107.9179
2007-06-04,107.9319
2007-06-05,107.5046
2007-06-06,106.3490
2007-06-07,104.4299
2007-06-08,105.7887
2007-06-11,105.9708
2007-06-12,104.8151
2007-06-13,106.3840
2007-06-14,107.0634
2007-06-15,107.6725
2007-06-18,107.5460
2007-06-19,107.8133
2007-06-20,106.3149
2007-06-21,106.9058
2007-06-22,105.8999
2007-06-25,105.3935
2007-06-26,104.3102
2007-06-27,105.7944
2007-06-28,105.7803
2007-06-29,105.8155
2007-07-02,106.7722
2007-07-03,107.1591
2007-07-05,107.0465
2007-07-06,107.6092
2007-07-09,107.6937
2007-07-10,106.1602
2007-07-11,106.9128
2007-07-12,108.6010
2007-07-13,108.9246
2007-07-16,108.9106
2007-07-17,108.8543
2007-07-18,108.6574
2007-07-19,109.0794
2007-07-20,107.9750
2007-07-23,108.3056
2007-07-24,106.4275
2007-07-25,106.6456
2007-07-26,104.1203
2007-07-27,102.0733
2007-07-30,103.6701
2007-07-31,102.5024
2007-08-01,103.0019
2007-08-02,103.8248
2007-08-03,101.1518
2007-08-06,102.8471
2007-08-07,103.9444
2007-08-08,105.3935
2007-08-09,102.2703
2007-08-10,101.7920
2007-08-13,102.1577
2007-08-14,100.5961
2007-08-15,99.2104
2007-08-16,99.9560
2007-08-17,101.7920
2007-08-20,101.7427
2007-08-21,101.9467
2007-08-22,103.1565
2007-08-23,103.0651
2007-08-24,104.3383
2007-08-27,103.3676
2007-08-28,101.0956
2007-08-29,103.0792
2007-08-30,102.8049
2007-08-31,103.8178
2007-09-04,104.8659
2007-09-05,103.9585
2007-09-06,104.1977
2007-09-07,102.7486
2007-09-10,102.5517
2007-09-11,103.7474
2007-09-12,104.0148
2007-09-13,104.7463
2007-09-14,104.7393
2007-09-17,104.1766
2007-09-18,107.2434
2007-09-19,107.8765
2007-09-20,107.1169
2007-09-21,107.4059
2007-09-24,107.2080
2007-09-25,106.9960
2007-09-26,107.5614
2007-09-27,108.1975
2007-09-28,107.8370
2007-10-01,109.0526
2007-10-02,108.9042
2007-10-03,108.6851
2007-10-04,108.8548
2007-10-05,110.1481
2007-10-08,109.5615
2007-10-09,110.5933
2007-10-10,110.4096
2007-10-11,109.8796
2007-10-12,110.4874
2007-10-15,109.5544
2007-10-16,108.6851
2007-10-17,109.0173
2007-10-18,108.6216
2007-10-19,105.7803
2007-10-22,106.3952
2007-10-23,107.2574
2007-10-24,107.0596
2007-10-25,107.3140
2007-10-26,108.5721
2007-10-29,108.9325
2007-10-30,108.1763
2007-10-31,109.3000
2007-11-01,106.7416
2007-11-02,106.8617
2007-11-05,106.0489
2007-11-06,107.4766
2007-11-07,104.5365
2007-11-08,104.0064
2007-11-09,102.5788
2007-11-12,101.5610
2007-11-13,104.6566
2007-11-14,104.3669
2007-11-15,102.8615
2007-11-16,103.0382
2007-11-19,101.6034
2007-11-20,102.2254
2007-11-21,100.1334
2007-11-23,101.8649
2007-11-26,99.6174
2007-11-27,100.7624
2007-11-28,103.9852
2007-11-29,104.0206
2007-11-30,105.0666
2007-12-03,104.3739
2007-12-04,103.4410
2007-12-05,105.1726
2007-12-06,106.6780
2007-12-07,106.6568
2007-12-10,107.4837
2007-12-11,104.5365
2007-12-12,105.5684
2007-12-13,105.3492
2007-12-14,104.0135
2007-12-17,102.5293
2007-12-18,103.1017
2007-12-19,103.1017
2007-12-20,103.7520
2007-12-21,105.2476
2007-12-24,106.0292
2007-12-26,106.2565
2007-12-27,104.9208
2007-12-28,104.6579
2007-12-31,103.8834
2008-01-02,102.9740
2008-01-03,102.9242
2008-01-04,100.4019
2008-01-07,100.3166
2008-01-08,98.6967
2008-01-09,99.7341
2008-01-10,100.3877
2008-01-11,99.5778
2008-01-14,100.3806
2008-01-15,98.1709
2008-01-16,97.3254
2008-01-17,94.8031
2008-01-18,93.8297
2008-01-22,92.8776
2008-01-23,95.1087
2008-01-24,95.9116
2008-01-25,94.5260
2008-01-28,96.0891
2008-01-29,96.5652
2008-01-30,95.8547
2008-01-31,97.6025
2008-02-01,99.1727
2008-02-04,97.9223
2008-02-05,95.3005
2008-02-06,94.5331
2008-02-07,95.1584
2008-02-08,94.5473
2008-02-11,95.0305
2008-02-12,95.9116
2008-02-13,96.8920
2008-02-14,96.0394
2008-02-15,96.0181
2008-02-19,96.2881
2008-02-20,96.5722
2008-02-21,95.7694
2008-02-22,96.3591
2008-02-25,97.5741
2008-02-26,98.3060
2008-02-27,98.2064
2008-02-28,97.2473
2008-02-29,95.0802
2008-03-03,94.8529
2008-03-04,94.4905
2008-03-05,95.0873
2008-03-06,93.1192
2008-03-07,92.1600
2008-03-10,90.9450
2008-03-11,94.2134
2008-03-12,93.3324
2008-03-13,93.5384
2008-03-14,92.0890
2008-03-17,91.1582
2008-03-18,94.9452
2008-03-19,92.5935
2008-03-20,94.3086
2008-03-24,96.1936
2008-03-25,96.2864
2008-03-26,95.1083
2008-03-27,94.8084
2008-03-28,93.9015
2008-03-31,94.2300
2008-04-01,97.5431
2008-04-02,97.6073
2008-04-03,97.8501
2008-04-04,97.7430
2008-04-07,97.7930
2008-04-08,97.6930
2008-04-09,96.9861
2008-04-10,97.1218
2008-04-11,95.2368
2008-04-14,94.9155
2008-04-15,95.1368
2008-04-16,97.7145
2008-04-17,97.8572
2008-04-18,98.8783
2008-04-21,98.9283
2008-04-22,98.4927
2008-04-23,98.3356
2008-04-24,98.7640
2008-04-25,99.6780
2008-04-28,99.6995
2008-04-29,99.3067
2008-04-30,98.7212
2008-05-01,100.7633
2008-05-02,101.0418
2008-05-05,100.5563
2008-05-06,101.4274
2008-05-07,99.6209
2008-05-08,99.3638
2008-05-09,99.1782
2008-05-12,100.2921
2008-05-13,100.3063
2008-05-14,100.5134
2008-05-15,101.7701
2008-05-16,101.8629
2008-05-19,102.1414
2008-05-20,101.3131
2008-05-21,99.5994
2008-05-22,99.6138
2008-05-23,98.2786
2008-05-27,99.0068
2008-05-28,99.4638
2008-05-29,99.9636
2008-05-30,100.2135
2008-06-02,99.1782
2008-06-03,98.5998
2008-06-04,98.5498
2008-06-05,100.5205
2008-06-06,97.3146
2008-06-09,97.5502
2008-06-10,97.0647
2008-06-11,95.6366
2008-06-12,96.0008
2008-06-13,97.2146
2008-06-16,97.2717
2008-06-17,96.8005
2008-06-18,95.8580
2008-06-19,95.9793
2008-06-20,94.4215
2008-06-23,94.3282
2008-06-24,94.1416
2008-06-25,94.5865
2008-06-26,92.0175
2008-06-27,91.5152
2008-06-30,91.8381
2008-07-01,92.1251
2008-07-02,90.5464
2008-07-03,90.6397
2008-07-07,89.7140
2008-07-08,91.3071
2008-07-09,89.5490
2008-07-10,89.9149
2008-07-11,88.8672
2008-07-14,88.0635
2008-07-15,86.8221
2008-07-16,88.9534
2008-07-17,89.8431
2008-07-18,90.4029
2008-07-21,90.4531
2008-07-22,91.4793
2008-07-23,91.9744
2008-07-24,90.0656
2008-07-25,90.0441
2008-07-28,88.7237
2008-07-29,90.6182
2008-07-30,92.2328
2008-07-31,91.0129
2008-08-01,90.5320
2008-08-04,89.6925
2008-08-05,92.1108
2008-08-06,92.5198
2008-08-07,91.1420
2008-08-08,92.8355
2008-08-11,93.7971
2008-08-12,92.8212
2008-08-13,92.2615
2008-08-14,92.9576
2008-08-15,93.4096
2008-08-18,92.1323
2008-08-19,91.1277
2008-08-20,91.5511
2008-08-21,91.7089
2008-08-22,93.0365
2008-08-25,91.1492
2008-08-26,91.4147
2008-08-27,92.3045
2008-08-28,93.4240
2008-08-29,92.4194
2008-09-02,91.8453
2008-09-03,91.7663
2008-09-04,89.0036
2008-09-05,89.2834
2008-09-08,91.1277
2008-09-09,88.4223
2008-09-10,88.7811
2008-09-11,90.0656
2008-09-12,90.4818
2008-09-15,86.1763
2008-09-16,87.6186
2008-09-17,83.6790
2008-09-18,86.1619
2008-09-19,89.5837
2008-09-22,87.5556
2008-09-23,85.5636
2008-09-24,85.8378
2008-09-25,87.1803
2008-09-26,87.2236
2008-09-29,80.3886
2008-09-30,83.7159
2008-10-01,83.7664
2008-10-02,80.7278
2008-10-03,79.6380
2008-10-06,75.5817
2008-10-07,72.1967
2008-10-08,70.3779
2008-10-09,65.4628
2008-10-10,63.8749
2008-10-13,73.1494
2008-10-14,72.0668
2008-10-15,64.9720
2008-10-16,67.6786
2008-10-17,67.2744
2008-10-20,71.3162
2008-10-21,69.1870
2008-10-22,65.4195
2008-10-23,66.1773
2008-10-24,62.8212
2008-10-27,60.5910
2008-10-28,67.6714
2008-10-29,67.1806
2008-10-30,69.5046
2008-10-31,69.8871
2008-11-03,70.0892
2008-11-04,72.4710
2008-11-05,69.4252
2008-11-06,65.5783
2008-11-07,67.7435
2008-11-10,66.8558
2008-11-11,64.7915
2008-11-12,61.9407
2008-11-13,65.8020
2008-11-14,62.5181
2008-11-17,61.6881
2008-11-18,62.8501
2008-11-19,58.8227
2008-11-20,54.4561
2008-11-21,57.3936
2008-11-24,61.3704
2008-11-25,61.8252
2008-11-26,64.2142
2008-11-28,65.0225
2008-12-01,59.2630
2008-12-02,61.5437
2008-12-03,63.0233
2008-12-04,61.5653
2008-12-05,63.4636
2008-12-08,65.6793
2008-12-09,64.5967
2008-12-10,65.0370
2008-12-11,63.4708
2008-12-12,64.2286
2008-12-15,63.3336
2008-12-16,66.3145
2008-12-17,65.6721
2008-12-18,64.4451
2008-12-19,64.1679
2008-12-22,63.3457
2008-12-23,62.6909
2008-12-24,63.0547
2008-12-26,63.4185
2008-12-29,63.2366
2008-12-30,64.7354
2008-12-31,65.6595
2009-01-02,67.6386
2009-01-05,67.5586
2009-01-06,68.0097
2009-01-07,65.9724
2009-01-08,66.2416
2009-01-09,64.8227
2009-01-12,63.2657
2009-01-13,63.3821
2009-01-14,61.3884
2009-01-15,61.4103
2009-01-16,61.8905
2009-01-20,58.6235
2009-01-21,61.1556
2009-01-22,60.2097
2009-01-23,60.4717
2009-01-26,60.8864
2009-01-27,61.5049
2009-01-28,63.5858
2009-01-29,61.5194
2009-01-30,60.2680
2009-02-02,60.0860
2009-02-03,60.9301
2009-02-04,60.6318
2009-02-05,61.5340
2009-02-06,63.2875
2009-02-09,63.3748
2009-02-10,60.4717
2009-02-11,60.8282
2009-02-12,60.8719
2009-02-13,60.2170
2009-02-17,57.6413
2009-02-18,57.5030
2009-02-19,56.8845
2009-02-20,56.3316
2009-02-23,54.3161
2009-02-24,56.3752
2009-02-25,55.9314
2009-02-26,55.0219
2009-02-27,53.7922
2009-03-02,51.3692
2009-03-03,50.9836
2009-03-04,52.1915
2009-03-05,50.0596
2009-03-06,50.1469
2009-03-09,49.5575
2009-03-10,52.5116
2009-03-11,52.8536
2009-03-12,54.9346
2009-03-13,55.3638
2009-03-16,55.1965
2009-03-17,56.8845
2009-03-18,58.1579
2009-03-19,57.4375
2009-03-20,56.2145
2009-03-23,60.2523
2009-03-24,59.0651
2009-03-25,59.6880
2009-03-26,60.9045
2009-03-27,59.8052
2009-03-30,57.7387
2009-03-31,58.2737
2009-04-01,59.4022
2009-04-02,61.1390
2009-04-03,61.7472
2009-04-06,61.2636
2009-04-07,59.8346
2009-04-08,60.4795
2009-04-09,62.8831
2009-04-13,62.8978
2009-04-14,61.8132
2009-04-15,62.4727
2009-04-16,63.3887
2009-04-17,63.8138
2009-04-20,61.1390
2009-04-21,62.3335
2009-04-22,61.9524
2009-04-23,62.5606
2009-04-24,63.5060
2009-04-27,62.9051
2009-04-28,62.7072
2009-04-29,64.0410
2009-04-30,64.0629
2009-05-01,64.4074
2009-05-04,66.5985
2009-05-05,66.3713
2009-05-06,67.5218
2009-05-07,66.5838
2009-05-08,68.1374
2009-05-11,66.8623
2009-05-12,66.6644
2009-05-13,64.9863
2009-05-14,65.5433
2009-05-15,65.0082
2009-05-18,66.8550
2009-05-19,66.7744
2009-05-20,66.3273
2009-05-21,65.3747
2009-05-22,65.2354
2009-05-26,66.9063
2009-05-27,65.7118
2009-05-28,66.6278
2009-05-29,67.8076
2009-06-01,69.4491
2009-06-02,69.5078
2009-06-03,68.6284
2009-06-04,69.2733
2009-06-05,69.2879
2009-06-08,69.0021
2009-06-09,69.3539
2009-06-10,69.1780
2009-06-11,69.4858
2009-06-12,69.6763
2009-06-15,68.0788
2009-06-16,67.1554
2009-06-17,67.0895
2009-06-18,67.5805
2009-06-19,67.8296
2009-06-22,65.7955
2009-06-23,65.8472
2009-06-24,66.4146
2009-06-25,67.8590
2009-06-26,67.6822
2009-06-29,68.3159
2009-06-30,67.7632
2009-07-01,68.0433
2009-07-02,66.1862
2009-07-06,66.1787
2009-07-07,64.8965
2009-07-08,64.8522
2009-07-09,64.9775
2009-07-10,64.8228
2009-07-13,66.3998
2009-07-14,66.7757
2009-07-15,68.7286
2009-07-16,68.6181
2009-07-17,69.3698
2009-07-20,70.1068
2009-07-21,70.4310
2009-07-22,70.4163
2009-07-23,71.9713
2009-07-24,72.2660
2009-07-27,72.4798
2009-07-28,72.1408
2009-07-29,71.9639
2009-07-30,72.7156
2009-07-31,72.8187
2009-08-03,74.0200
2009-08-04,74.2116
2009-08-05,73.9979
2009-08-06,73.6147
2009-08-07,74.5801
2009-08-10,74.4253
2009-08-11,73.4967
2009-08-12,74.2853
2009-08-13,74.8528
2009-08-14,74.2779
2009-08-17,72.4503
2009-08-18,73.0251
2009-08-19,73.6663
2009-08-20,74.4253
2009-08-21,75.8845
2009-08-24,75.8771
2009-08-25,76.0245
2009-08-26,76.0319
2009-08-27,76.2014
2009-08-28,76.1867
2009-08-31,75.5087
2009-09-01,73.8431
2009-09-02,73.5630
2009-09-03,74.1748
2009-09-04,75.2139
2009-09-08,75.8624
2009-09-09,76.4446
2009-09-10,77.2257
2009-09-11,77.2110
2009-09-14,77.5868
2009-09-15,77.9111
2009-09-16,79.0903
2009-09-17,78.9723
2009-09-18,79.0227
2009-09-21,78.8228
2009-09-22,79.2819
2009-09-23,78.6228
2009-09-24,77.7565
2009-09-25,77.3418
2009-09-28,78.7265
2009-09-29,78.4896
2009-09-30,78.1860
2009-10-01,76.2459
2009-10-02,75.8905
2009-10-05,77.0234
2009-10-06,78.1267
2009-10-07,78.3415
2009-10-08,78.9413
2009-10-09,79.4226
2009-10-12,79.7336
2009-10-13,79.5706
2009-10-14,80.9405
2009-10-15,81.2367
2009-10-16,80.6295
2009-10-19,81.2960
2009-10-20,80.8665
2009-10-21,80.1408
2009-10-22,80.9553
2009-10-23,80.0298
2009-10-26,79.1634
2009-10-27,78.8006
2009-10-28,77.3122
2009-10-29,78.9708
2009-10-30,76.6828
2009-11-02,77.2456
2009-11-03,77.4900
2009-11-04,77.6899
2009-11-05,79.1190
2009-11-06,79.3263
2009-11-09,81.1330
2009-11-10,81.1479
2009-11-11,81.5625
2009-11-12,80.7332
2009-11-13,81.1701
2009-11-16,82.3474
2009-11-17,82.4436
2009-11-18,82.3918
2009-11-19,81.3182
2009-11-20,81.0294
2009-11-23,82.0586
2009-11-24,82.1845
2009-11-25,82.4733
2009-11-27,81.1330
2009-11-30,81.4070
2009-12-01,82.4141
2009-12-02,82.3770
2009-12-03,81.7328
2009-12-04,82.1993
2009-12-07,82.0734
2009-12-08,81.1626
2009-12-09,81.4662
2009-12-10,81.9253
2009-12-11,82.2734
2009-12-14,82.8361
2009-12-15,82.4510
2009-12-16,82.5769
2009-12-17,81.5847
2009-12-18,82.0463
2009-12-21,82.8801
2009-12-22,83.1778
2009-12-23,83.3416
2009-12-24,83.7362
2009-12-28,83.9149
2009-12-29,83.7958
2009-12-30,83.7660
2009-12-31,82.9620
2010-01-04,84.3690
2010-01-05,84.5923
2010-01-06,84.6519
2010-01-07,85.0092
2010-01-08,85.2921
2010-01-11,85.4112
2010-01-12,84.6146
2010-01-13,85.3293
2010-01-14,85.5601
2010-01-15,84.5998
2010-01-19,85.6569
2010-01-20,84.7859
2010-01-21,83.1555
2010-01-22,81.3018
2010-01-25,81.7187
2010-01-26,81.3763
2010-01-27,81.7634
2010-01-28,80.8254
2010-01-29,79.9469
2010-02-01,81.1901
2010-02-02,82.1728
2010-02-03,81.7634
2010-02-04,79.2397
2010-02-05,79.4035
2010-02-08,78.8302
2010-02-09,79.8203
2010-02-10,79.6640
2010-02-11,80.4978
2010-02-12,80.4308
2010-02-16,81.6964
2010-02-17,82.0835
2010-02-18,82.5674
2010-02-19,82.7386
2010-02-22,82.7535
2010-02-23,81.7485
2010-02-24,82.5004
2010-02-25,82.3887
2010-02-26,82.4408
2010-03-01,83.2970
2010-03-02,83.5277
2010-03-03,83.6022
2010-03-04,83.8553
2010-03-05,85.0539
2010-03-08,85.0688
2010-03-09,85.2102
2010-03-10,85.5899
2010-03-11,85.9472
2010-03-12,85.9547
2010-03-15,85.9770
2010-03-16,86.6619
2010-03-17,87.1755
2010-03-18,87.1309
2010-03-19,86.6899
2010-03-22,87.1533
2010-03-23,87.7663
2010-03-24,87.3402
2010-03-25,87.1982
2010-03-26,87.1459
2010-03-29,87.6990
2010-03-30,87.7588
2010-03-31,87.4598
2010-04-01,88.0578
2010-04-05,88.7754
2010-04-06,88.9848
2010-04-07,88.4764
2010-04-08,88.7829
2010-04-09,89.3660
2010-04-12,89.5080
2010-04-13,89.5753
2010-04-14,90.5919
2010-04-15,90.6666
2010-04-16,89.2240
2010-04-19,89.5603
2010-04-20,90.3602
2010-04-21,90.1957
2010-04-22,90.4649
2010-04-23,91.0554
2010-04-26,90.7115
2010-04-27,88.5662
2010-04-28,89.2389
2010-04-29,90.3452
2010-04-30,88.8128
2010-05-03,89.9640
2010-05-04,87.8485
2010-05-05,87.3253
2010-05-06,84.4249
2010-05-07,83.1690
2010-05-10,86.8319
2010-05-11,86.5852
2010-05-12,87.7962
2010-05-13,86.7048
2010-05-14,85.1350
2010-05-17,85.1799
2010-05-18,84.0212
2010-05-19,83.5428
2010-05-20,80.3883
2010-05-21,81.5619
2010-05-24,80.5153
2010-05-25,80.5976
2010-05-26,80.1117
2010-05-27,82.7953
2010-05-28,81.7562
2010-06-01,80.3808
2010-06-02,82.4739
2010-06-03,82.7579
2010-06-04,79.8501
2010-06-07,78.8559
2010-06-08,79.7006
2010-06-09,79.2745
2010-06-10,81.5918
2010-06-11,81.9880
2010-06-14,81.8609
2010-06-15,83.7222
2010-06-16,83.6923
2010-06-17,83.8269
2010-06-18,83.9177
2010-06-21,83.6774
2010-06-22,82.2954
2010-06-23,82.0401
2010-06-24,80.6806
2010-06-25,81.0186
2010-06-28,80.7632
2010-06-29,78.2696
2010-06-30,77.5261
2010-07-01,77.1806
2010-07-02,76.7600
2010-07-06,77.2632
2010-07-07,79.6967
2010-07-08,80.4853
2010-07-09,81.0862
2010-07-12,81.1388
2010-07-13,82.3630
2010-07-14,82.3555
2010-07-15,82.3781
2010-07-16,80.1098
2010-07-19,80.5830
2010-07-20,81.4768
2010-07-21,80.4177
2010-07-22,82.2128
2010-07-23,82.9263
2010-07-26,83.7900
2010-07-27,83.7825
2010-07-28,83.2418
2010-07-29,82.8362
2010-07-30,82.8212
2010-08-02,84.6914
2010-08-03,84.2858
2010-08-04,84.8490
2010-08-05,84.7589
2010-08-06,84.4135
2010-08-09,84.8641
2010-08-10,84.4060
2010-08-11,82.0926
2010-08-12,81.5894
2010-08-13,81.3491
2010-08-16,81.3115
2010-08-17,82.3104
2010-08-18,82.4607
2010-08-19,81.0261
2010-08-20,80.7632
2010-08-23,80.4553
2010-08-24,79.2611
2010-08-25,79.5690
2010-08-26,79.0358
2010-08-27,80.2600
2010-08-30,79.0959
2010-08-31,79.0959
2010-09-01,81.4617
2010-09-02,82.2204
2010-09-03,83.2868
2010-09-07,82.3480
2010-09-08,82.9263
2010-09-09,83.3094
2010-09-10,83.7299
2010-09-13,84.6613
2010-09-14,84.6087
2010-09-15,84.9317
2010-09-16,84.9091
2010-09-17,84.9409
2010-09-20,86.2396
2010-09-21,86.0660
2010-09-22,85.6431
2010-09-23,84.9484
2010-09-24,86.7003
2010-09-27,86.2849
2010-09-28,86.5870
2010-09-29,86.4360
2010-09-30,86.1792
2010-10-01,86.5417
2010-10-04,85.8923
2010-10-05,87.6215
2010-10-06,87.6140
2010-10-07,87.5082
2010-10-08,87.9990
2010-10-11,88.0821
2010-10-12,88.3539
2010-10-13,89.0411
2010-10-14,88.6937
2010-10-15,88.8750
2010-10-18,89.3129
2010-10-19,88.1425
2010-10-20,89.0033
2010-10-21,89.1996
2010-10-22,89.3657
2010-10-25,89.6300
2010-10-26,89.6451
2010-10-27,89.3884
2010-10-28,89.4035
2010-10-29,89.4715
2010-11-01,89.5017
2010-11-02,90.2114
2010-11-03,90.5739
2010-11-04,92.3182
2010-11-05,92.6655
2010-11-08,92.4918
2010-11-09,91.8274
2010-11-10,92.1973
2010-11-11,91.8500
2010-11-12,90.7627
2010-11-15,90.6343
2010-11-16,89.2223
2010-11-17,89.2676
2010-11-18,90.5815
2010-11-19,90.8307
2010-11-22,90.7551
2010-11-23,89.4412
2010-11-24,90.7627
2010-11-26,89.7056
2010-11-29,89.9774
2010-11-30,89.4715
2010-12-01,91.3743
2010-12-02,92.5447
2010-12-03,92.7939
2010-12-06,92.6957
2010-12-07,92.7486
2010-12-08,93.0884
2010-12-09,93.4508
2010-12-10,93.9945
2010-12-13,94.0549
2010-12-14,94.1380
2010-12-15,93.7076
2010-12-16,94.2512
2010-12-17,94.3522
2010-12-20,94.5799
2010-12-21,95.1796
2010-12-22,95.4756
2010-12-23,95.3390
2010-12-27,95.3769
2010-12-28,95.5136
2010-12-29,95.5819
2010-12-30,95.4300
2010-12-31,95.4529
2011-01-03,96.4396
2011-01-04,96.3865
2011-01-05,96.8875
2011-01-06,96.6977
2011-01-07,96.5079
2011-01-10,96.3865
2011-01-11,96.7281
2011-01-12,97.6011
2011-01-13,97.4416
2011-01-14,98.1476
2011-01-18,98.3145
2011-01-19,97.3505
2011-01-20,97.2214
2011-01-21,97.4416
2011-01-24,97.9957
2011-01-25,98.0489
2011-01-26,98.4284
2011-01-27,98.6713
2011-01-28,96.9482
2011-01-31,97.6769
2011-02-01,99.2406
2011-02-02,99.0508
2011-02-03,99.2710
2011-02-04,99.5518
2011-02-07,100.1742
2011-02-08,100.6297
2011-02-09,100.4020
2011-02-10,100.4399
2011-02-11,101.0396
2011-02-14,101.2825
2011-02-15,100.9637
2011-02-16,101.6013
2011-02-17,101.9049
2011-02-18,102.1174
2011-02-22,100.0680
2011-02-23,99.4531
2011-02-24,99.3848
2011-02-25,100.4475
2011-02-28,101.0699
2011-03-01,99.3848
2011-03-02,99.5973
2011-03-03,101.3128
2011-03-04,100.5538
2011-03-07,99.7643
2011-03-08,100.6373
2011-03-09,100.4930
2011-03-10,98.6333
2011-03-11,99.3165
2011-03-14,98.7168
2011-03-15,97.5858
2011-03-16,95.7792
2011-03-17,97.0469
2011-03-18,97.3999
2011-03-21,98.9093
2011-03-22,98.5662
2011-03-23,98.8483
2011-03-24,99.7936
2011-03-25,100.0986
2011-03-28,99.8547
2011-03-29,100.5256
2011-03-30,101.2193
2011-03-31,101.0821
2011-04-01,101.5090
2011-04-04,101.5929
2011-04-05,101.5776
2011-04-06,101.8978
2011-04-07,101.6386
2011-04-08,101.2879
2011-04-11,100.9830
2011-04-12,100.2282
2011-04-13,100.2206
2011-04-14,100.2969
2011-04-15,100.6628
2011-04-18,99.5345
2011-04-19,100.1062
2011-04-20,101.4709
2011-04-21,101.9893
2011-04-25,101.8826
2011-04-26,102.7593
2011-04-27,103.4301
2011-04-28,103.7656
2011-04-29,104.0096
2011-05-02,103.8495
2011-05-03,103.4759
2011-05-04,102.7898
2011-05-05,101.8597
2011-05-06,102.3094
2011-05-09,102.7059
2011-05-10,103.5826
2011-05-11,102.4925
2011-05-12,102.9804
2011-05-13,102.1875
2011-05-16,101.5395
2011-05-17,101.5243
2011-05-18,102.4314
2011-05-19,102.6754
2011-05-20,101.8597
2011-05-23,100.6780
2011-05-24,100.5942
2011-05-25,100.9296
2011-05-26,101.3946
2011-05-27,101.7834
2011-05-31,102.8431
2011-06-01,100.5332
2011-06-02,100.4264
2011-06-03,99.4277
2011-06-06,98.3757
2011-06-07,98.3147
2011-06-08,97.9030
2011-06-09,98.6501
2011-06-10,97.2779
2011-06-13,97.3541
2011-06-14,98.5891
2011-06-15,96.8357
2011-06-16,97.0492
2011-06-17,97.3387
2011-06-20,97.8368
2011-06-21,99.1775
2011-06-22,98.5799
2011-06-23,98.2965
2011-06-24,97.1549
2011-06-27,98.0206
2011-06-28,99.3001
2011-06-29,100.1505
2011-06-30,101.1082
2011-07-01,102.6022
2011-07-05,102.5179
2011-07-06,102.6405
2011-07-07,103.7054
2011-07-08,102.9700
2011-07-11,101.1082
2011-07-12,100.6715
2011-07-13,101.0086
2011-07-14,100.3114
2011-07-15,100.8937
2011-07-18,100.0663
2011-07-19,101.6905
2011-07-20,101.6292
2011-07-21,103.0389
2011-07-22,103.1079
2011-07-25,102.5332
2011-07-26,102.1501
2011-07-27,100.0586
2011-07-28,99.7675
2011-07-29,99.0856
2011-08-01,98.6642
2011-08-02,96.1436
2011-08-03,96.6646
2011-08-04,92.1366
2011-08-05,91.9987
2011-08-08,86.0075
2011-08-09,90.0067
2011-08-10,86.0305
2011-08-11,89.8918
2011-08-12,90.4971
2011-08-15,92.4125
2011-08-16,91.6233
2011-08-17,91.6846
2011-08-18,87.7313
2011-08-19,86.2986
2011-08-22,86.3676
2011-08-23,89.2100
2011-08-24,90.4665
2011-08-25,89.0874
2011-08-26,90.3822
2011-08-29,92.9794
2011-08-30,93.2246
2011-08-31,93.6383
2011-09-01,92.6576
2011-09-02,90.2902
2011-09-06,89.6314
2011-09-07,92.1596
2011-09-08,91.2019
2011-09-09,88.8116
2011-09-12,89.3862
2011-09-13,90.2060
2011-09-14,91.4548
2011-09-15,93.0330
2011-09-16,93.5837
2011-09-19,92.6518
2011-09-20,92.5440
2011-09-21,89.8178
2011-09-22,86.9145
2011-09-23,87.4382
2011-09-26,89.5175
2011-09-27,90.5186
2011-09-28,88.6704
2011-09-29,89.3711
2011-09-30,87.1379
2011-10-03,84.6581
2011-10-04,86.5140
2011-10-05,88.1159
2011-10-06,89.7100
2011-10-07,89.1093
2011-10-10,92.0897
2011-10-11,92.1820
2011-10-12,92.9907
2011-10-13,92.8059
2011-10-14,94.3923
2011-10-17,92.5902
2011-10-18,94.4000
2011-10-19,93.2833
2011-10-20,93.6915
2011-10-21,95.4704
2011-10-24,96.6410
2011-10-25,94.7619
2011-10-26,95.7246
2011-10-27,99.0591
2011-10-28,99.0360
2011-10-31,96.6487
2011-11-01,93.9533
2011-11-02,95.4858
2011-11-03,97.2263
2011-11-04,96.6333
2011-11-07,97.2340
2011-11-08,98.4816
2011-11-09,94.8466
2011-11-10,95.7400
2011-11-11,97.5420
2011-11-14,96.6179
2011-11-15,97.0954
2011-11-16,95.5551
2011-11-17,94.0380
2011-11-18,93.9379
2011-11-21,92.1513
2011-11-22,91.7893
2011-11-23,89.7639
2011-11-25,89.5945
2011-11-28,92.1898
2011-11-29,92.4516
2011-11-30,96.2559
2011-12-01,96.2406
2011-12-02,96.1558
2011-12-05,97.2032
2011-12-06,97.2340
2011-12-07,97.5959
2011-12-08,95.4550
2011-12-09,97.0723
2011-12-12,95.6553
2011-12-13,94.7619
2011-12-14,93.7531
2011-12-15,94.0919
2011-12-16,94.2314
2011-12-19,93.2240
2011-12-20,96.0449
2011-12-21,96.2309
2011-12-22,97.0834
2011-12-23,97.9514
2011-12-27,98.0289
2011-12-28,96.7424
2011-12-29,97.7422
2011-12-30,97.2617
2012-01-03,98.8116
2012-01-04,98.9667
2012-01-05,99.2301
2012-01-06,98.9744
2012-01-09,99.2146
2012-01-10,100.0749
2012-01-11,100.1292
2012-01-12,100.3694
2012-01-13,99.8501
2012-01-17,100.2376
2012-01-18,101.3459
2012-01-19,101.8806
2012-01-20,102.2603
2012-01-23,101.9969
2012-01-24,101.8806
2012-01-25,102.7331
2012-01-26,102.2061
2012-01-27,102.1596
2012-01-30,101.8109
2012-01-31,101.7721
2012-02-01,102.6634
2012-02-02,102.8261
2012-02-03,104.2676
2012-02-06,104.1979
2012-02-07,104.4613
2012-02-08,104.7713
2012-02-09,104.9031
2012-02-10,104.1281
2012-02-13,104.9031
2012-02-14,104.7713
2012-02-15,104.2831
2012-02-16,105.4378
2012-02-17,105.7168
2012-02-21,105.7634
2012-02-22,105.4223
2012-02-23,105.8873
2012-02-24,106.1198
2012-02-27,106.2981
2012-02-28,106.6080
2012-02-29,106.1896
2012-03-01,106.7398
2012-03-02,106.4143
2012-03-05,105.9803
2012-03-06,104.4303
2012-03-07,105.1588
2012-03-08,106.2051
2012-03-09,106.6158
2012-03-12,106.6236
2012-03-13,108.5456
2012-03-14,108.4293
2012-03-15,109.0571
2012-03-16,109.2081
2012-03-19,109.6362
2012-03-20,109.3170
2012-03-21,109.1380
2012-03-22,108.3518
2012-03-23,108.7021
2012-03-26,110.2278
2012-03-27,109.8853
2012-03-28,109.3404
2012-03-29,109.1536
2012-03-30,109.6050
2012-04-02,110.4068
2012-04-03,109.9553
2012-04-04,108.8656
2012-04-05,108.8110
2012-04-09,107.5890
2012-04-10,105.7831
2012-04-11,106.6394
2012-04-12,108.0327
2012-04-13,106.7483
2012-04-16,106.6783
2012-04-17,108.2584
2012-04-18,107.8926
2012-04-19,107.1998
2012-04-20,107.3788
2012-04-23,106.4759
2012-04-24,106.8807
2012-04-25,108.3440
2012-04-26,109.0991
2012-04-27,109.2782
2012-04-30,108.8734
2012-05-01,109.5506
2012-05-02,109.2236
2012-05-03,108.3908
2012-05-04,106.6394
2012-05-07,106.7173
2012-05-08,106.2891
2012-05-09,105.6586
2012-05-10,105.8766
2012-05-11,105.5574
2012-05-14,104.3899
2012-05-15,103.7905
2012-05-16,103.3935
2012-05-17,101.8601
2012-05-18,100.9883
2012-05-21,102.7241
2012-05-22,102.9031
2012-05-23,102.9576
2012-05-24,103.1600
2012-05-25,102.8252
2012-05-29,104.0707
2012-05-30,102.5606
2012-05-31,102.3349
2012-06-01,99.7584
2012-06-04,99.7117
2012-06-05,100.4668
2012-06-06,102.7241
2012-06-07,102.7863
2012-06-08,103.6037
2012-06-11,102.2882
2012-06-12,103.4635
2012-06-13,102.8020
2012-06-14,103.8917
2012-06-15,104.9542
2012-06-18,105.1576
2012-06-19,106.1747
2012-06-20,106.0026
2012-06-21,103.6241
2012-06-22,104.4221
2012-06-25,102.7478
2012-06-26,103.2642
2012-06-27,104.1952
2012-06-28,103.8979
2012-06-29,106.4877
2012-07-02,106.8085
2012-07-03,107.5127
2012-07-05,107.0276
2012-07-06,106.0105
2012-07-09,105.8775
2012-07-10,104.9542
2012-07-11,104.9699
2012-07-12,104.4613
2012-07-13,106.2139
2012-07-16,105.9635
2012-07-17,106.6912
2012-07-18,107.4814
2012-07-19,107.7631
2012-07-20,106.7772
2012-07-23,105.6975
2012-07-24,104.7899
2012-07-25,104.8133
2012-07-26,106.5425
2012-07-27,108.5064
2012-07-30,108.5064
2012-07-31,107.7474
2012-08-01,107.6535
2012-08-02,106.9102
2012-08-03,109.0306
2012-08-06,109.2418
2012-08-07,109.7896
2012-08-08,109.9226
2012-08-09,110.0165
2012-08-10,110.1964
2012-08-13,110.1416
2012-08-14,110.1573
2012-08-15,110.2825
2012-08-16,111.0962
2012-08-17,111.2449
2012-08-20,111.2527
2012-08-21,110.9163
2012-08-22,110.9632
2012-08-23,110.0556
2012-08-24,110.7207
2012-08-27,110.7441
2012-08-28,110.6345
2012-08-29,110.7207
2012-08-30,109.9226
2012-08-31,110.4468
2012-09-04,110.3451
2012-09-05,110.2512
2012-09-06,112.4889
2012-09-07,112.9271
2012-09-10,112.2855
2012-09-11,112.5985
2012-09-12,112.9740
2012-09-13,114.6954
2012-09-14,115.2040
2012-09-17,114.8127
2012-09-18,114.7189
2012-09-19,114.7814
2012-09-20,114.7893
2012-09-21,114.7413
2012-09-24,114.5682
2012-09-25,113.3490
2012-09-26,112.7118
2012-09-27,113.7738
2012-09-28,113.2467
2012-10-01,113.5456
2012-10-02,113.6636
2012-10-03,114.1277
2012-10-04,114.9457
2012-10-05,114.9537
2012-10-08,114.5604
2012-10-09,113.4276
2012-10-10,112.7040
2012-10-11,112.7669
2012-10-12,112.3972
2012-10-15,113.3333
2012-10-16,114.4817
2012-10-17,115.0009
2012-10-18,114.7020
2012-10-19,112.7905
2012-10-22,112.8062
2012-10-23,111.2408
2012-10-24,110.9263
2012-10-25,111.2488
2012-10-26,111.1859
2012-10-31,111.1859
2012-11-01,112.3500
2012-11-02,111.3510
2012-11-05,111.5792
2012-11-06,112.4523
2012-11-07,109.9037
2012-11-08,108.5822
2012-11-09,108.6766
2012-11-12,108.7631
2012-11-13,108.3855
2012-11-14,106.9225
2012-11-15,106.7415
2012-11-16,107.2686
2012-11-19,109.4396
2012-11-20,109.4868
2012-11-21,109.6913
2012-11-23,111.1859
2012-11-26,110.9499
2012-11-27,110.3835
2012-11-28,111.2724
2012-11-29,111.7915
2012-11-30,111.8151
2012-12-03,111.2645
2012-12-04,111.1072
2012-12-05,111.3038
2012-12-06,111.6814
2012-12-07,112.0196
2012-12-10,112.0669
2012-12-11,112.8299
2012-12-12,112.8849
2012-12-13,112.1927
2012-12-14,111.7758
2012-12-17,113.0894
2012-12-18,114.3479
2012-12-19,113.4985
2012-12-20,114.1513
2012-12-21,113.1152
2012-12-24,112.7666
2012-12-26,112.2913
2012-12-27,112.1408
2012-12-28,110.9287
2012-12-31,112.8141
2013-01-02,115.7056
2013-01-03,115.4441
2013-01-04,115.9512
2013-01-07,115.6343
2013-01-08,115.3016
2013-01-09,115.5946
2013-01-10,116.5136
2013-01-11,116.5056
2013-01-14,116.4265
2013-01-15,116.5056
2013-01-16,116.4898
2013-01-17,117.2424
2013-01-18,117.5038
2013-01-22,118.1376
2013-01-23,118.3277
2013-01-24,118.3593
2013-01-25,119.0248
2013-01-28,118.8822
2013-01-29,119.3496
2013-01-30,118.8822
2013-01-31,118.5891
2013-02-01,119.8091
2013-02-04,118.4623
2013-02-05,119.6586
2013-02-06,119.7457
2013-02-07,119.5873
2013-02-08,120.2526
2013-02-11,120.2289
2013-02-12,120.4269
2013-02-13,120.5299
2013-02-14,120.6408
2013-02-15,120.4983
2013-02-19,121.4013
2013-02-20,119.8883
2013-02-21,119.1595
2013-02-22,120.3240
2013-02-25,118.0345
2013-02-26,118.8426
2013-02-27,120.3398
2013-02-28,120.1022
2013-03-01,120.4983
2013-03-04,121.1399
2013-03-05,122.2252
2013-03-06,122.3916
2013-03-07,122.6134
2013-03-08,123.1362
2013-03-11,123.6036
2013-03-12,123.3263
2013-03-13,123.5006
2013-03-14,124.1581
2013-03-15,123.9942
2013-03-18,123.3099
2013-03-19,123.0234
2013-03-20,123.8828
2013-03-21,122.8245
2013-03-22,123.8112
2013-03-25,123.2940
2013-03-26,124.2806
2013-03-27,124.2806
2013-03-28,124.6625
2013-04-01,124.1693
2013-04-02,124.7819
2013-04-03,123.5168
2013-04-04,124.0181
2013-04-05,123.4610
2013-04-08,124.2966
2013-04-09,124.7262
2013-04-10,126.2540
2013-04-11,126.6678
2013-04-12,126.3574
2013-04-15,123.4293
2013-04-16,125.2514
2013-04-17,123.4213
2013-04-18,122.6495
2013-04-19,123.7157
2013-04-22,124.2647
2013-04-23,125.5458
2013-04-24,125.6254
2013-04-25,126.1347
2013-04-26,125.9118
2013-04-29,126.7553
2013-04-30,127.0576
2013-05-01,125.9436
2013-05-02,127.1133
2013-05-03,128.4024
2013-05-06,128.7286
2013-05-07,129.3811
2013-05-08,129.9699
2013-05-09,129.6039
2013-05-10,130.0256
2013-05-13,130.1291
2013-05-14,131.4738
2013-05-15,132.1820
2013-05-16,131.5613
2013-05-17,132.8345
2013-05-20,132.8265
2013-05-21,133.0175
2013-05-22,132.0307
2013-05-23,131.6489
2013-05-24,131.5374
2013-05-28,132.3252
2013-05-29,131.4659
2013-05-30,131.9512
2013-05-31,130.0574
2013-06-03,130.7737
2013-06-04,130.1450
2013-06-05,128.3227
2013-06-06,129.4846
2013-06-07,131.1316
2013-06-10,131.1316
2013-06-11,129.7789
2013-06-12,128.7048
2013-06-13,130.6622
2013-06-14,129.8427
2013-06-17,130.8452
2013-06-18,131.8796
2013-06-19,130.0574
2013-06-20,126.8349
2013-06-21,127.2420
2013-06-24,125.6342
2013-06-25,126.8421
2013-06-26,128.0979
2013-06-27,128.8498
2013-06-28,128.3219
2013-07-01,129.0739
2013-07-02,128.9539
2013-07-03,129.0098
2013-07-05,130.4017
2013-07-08,131.1456
2013-07-09,132.0895
2013-07-10,132.1375
2013-07-11,133.9373
2013-07-12,133.9933
2013-07-15,134.5052
2013-07-16,134.0013
2013-07-17,134.3452
2013-07-18,135.0811
2013-07-19,135.3211
2013-07-22,135.5851
2013-07-23,135.2971
2013-07-24,134.8012
2013-07-25,135.1291
2013-07-26,135.2731
2013-07-29,134.8572
2013-07-30,134.8572
2013-07-31,134.9532
2013-08-01,136.5130
2013-08-02,136.7450
2013-08-05,136.5450
2013-08-06,135.7691
2013-08-07,135.3291
2013-08-08,135.8250
2013-08-09,135.4331
2013-08-12,135.2731
2013-08-13,135.6731
2013-08-14,134.9771
2013-08-15,133.0894
2013-08-16,132.6494
2013-08-19,131.8015
2013-08-20,132.4494
2013-08-21,131.6335
2013-08-22,132.8334
2013-08-23,133.2813
2013-08-26,132.7854
2013-08-27,130.6497
2013-08-28,131.1136
2013-08-29,131.3215
2013-08-30,130.9056
2013-09-03,131.4976
2013-09-04,132.5854
2013-09-05,132.7534
2013-09-06,132.8174
2013-09-09,134.0893
2013-09-10,135.0811
2013-09-11,135.5051
2013-09-12,135.1451
2013-09-13,135.4491
2013-09-16,136.2330
2013-09-17,136.8410
2013-09-18,138.4247
2013-09-19,138.1928
2013-09-20,137.2266
2013-09-23,136.5916
2013-09-24,136.2701
2013-09-25,135.8762
2013-09-26,136.3986
2013-09-27,135.7717
2013-09-30,135.0483
2013-10-01,136.1173
2013-10-02,135.9888
2013-10-03,134.7348
2013-10-04,135.7557
2013-10-07,134.5821
2013-10-08,133.0146
2013-10-09,133.1111
2013-10-10,135.9807
2013-10-11,136.8569
2013-10-14,137.4035
2013-10-15,136.4067
2013-10-16,138.3117
2013-10-17,139.2362
2013-10-18,140.1767
2013-10-21,140.1846
2013-10-22,140.9965
2013-10-23,140.3213
2013-10-24,140.7875
2013-10-25,141.4305
2013-10-28,141.6555
2013-10-29,142.4112
2013-10-30,141.7038
2013-10-31,141.3019
2013-11-01,141.6396
2013-11-04,142.1379
2013-11-05,141.6878
2013-11-06,142.4112
2013-11-07,140.6106
2013-11-08,142.5077
2013-11-11,142.5318
2013-11-12,142.2424
2013-11-13,143.3838
2013-11-14,144.0992
2013-11-15,144.7262
2013-11-18,144.2198
2013-11-19,143.9063
2013-11-20,143.4562
2013-11-21,144.6136
2013-11-22,145.3371
2013-11-25,145.1924
2013-11-26,145.2326
2013-11-27,145.5863
2013-11-29,145.4898
2013-12-02,145.1121
2013-12-03,144.4851
2013-12-04,144.4689
2013-12-05,143.8340
2013-12-06,145.4416
2013-12-09,145.8113
2013-12-10,145.2889
2013-12-11,143.6571
2013-12-12,143.1829
2013-12-13,143.1668
2013-12-16,144.0590
2013-12-17,143.6009
2013-12-18,146.0524
2013-12-19,145.8837
2013-12-20,146.7322
2013-12-23,147.5162
2013-12-24,147.8394
2013-12-26,148.5911
2013-12-27,148.5830
2013-12-30,148.5588
2013-12-31,149.2619
2014-01-02,147.8314
2014-01-03,147.8071
2014-01-06,147.3789
2014-01-07,148.2840
2014-01-08,148.3163
2014-01-09,148.4132
2014-01-10,148.8174
2014-01-13,146.8374
2014-01-14,148.4375
2014-01-15,149.2376
2014-01-16,149.0436
2014-01-17,148.4132
2014-01-21,148.8497
2014-01-22,148.9467
2014-01-23,147.7263
2014-01-24,144.5744
2014-01-27,143.8633
2014-01-28,144.7199
2014-01-29,143.3299
2014-01-30,144.8492
2014-01-31,144.0006
2014-02-03,140.7599
2014-02-04,141.7459
2014-02-05,141.5681
2014-02-06,143.4349
2014-02-07,145.2128
2014-02-10,145.4796
2014-02-11,147.0717
2014-02-12,147.1444
2014-02-13,147.9041
2014-02-14,148.7204
2014-02-18,148.8981
2014-02-19,147.9122
2014-02-20,148.7850
2014-02-21,148.6153
2014-02-24,149.4397
2014-02-25,149.3831
2014-02-26,149.3912
2014-02-27,150.1750
2014-02-28,150.5549
2014-03-03,149.4961
2014-03-04,151.5975
2014-03-05,151.7349
2014-03-06,152.0824
2014-03-07,152.1470
2014-03-10,152.0662
2014-03-11,151.3146
2014-03-12,151.3550
2014-03-13,149.6579
2014-03-14,149.2376
2014-03-17,150.5873
2014-03-18,151.6621
2014-03-19,150.8540
2014-03-20,151.7349
2014-03-21,151.1463
2014-03-24,150.5213
2014-03-25,151.2356
2014-03-26,150.1479
2014-03-27,149.8313
2014-03-28,150.5700
2014-03-31,151.8038
2014-04-01,152.8104
2014-04-02,153.3218
2014-04-03,153.1189
2014-04-04,151.3087
2014-04-07,149.6365
2014-04-08,150.2535
2014-04-09,151.8688
2014-04-10,148.6786
2014-04-11,147.3393
2014-04-14,148.5001
2014-04-15,149.5229
2014-04-16,151.0895
2014-04-17,151.3006
2014-04-21,151.8282
2014-04-22,152.5182
2014-04-23,152.1610
2014-04-24,152.4695
2014-04-25,151.2194
2014-04-28,151.6983
2014-04-29,152.4045
2014-04-30,152.8591
2014-05-01,152.8753
2014-05-02,152.6562
2014-05-05,152.9484
2014-05-06,151.6172
2014-05-07,152.5100
2014-05-08,152.3477
2014-05-09,152.5750
2014-05-12,154.0606
2014-05-13,154.1985
2014-05-14,153.4680
2014-05-15,152.1205
2014-05-16,152.6481
2014-05-19,153.2082
2014-05-20,152.2422
2014-05-21,153.5248
2014-05-22,153.8981
2014-05-23,154.5151
2014-05-27,155.4648
2014-05-28,155.3511
2014-05-29,156.1548
2014-05-30,156.4064
2014-06-02,156.5850
2014-06-03,156.5038
2014-06-04,156.8204
2014-06-05,157.8433
2014-06-06,158.5982
2014-06-09,158.7605
2014-06-10,158.7767
2014-06-11,158.2248
2014-06-12,157.1045
2014-06-13,157.5834
2014-06-16,157.7134
2014-06-17,158.1517
2014-06-18,159.3124
2014-06-19,159.4910
2014-06-20,159.8148
2014-06-23,159.7659
2014-06-24,158.8034
2014-06-25,159.5212
2014-06-26,159.4070
2014-06-27,159.7170
2014-06-30,159.6354
2014-07-01,160.7039
2014-07-02,160.8670
2014-07-03,161.6582
2014-07-07,161.0954
2014-07-08,160.0595
2014-07-09,160.7773
2014-07-10,160.1411
2014-07-11,160.3613
2014-07-14,161.1688
2014-07-15,160.8670
2014-07-16,161.4624
2014-07-17,159.6272
2014-07-18,161.2585
2014-07-21,160.9567
2014-07-22,161.6582
2014-07-23,162.0170
2014-07-24,162.0252
2014-07-25,161.2667
2014-07-28,161.3319
2014-07-29,160.6386
2014-07-30,160.6631
2014-07-31,157.4903
2014-08-01,157.0091
2014-08-04,158.1428
2014-08-05,156.6094
2014-08-06,156.6584
2014-08-07,155.8101
2014-08-08,157.6126
2014-08-11,158.0694
2014-08-12,157.8492
2014-08-13,158.9177
2014-08-14,159.6681
2014-08-15,159.6354
2014-08-18,160.9730
2014-08-19,161.8132
2014-08-20,162.2454
2014-08-21,162.7185
2014-08-22,162.4656
2014-08-25,163.2895
2014-08-26,163.3955
2014-08-27,163.3302
2014-08-28,163.2405
2014-08-29,163.7054
2014-09-02,163.6238
2014-09-03,163.5341
2014-09-04,163.2976
2014-09-05,164.0316
2014-09-08,163.6076
2014-09-09,162.5717
2014-09-10,163.1834
2014-09-11,163.3710
2014-09-12,162.4167
2014-09-15,162.2944
2014-09-16,163.5178
2014-09-17,163.7381
2014-09-18,164.6108
2014-09-19,164.4625
2014-09-22,163.1923
2014-09-23,162.2582
2014-09-24,163.5283
2014-09-25,160.8897
2014-09-26,162.1680
2014-09-29,161.8730
2014-09-30,161.4469
2014-10-01,159.2590
2014-10-02,159.2836
2014-10-03,161.0372
2014-10-06,160.8487
2014-10-07,158.3658
2014-10-08,161.1356
2014-10-09,157.9397
2014-10-10,156.1369
2014-10-13,153.5721
2014-10-14,153.8097
2014-10-15,152.7690
2014-10-16,152.6378
2014-10-17,154.4406
2014-10-20,155.9403
2014-10-21,159.0295
2014-10-22,157.8987
2014-10-23,159.7343
2014-10-24,160.9634
2014-10-27,160.7422
2014-10-28,162.5859
2014-10-29,162.3401
2014-10-30,163.3808
2014-10-31,165.2491
2014-11-03,165.3393
2014-11-04,164.7656
2014-11-05,165.8063
2014-11-06,166.4701
2014-11-07,166.6257
2014-11-10,167.1503
2014-11-11,167.3141
2014-11-12,167.1338
2014-11-13,167.3223
2014-11-14,167.3633
2014-11-17,167.4698
2014-11-18,168.4368
2014-11-19,168.1663
2014-11-20,168.4614
2014-11-21,169.3627
2014-11-24,169.8380
2014-11-25,169.7151
2014-11-26,170.1494
2014-11-28,169.7888
2014-12-01,168.6088
2014-12-02,169.6988
2014-12-03,170.3543
2014-12-04,170.1658
2014-12-05,170.4444
2014-12-08,169.3055
2014-12-09,169.1906
2014-12-10,166.4783
2014-12-11,167.3223
2014-12-12,164.6181
2014-12-15,163.4873
2014-12-16,162.1762
2014-12-17,165.3557
2014-12-18,169.4446
2014-12-19,170.1656
2014-12-22,170.9484
2014-12-23,171.1791
2014-12-24,171.1956
2014-12-26,171.7477
2014-12-29,171.9784
2014-12-30,171.0555
2014-12-31,169.3582
2015-01-02,169.2675
2015-01-05,166.2106
2015-01-06,164.6451
2015-01-07,166.6967
2015-01-08,169.6548
2015-01-09,168.2952
2015-01-12,166.9769
2015-01-13,166.5072
2015-01-14,165.5020
2015-01-15,163.9859
2015-01-16,166.1365
2015-01-20,166.4907
2015-01-21,167.3312
2015-01-22,169.8196
2015-01-23,168.8885
2015-01-26,169.2840
2015-01-27,167.0510
2015-01-28,164.9088
2015-01-29,166.4331
2015-01-30,164.3401
2015-02-02,166.3754
2015-02-03,168.7813
2015-02-04,168.1387
2015-02-05,169.8361
2015-02-06,169.3664
2015-02-09,168.6084
2015-02-10,170.4046
2015-02-11,170.5034
2015-02-12,172.1431
2015-02-13,172.8518
2015-02-17,173.1237
2015-02-18,173.1401
2015-02-19,173.0166
2015-02-20,174.0548
2015-02-23,174.0301
2015-02-24,174.5244
2015-02-25,174.3761
2015-02-26,174.1701
2015-02-27,173.5768
2015-03-02,174.6727
2015-03-03,173.9559
2015-03-04,173.2226
2015-03-05,173.4121
2015-03-06,170.9731
2015-03-09,171.6817
2015-03-10,168.8967
2015-03-11,168.5012
2015-03-12,170.6435
2015-03-13,169.5971
2015-03-16,171.8630
2015-03-17,171.3522
2015-03-18,173.4121
2015-03-19,172.6210
2015-03-20,174.1448
2015-03-23,173.8054
2015-03-24,172.8288
2015-03-25,170.2963
2015-03-26,169.8906
2015-03-27,170.2797
2015-03-30,172.3571
2015-03-31,170.8507
2015-04-01,170.2465
2015-04-02,170.8591
2015-04-06,172.0095
2015-04-07,171.5543
2015-04-08,172.1336
2015-04-09,172.8950
2015-04-10,173.8386
2015-04-13,173.0523
2015-04-14,173.3834
2015-04-15,174.1613
2015-04-16,174.1116
2015-04-17,172.1088
2015-04-20,173.6813
2015-04-21,173.4744
2015-04-22,174.3268
2015-04-23,174.7655
2015-04-24,175.1711
2015-04-27,174.4428
2015-04-28,174.9973
2015-04-29,174.2772
2015-04-30,172.5308
2015-05-01,174.4014
2015-05-04,174.8979
2015-05-05,172.8950
2015-05-06,172.1832
2015-05-07,172.8702
2015-05-08,175.1463
2015-05-11,174.3103
2015-05-12,173.7889
2015-05-13,173.8220
2015-05-14,175.6346
2015-05-15,175.8249
2015-05-18,176.3712
2015-05-19,176.3132
2015-05-20,176.1891
2015-05-21,176.7022
2015-05-22,176.2801
2015-05-26,174.3848
2015-05-27,176.0401
2015-05-28,175.8414
2015-05-29,174.7489
2015-06-01,175.1049
2015-06-02,174.9311
2015-06-03,175.3945
2015-06-04,173.9130
2015-06-05,173.6151
2015-06-08,172.5474
2015-06-09,172.5226
2015-06-10,174.5917
2015-06-11,175.1545
2015-06-12,173.8137
2015-06-15,173.0688
2015-06-16,174.0124
2015-06-17,174.2938
2015-06-18,176.1063
2015-06-19,175.3245
2015-06-22,176.2227
2015-06-23,176.3474
2015-06-24,175.0667
2015-06-25,174.5344
2015-06-26,174.5012
2015-06-29,170.8417
2015-06-30,171.1994
2015-07-01,172.5716
2015-07-02,172.4137
2015-07-06,171.9229
2015-07-07,173.0041
2015-07-08,170.1016
2015-07-09,170.4093
2015-07-10,172.5551
2015-07-13,174.4596
2015-07-14,175.2164
2015-07-15,175.1582
2015-07-16,176.5637
2015-07-17,176.7134
2015-07-20,176.8049
2015-07-21,176.1063
2015-07-22,175.7903
2015-07-23,174.8006
2015-07-24,172.9875
2015-07-27,171.9812
2015-07-28,174.0936
2015-07-29,175.2913
2015-07-30,175.3328
2015-07-31,175.0667
2015-08-03,174.4762
2015-08-04,174.1352
2015-08-05,174.7091
2015-08-06,173.2786
2015-08-07,172.9459
2015-08-10,175.1250
2015-08-11,173.5447
2015-08-12,173.7527
2015-08-13,173.5364
2015-08-14,174.1685
2015-08-17,175.1416
2015-08-18,174.6342
2015-08-19,173.2536
2015-08-20,169.6359
2015-08-21,164.5294
2015-08-24,157.6016
2015-08-25,155.7470
2015-08-26,161.7267
2015-08-27,165.7270
2015-08-28,165.7353
2015-08-31,164.3963
2015-09-01,159.4895
2015-09-02,162.5168
2015-09-03,162.6332
2015-09-04,160.1715
2015-09-08,164.1968
2015-09-09,162.0011
2015-09-10,162.8828
2015-09-11,163.6229
2015-09-14,163.0158
2015-09-15,165.0534
2015-09-16,166.4839
2015-09-17,166.1096
2015-09-18,163.3952
2015-09-21,164.2395
2015-09-22,162.1077
2015-09-23,161.8486
2015-09-24,161.2633
2015-09-25,161.2216
2015-09-28,157.1753
2015-09-29,157.2673
2015-09-30,160.2016
2015-10-01,160.6196
2015-10-02,163.0189
2015-10-05,165.9198
2015-10-06,165.3514
2015-10-07,166.7056
2015-10-08,168.2104
2015-10-09,168.3108
2015-10-12,168.4696
2015-10-13,167.4079
2015-10-14,166.6053
2015-10-15,169.1635
2015-10-16,169.9327
2015-10-19,170.0162
2015-10-20,169.7989
2015-10-21,168.7455
2015-10-22,171.5962
2015-10-23,173.4772
2015-10-26,173.0508
2015-10-27,172.7165
2015-10-28,174.6810
2015-10-29,174.5807
2015-10-30,173.8283
2015-11-02,175.8848
2015-11-03,176.3948
2015-11-04,175.8599
2015-11-05,175.6842
2015-11-06,175.5923
2015-11-09,173.9537
2015-11-10,174.3551
2015-11-11,173.6695
2015-11-12,171.2451
2015-11-13,169.3224
2015-11-16,171.8972
2015-11-17,171.7718
2015-11-18,174.4971
2015-11-19,174.3466
2015-11-20,174.9820
2015-11-23,174.7814
2015-11-24,175.0155
2015-11-25,174.9904
2015-11-27,175.1910
2015-11-30,174.4636
2015-12-01,176.1273
2015-12-02,174.3300
2015-12-03,171.8889
2015-12-04,175.2411
2015-12-07,174.1795
2015-12-08,173.0089
2015-12-09,171.6631
2015-12-10,172.1062
2015-12-11,168.7706
2015-12-14,169.6233
2015-12-15,171.4040
2015-12-16,173.9120
2015-12-17,171.2618
2015-12-18,168.2108
2015-12-21,169.5984
2015-12-22,171.1374
2015-12-23,173.2566
2015-12-24,172.9707
2015-12-28,172.5755
2015-12-29,174.4171
2015-12-30,173.1809
2015-12-31,171.4485
2016-01-04,169.0518
2016-01-05,169.3376
2016-01-06,167.2016
2016-01-07,163.1902
2016-01-08,161.3990
2016-01-11,161.5587
2016-01-12,162.8622
2016-01-13,158.8003
2016-01-14,161.4074
2016-01-15,157.9425
2016-01-19,158.1528
2016-01-20,156.1261
2016-01-21,157.0007
2016-01-22,160.2216
2016-01-25,157.7996
2016-01-26,159.9525
2016-01-27,158.2117
2016-01-28,159.0358
2016-01-29,162.9127
2016-02-01,162.8538
2016-02-02,159.9189
2016-02-03,160.8775
2016-02-04,161.1299
2016-02-05,158.0603
2016-02-08,155.9326
2016-02-09,155.9411
2016-02-10,155.8065
2016-02-11,153.7797
2016-02-12,156.9502
2016-02-16,159.5993
2016-02-17,162.2063
2016-02-18,161.5419
2016-02-19,161.4662
2016-02-22,163.8041
2016-02-23,161.7354
2016-02-24,162.4754
2016-02-25,164.4432
2016-02-26,164.0648
2016-02-29,162.7782
2016-03-01,166.6045
2016-03-02,167.3530
2016-03-03,168.0089
2016-03-04,168.5556
2016-03-07,168.6902
2016-03-08,166.8484
2016-03-09,167.6726
2016-03-10,167.8072
2016-03-11,170.5151
2016-03-14,170.2964
2016-03-15,170.0189
2016-03-16,171.0028
2016-03-17,172.0876
2016-03-18,172.7639
2016-03-21,173.0090
2016-03-22,172.9161
2016-03-23,171.7749
2016-03-24,171.6989
2016-03-28,171.8003
2016-03-29,173.3895
2016-03-30,174.1502
2016-03-31,173.7276
2016-04-01,174.9110
2016-04-04,174.3446
2016-04-05,172.6033
2016-04-06,174.4883
2016-04-07,172.4004
2016-04-08,172.8653
2016-04-11,172.4597
2016-04-12,174.0656
2016-04-13,175.8239
2016-04-14,175.8324
2016-04-15,175.6379
2016-04-18,176.8722
2016-04-19,177.4300
2016-04-20,177.5991
2016-04-21,176.6439
2016-04-22,176.6439
2016-04-25,176.3395
2016-04-26,176.6016
2016-04-27,176.9651
2016-04-28,175.3590
2016-04-29,174.4122
2016-05-02,175.7986
2016-05-03,174.2686
2016-05-04,173.2964
2016-05-05,173.2627
2016-05-06,173.8966
2016-05-09,174.0403
2016-05-10,176.2043
2016-05-11,174.5560
2016-05-12,174.6067
2016-05-13,173.0851
2016-05-16,174.7926
2016-05-17,173.1612
2016-05-18,173.2119
2016-05-19,172.6117
2016-05-20,173.7022
2016-05-23,173.4655
2016-05-24,175.7140
2016-05-25,176.9059
2016-05-26,176.9566
2016-05-27,177.7174
2016-05-31,177.3793
2016-06-01,177.7427
2016-06-02,178.2838
2016-06-03,177.7512
2016-06-06,178.6557
2016-06-07,178.9346
2016-06-08,179.5179
2016-06-09,179.2728
2016-06-10,177.5737
2016-06-13,176.2043
2016-06-14,175.8577
2016-06-15,175.6125
2016-06-16,176.1367
2016-06-17,175.4807
2016-06-20,176.6108
2016-06-21,177.1122
2016-06-22,176.8233
2016-06-23,179.1259
2016-06-24,172.6937
2016-06-27,169.6008
2016-06-28,172.6597
2016-06-29,175.5997
2016-06-30,177.9959
2016-07-01,178.3697
2016-07-05,177.0867
2016-07-06,178.1488
2016-07-07,178.0383
2016-07-08,180.6894
2016-07-11,181.3267
2016-07-12,182.6437
2016-07-13,182.6182
2016-07-14,183.6378
2016-07-15,183.3915
2016-07-18,183.8843
2016-07-19,183.6973
2016-07-20,184.4621
2016-07-21,183.7653
2016-07-22,184.5895
2016-07-25,184.0882
2016-07-26,184.1732
2016-07-27,183.9777
2016-07-28,184.1902
2016-07-29,184.4875
2016-08-01,184.3346
2016-08-02,183.1535
2016-08-03,183.6888
2016-08-04,183.8843
2016-08-05,185.3882
2016-08-08,185.2778
2016-08-09,185.3882
2016-08-10,184.9294
2016-08-11,185.7876
2016-08-12,185.6262
2016-08-15,186.1615
2016-08-16,185.2013
2016-08-17,185.5497
2016-08-18,185.9661
2016-08-19,185.6941
2016-08-22,185.6856
2016-08-23,186.0595
2016-08-24,185.1078
2016-08-25,184.9804
2016-08-26,184.6320
2016-08-29,185.5412
2016-08-30,185.2353
2016-08-31,184.7085
2016-09-01,184.7169
2016-09-02,185.5497
2016-09-06,186.1105
2016-09-07,186.0935
2016-09-08,185.6687
2016-09-09,181.2247
2016-09-12,183.8248
2016-09-13,181.1822
2016-09-14,181.1142
2016-09-15,182.9241
2016-09-16,182.2170
2016-09-19,182.2512
2016-09-20,182.2597
2016-09-21,184.3093
2016-09-22,185.4707
2016-09-23,184.4545
2016-09-26,182.9599
2016-09-27,184.0958
2016-09-28,185.0096
2016-09-29,183.3358
2016-09-30,184.7193
2016-10-03,184.2751
2016-10-04,183.3358
2016-10-05,184.1471
2016-10-06,184.2751
2016-10-07,183.6432
2016-10-10,184.5996
2016-10-11,182.2683
2016-10-12,182.5074
2016-10-13,181.9095
2016-10-14,182.0035
2016-10-17,181.3716
2016-10-18,182.5074
2016-10-19,182.9941
2016-10-20,182.6525
2016-10-21,182.7379
2016-10-24,183.5151
2016-10-25,182.9002
2016-10-26,182.5330
2016-10-27,182.0462
2016-10-28,181.5082
2016-10-31,181.5167
2016-11-01,180.2016
2016-11-02,179.1170
2016-11-03,178.2971
2016-11-04,178.1008
2016-11-07,182.0291
2016-11-08,182.8489
2016-11-09,184.7876
2016-11-10,185.2487
2016-11-11,184.8217
2016-11-14,184.9669
2016-11-15,186.4101
2016-11-16,186.0600
2016-11-17,187.0165
2016-11-18,186.5980
2016-11-21,188.0071
2016-11-22,188.3743
2016-11-23,188.4768
2016-11-25,189.1770
2016-11-28,188.2889
2016-11-29,188.6562
2016-11-30,188.2035
2016-12-01,187.5118
2016-12-02,187.6057
2016-12-05,188.7330
2016-12-06,189.3308
2016-12-07,191.8074
2016-12-08,192.2771
2016-12-09,193.4385
2016-12-12,193.2165
2016-12-13,194.5060
2016-12-14,192.9005
2016-12-15,193.6947
2016-12-16,193.3159
2016-12-19,193.7368
2016-12-20,194.4841
2016-12-21,193.9429
2016-12-22,193.6079
2016-12-23,193.8914
2016-12-27,194.3725
2016-12-28,192.7661
2016-12-29,192.7232
2016-12-30,192.0187
2017-01-03,193.4877
2017-01-04,194.6389
2017-01-05,194.4841
2017-01-06,195.1800
2017-01-09,194.5358
2017-01-10,194.5358
2017-01-11,195.0854
2017-01-12,194.5958
2017-01-13,195.0425
2017-01-17,194.3553
2017-01-18,194.7848
2017-01-19,194.0632
2017-01-20,194.7762
2017-01-23,194.2694
2017-01-24,195.5149
2017-01-25,197.2072
2017-01-26,197.0011
2017-01-27,196.6919
2017-01-30,195.4720
2017-01-31,195.4549
2017-02-01,195.5322
2017-02-02,195.6611
2017-02-03,197.0097
2017-02-06,196.6575
2017-02-07,196.6661
2017-02-08,196.9238
2017-02-09,198.0921
2017-02-10,198.8738
2017-02-13,199.9562
2017-02-14,200.7551
2017-02-15,201.8031
2017-02-16,201.6313
2017-02-17,201.9491
2017-02-21,203.1517
2017-02-22,202.9713
2017-02-23,203.1088
2017-02-24,203.3665
2017-02-27,203.6844
2017-02-28,203.1346
2017-03-01,205.9780
2017-03-02,204.6808
2017-03-03,204.8097
2017-03-06,204.1998
2017-03-07,203.5899
2017-03-08,203.2119
2017-03-09,203.4697
2017-03-10,204.1826
2017-03-13,204.2857
2017-03-14,203.5040
2017-03-15,205.2650
2017-03-16,204.8613
2017-03-17,204.5015
2017-03-20,204.2771
2017-03-21,201.6543
2017-03-22,202.1289
2017-03-23,201.9132
2017-03-24,201.7665
2017-03-27,201.5594
2017-03-28,203.0261
2017-03-29,203.2159
2017-03-30,203.8630
2017-03-31,203.3885
2017-04-03,203.0347
2017-04-04,203.1641
2017-04-05,202.5602
2017-04-06,203.1296
2017-04-07,202.9226
2017-04-10,203.0434
2017-04-11,202.8018
2017-04-12,201.9132
2017-04-13,200.6017
2017-04-17,202.3791
2017-04-18,201.7751
2017-04-19,201.4041
2017-04-20,203.0434
2017-04-21,202.3962
2017-04-24,204.6223
2017-04-25,205.8129
2017-04-26,205.6834
2017-04-27,205.8560
2017-04-28,205.4074
2017-05-01,205.9250
2017-05-02,206.0027
2017-05-03,205.7525
2017-05-04,205.9940
2017-05-05,206.8050
2017-05-08,206.7706
2017-05-09,206.5807
2017-05-10,206.9517
2017-05-11,206.5289
2017-05-12,206.1838
2017-05-15,207.3227
2017-05-16,207.1329
2017-05-17,203.4575
2017-05-18,204.2771
2017-05-19,205.6058
2017-05-22,206.6497
2017-05-23,207.1070
2017-05-24,207.5902
2017-05-25,208.5824
2017-05-26,208.5392
2017-05-30,208.3580
2017-05-31,208.3063
2017-06-01,209.9627
2017-06-02,210.6616
2017-06-05,210.5063
2017-06-06,209.8334
2017-06-07,210.2216
2017-06-08,210.3252
2017-06-09,210.0059
2017-06-12,209.9627
2017-06-13,210.9894
2017-06-14,210.7220
2017-06-15,210.3165
2017-06-16,210.3624
2017-06-19,212.1137
2017-06-20,210.6832
2017-06-21,210.6312
2017-06-22,210.5358
2017-06-23,210.7873
2017-06-26,210.9260
2017-06-27,209.2267
2017-06-28,211.0994
2017-06-29,209.2440
2017-06-30,209.6342
2017-07-03,209.9897
2017-07-05,210.4751
2017-07-06,208.5504
2017-07-07,209.9029
2017-07-10,210.1284
2017-07-11,209.9723
2017-07-12,211.5502
2017-07-13,211.9057
2017-07-14,212.8940
2017-07-17,212.8680
2017-07-18,212.9807
2017-07-19,214.1338
2017-07-20,214.2291
2017-07-21,214.0384
2017-07-24,213.9864
2017-07-25,214.5066
2017-07-26,214.5152
2017-07-27,214.3159
2017-07-28,214.0645
2017-07-31,213.9431
2017-08-01,214.4199
2017-08-02,214.5239
2017-08-03,214.1078
2017-08-04,214.4979
2017-08-07,214.8967
2017-08-08,214.3679
2017-08-09,214.3592
2017-08-10,211.3334
2017-08-11,211.6456
2017-08-14,213.7437
2017-08-15,213.7176
2017-08-16,214.0904
2017-08-17,210.7526
2017-08-18,210.4231
2017-08-21,210.5878
2017-08-22,212.7900
2017-08-23,212.0271
2017-08-24,211.5329
2017-08-25,212.0271
2017-08-28,212.0357
2017-08-29,212.2785
2017-08-30,213.2841
2017-08-31,214.5673
2017-09-01,214.8707
2017-09-05,213.3275
2017-09-06,214.0557
2017-09-07,214.0297
2017-09-08,213.7783
2017-09-11,216.0585
2017-09-12,216.7868
2017-09-13,216.8907
2017-09-14,216.8213
2017-09-15,217.1133
2017-09-18,217.5750
2017-09-19,217.7928
2017-09-20,217.8712
2017-09-21,217.2875
2017-09-22,217.3311
2017-09-25,216.8867
2017-09-26,217.0174
2017-09-27,217.8626
2017-09-28,218.1240
2017-09-29,218.8907
2017-10-02,219.8404
2017-10-03,220.3109
2017-10-04,220.5722
2017-10-05,221.8792
2017-10-06,221.6265
2017-10-09,221.2605
2017-10-10,221.8443
2017-10-11,222.1928
2017-10-12,221.8617
2017-10-13,222.1318
2017-10-16,222.4281
2017-10-17,222.5849
2017-10-18,222.8027
2017-10-19,222.8637
2017-10-20,224.0138
2017-10-23,223.1425
2017-10-24,223.5346
2017-10-25,222.4281
2017-10-26,222.7156
2017-10-27,224.5365
2017-10-30,223.7002
2017-10-31,224.0486
2017-11-01,224.3449
2017-11-02,224.4320
2017-11-03,225.1813
2017-11-06,225.5298
2017-11-07,225.3730
2017-11-08,225.7563
2017-11-09,224.9374
2017-11-10,224.8676
2017-11-13,225.0767
2017-11-14,224.5540
2017-11-15,223.4300
2017-11-16,225.3294
2017-11-17,224.6673
2017-11-20,225.0506
2017-11-21,226.5230
2017-11-22,226.3227
2017-11-24,226.8454
2017-11-27,226.7322
2017-11-28,229.0323
2017-11-29,228.8929
2017-11-30,230.8969
2017-12-01,230.4176
2017-12-04,230.1389
2017-12-05,229.3112
2017-12-06,229.3547
2017-12-07,230.0779
2017-12-08,231.3325
2017-12-11,232.0295
2017-12-12,232.4390
2017-12-13,232.4129
2017-12-14,231.4631
2017-12-15,233.3907
2017-12-18,234.8707
2017-12-19,233.9687
2017-12-20,233.8461
2017-12-21,234.3277
2017-12-22,234.2664
2017-12-26,233.9862
2017-12-27,234.1000
2017-12-28,234.5817
2017-12-29,233.6971
2018-01-02,235.3698
2018-01-03,236.8586
2018-01-04,237.8569
2018-01-05,239.4420
2018-01-08,239.8798
2018-01-09,240.4228
2018-01-10,240.0550
2018-01-11,241.8065
2018-01-12,243.3828
2018-01-16,242.5508
2018-01-17,244.8627
2018-01-18,244.4511
2018-01-19,245.5633
2018-01-22,247.5600
2018-01-23,248.0855
2018-01-24,247.9890
2018-01-25,248.0942
2018-01-26,250.9666
2018-01-29,249.3027
2018-01-30,246.7455
2018-01-31,246.8682
2018-02-01,246.5879
2018-02-02,241.2197
2018-02-05,231.1313
2018-02-06,235.6851
2018-02-07,234.4065
2018-02-08,225.6142
2018-02-09,229.0033
2018-02-12,232.3661
2018-02-13,232.9440
2018-02-14,236.0879
2018-02-15,239.1004
2018-02-16,239.1705
2018-02-20,237.6730
2018-02-21,236.4907
2018-02-22,236.7972
2018-02-23,240.5716
2018-02-26,243.3652
2018-02-27,240.3264
2018-02-28,237.8919
2018-03-01,234.4328
2018-03-02,235.6413
2018-03-05,238.3648
2018-03-06,238.9691
2018-03-07,238.8815
2018-03-08,240.0374
2018-03-09,244.2148
2018-03-12,243.9081
2018-03-13,242.3319
2018-03-14,241.0882
2018-03-15,240.8257
2018-03-16,241.0868
2018-03-19,237.8248
2018-03-20,238.2292
2018-03-21,237.7720
2018-03-22,231.8284
2018-03-23,226.8871
2018-03-26,233.0944
2018-03-27,229.1292
2018-03-28,228.4521
2018-03-29,231.3712
2018-04-02,226.3771
2018-04-03,229.2786
2018-04-04,231.7317
2018-04-05,233.5605
2018-04-06,228.3554
2018-04-09,229.4809
2018-04-10,233.1297
2018-04-11,231.9075
2018-04-12,233.8155
2018-04-13,233.1297
2018-04-16,235.0464
2018-04-17,237.5610
2018-04-18,237.7369
2018-04-19,236.4180
2018-04-20,234.4133
2018-04-23,234.3782
2018-04-24,231.2218
2018-04-25,231.7932
2018-04-26,234.1496
2018-04-27,234.3693
2018-04-30,232.5670
2018-05-01,232.9802
2018-05-02,231.4151
2018-05-03,230.9052
2018-05-04,233.8946
2018-05-07,234.6859
2018-05-08,234.6859
2018-05-09,236.9544
2018-05-10,239.1700
2018-05-11,239.8997
2018-05-14,240.0141
2018-05-15,238.3611
2018-05-16,239.3634
2018-05-17,239.1612
2018-05-18,238.5634
2018-05-21,240.3569
2018-05-22,239.6888
2018-05-23,240.3482
2018-05-24,239.8558
2018-05-25,239.2843
2018-05-29,236.5323
2018-05-30,239.6888
2018-05-31,238.2204
2018-06-01,240.5592
2018-06-04,241.7022
2018-06-05,241.8781
2018-06-06,243.9003
2018-06-07,243.8739
2018-06-08,244.5949
2018-06-11,244.9202
2018-06-12,245.2367
2018-06-13,244.4543
2018-06-14,245.0697
2018-06-15,244.7570
2018-06-18,244.2536
2018-06-19,243.3175
2018-06-20,243.7326
2018-06-21,242.2046
2018-06-22,242.6462
2018-06-25,239.3431
2018-06-26,239.8730
2018-06-27,237.8858
2018-06-28,239.2460
2018-06-29,239.5905
2018-07-02,240.1026
2018-07-03,239.2548
2018-07-05,241.2067
2018-07-06,243.2469
2018-07-09,245.4371
2018-07-10,246.3203
2018-07-11,244.5185
2018-07-12,246.7354
2018-07-13,246.9297
2018-07-16,246.7090
2018-07-17,247.7069
2018-07-18,248.2280
2018-07-19,247.2918
2018-07-20,247.0091
2018-07-23,247.4685
2018-07-24,248.7137
2018-07-25,250.8334
2018-07-26,250.2416
2018-07-27,248.5459
2018-07-30,247.2476
2018-07-31,248.4664
2018-08-01,248.0513
2018-08-02,249.4026
2018-08-03,250.4713
2018-08-06,251.3898
2018-08-07,252.2199
2018-08-08,252.1141
2018-08-09,251.7695
2018-08-10,250.0826
2018-08-13,249.1465
2018-08-14,250.7362
2018-08-15,248.8638
2018-08-16,250.8775
2018-08-17,251.7607
2018-08-20,252.2994
2018-08-21,252.8913
2018-08-22,252.7410
2018-08-23,252.4054
2018-08-24,253.9245
2018-08-27,255.9294
2018-08-28,256.0530
2018-08-29,257.4308
2018-08-30,256.3885
2018-08-31,256.3974
2018-09-04,255.9559
2018-09-05,255.2670
2018-09-06,254.4986
2018-09-07,254.0040
2018-09-10,254.4456
2018-09-11,255.2846
2018-09-12,255.3464
2018-09-13,256.8566
2018-09-14,256.9008
2018-09-17,255.5407
2018-09-18,256.9274
2018-09-19,257.2011
2018-09-20,259.2855
2018-09-21,259.0486
2018-09-24,258.1879
2018-09-25,257.9485
2018-09-26,257.1766
2018-09-27,257.8952
2018-09-28,257.9218
2018-10-01,258.8179
2018-10-02,258.6671
2018-10-03,258.8090
2018-10-04,256.7862
2018-10-05,255.3490
2018-10-08,255.3490
2018-10-09,254.9763
2018-10-10,246.9030
2018-10-11,241.4646
2018-10-12,244.8181
2018-10-15,243.4430
2018-10-16,248.7661
2018-10-17,248.8104
2018-10-18,245.2174
2018-10-19,245.0842
2018-10-22,243.9842
2018-10-23,242.7421
2018-10-24,235.3874
2018-10-25,239.6104
2018-10-26,235.3962
2018-10-29,234.0921
2018-10-30,237.5611
2018-10-31,240.0983
2018-11-01,242.6534
2018-11-02,241.2162
2018-11-05,242.5470
2018-11-06,244.0818
2018-11-07,249.3073
2018-11-08,248.8548
2018-11-09,246.4239
2018-11-12,241.8194
2018-11-13,241.3670
2018-11-14,239.7168
2018-11-15,242.2187
2018-11-16,242.8486
2018-11-19,238.7410
2018-11-20,234.3228
2018-11-21,235.1212
2018-11-23,233.5509
2018-11-26,237.3214
2018-11-27,238.1199
2018-11-28,243.6027
2018-11-29,243.0704
2018-11-30,244.5520
2018-12-03,247.7902
2018-12-04,239.7612
2018-12-06,239.3975
2018-12-07,233.8348
2018-12-10,234.2784
2018-12-11,234.3316
2018-12-12,235.5116
2018-12-13,235.4318
2018-12-14,231.0846
2018-12-17,226.5510
2018-12-18,226.3026
2018-12-19,222.9136
2018-12-20,219.2850
2018-12-21,214.7920
2018-12-24,209.1165
2018-12-26,219.6821
2018-12-27,221.3687
2018-12-28,221.0831
2018-12-31,223.0196
2019-01-02,223.2516
2019-01-03,217.9242
2019-01-04,225.2237
2019-01-07,226.9995
2019-01-08,229.1322
2019-01-09,230.2031
2019-01-10,231.0152
2019-01-11,231.1044
2019-01-14,229.6944
2019-01-15,232.3269
2019-01-16,232.8892
2019-01-17,234.6560
2019-01-18,237.7793
2019-01-22,234.5667
2019-01-23,235.0575
2019-01-24,235.1824
2019-01-25,237.1724
2019-01-28,235.3699
2019-01-29,235.0575
2019-01-30,238.7787
2019-01-31,240.8758
2019-02-01,240.9918
2019-02-04,242.6873
2019-02-05,243.7046
2019-02-06,243.3832
2019-02-07,241.0631
2019-02-08,241.3576
2019-02-11,241.4915
2019-02-12,244.5969
2019-02-13,245.3911
2019-02-14,244.8468
2019-02-15,247.5149
2019-02-19,247.9433
2019-02-20,248.4430
2019-02-21,247.5596
2019-02-22,249.0945
2019-02-25,249.4335
2019-02-26,249.2551
2019-02-27,249.1480
2019-02-28,248.6839
2019-03-01,250.2366
2019-03-04,249.3264
2019-03-05,248.9874
2019-03-06,247.4792
2019-03-07,245.4090
2019-03-08,244.9183
2019-03-11,248.4698
2019-03-12,249.4067
2019-03-13,251.0576
2019-03-14,250.8970
2019-03-15,252.1366
2019-03-18,253.0508
2019-03-19,253.1136
2019-03-20,252.3517
2019-03-21,255.2019
2019-03-22,250.2902
2019-03-25,250.1020
2019-03-26,251.9663
2019-03-27,250.6487
2019-03-28,251.5988
2019-03-29,253.1853
2019-04-01,256.1879
2019-04-02,256.3133
2019-04-03,256.7167
2019-04-04,257.3978
2019-04-05,258.6437
2019-04-08,258.8409
2019-04-09,257.5144
2019-04-10,258.3927
2019-04-11,258.3210
2019-04-12,260.0688
2019-04-15,259.8986
2019-04-16,260.0688
2019-04-17,259.4324
2019-04-18,259.9433
2019-04-22,260.1674
2019-04-23,262.5068
2019-04-24,261.9241
2019-04-25,261.7628
2019-04-26,262.9818
2019-04-29,263.3941
2019-04-30,263.5285
2019-05-01,261.5477
2019-05-02,260.9830
2019-05-03,263.5374
2019-05-06,262.4529
2019-05-07,258.0700
2019-05-08,257.7116
2019-05-09,256.9318
2019-05-10,258.2225
2019-05-13,251.7332
2019-05-14,254.0099
2019-05-15,255.4977
2019-05-16,257.8639
2019-05-17,256.1967
2019-05-20,254.5028
2019-05-21,256.7974
2019-05-22,256.0086
2019-05-23,252.8805
2019-05-24,253.4541
2019-05-28,251.0969
2019-05-29,249.4118
2019-05-30,250.0930
2019-05-31,246.7230
2019-06-03,246.0955
2019-06-04,251.4374
2019-06-05,253.6154
2019-06-06,255.2646
2019-06-07,257.8191
2019-06-10,259.0022
2019-06-11,258.9395
2019-06-12,258.4823
2019-06-13,259.5489
2019-06-14,259.2621
2019-06-17,259.3607
2019-06-18,262.0765
2019-06-19,262.6680
2019-06-20,265.1776
2019-06-21,264.7923
2019-06-24,264.4680
2019-06-25,261.8741
2019-06-26,261.6129
2019-06-27,262.5406
2019-06-28,263.8916
2019-07-01,266.2873
2019-07-02,266.9808
2019-07-03,269.1153
2019-07-05,268.8091
2019-07-08,267.3321
2019-07-09,267.6653
2019-07-10,268.9442
2019-07-11,269.5746
2019-07-12,270.7816
2019-07-15,270.8716
2019-07-16,269.9979
2019-07-17,268.1606
2019-07-18,269.1424
2019-07-19,267.6472
2019-07-22,268.3048
2019-07-23,270.2231
2019-07-24,271.4931
2019-07-25,270.1962
2019-07-26,272.0064
2019-07-29,271.5110
2019-07-30,270.8446
2019-07-31,267.8814
2019-08-01,265.5487
2019-08-02,263.5493
2019-08-05,255.6235
2019-08-06,259.2081
2019-08-07,259.3613
2019-08-08,264.4500
2019-08-09,262.6486
2019-08-12,259.4514
2019-08-13,263.4862
2019-08-14,255.6956
2019-08-15,256.3711
2019-08-16,260.1539
2019-08-19,263.2881
2019-08-20,261.2707
2019-08-21,263.3962
2019-08-22,263.3151
2019-08-23,256.5512
2019-08-26,259.3883
2019-08-27,258.3706
2019-08-28,260.1898
2019-08-29,263.5133
2019-08-30,263.3962
2019-09-03,261.8560
2019-09-04,264.8282
2019-09-05,268.2327
2019-09-06,268.4399
2019-09-09,268.5749
2019-09-10,268.5118
2019-09-11,270.4213
2019-09-12,271.3580
2019-09-13,271.1778
2019-09-16,270.3402
2019-09-17,271.0247
2019-09-18,271.1868
2019-09-19,271.1688
2019-09-20,269.8876
2019-09-23,269.8242
2019-09-24,267.7070
2019-09-25,269.2905
2019-09-26,268.7295
2019-09-27,267.2818
2019-09-30,268.5213
2019-10-01,265.3273
2019-10-02,260.6404
2019-10-03,262.7758
2019-10-04,266.3317
2019-10-07,265.1826
2019-10-08,261.0656
2019-10-09,263.5449
2019-10-10,265.3273
2019-10-11,268.0779
2019-10-14,267.7794
2019-10-15,270.4305
2019-10-16,269.9962
2019-10-17,270.7924
2019-10-18,269.6071
2019-10-21,271.4348
2019-10-22,270.5481
2019-10-23,271.3353
2019-10-24,271.7787
2019-10-25,272.8916
2019-10-28,274.4298
2019-10-29,274.3484
2019-10-30,275.1899
2019-10-31,274.4569
2019-11-01,276.9995
2019-11-04,278.1123
2019-11-05,277.8046
2019-11-06,277.8680
2019-11-07,278.8452
2019-11-08,279.5330
2019-11-11,278.9991
2019-11-12,279.5872
2019-11-13,279.6776
2019-11-14,280.0848
2019-11-15,282.1116
2019-11-18,282.3197
2019-11-19,282.2383
2019-11-20,281.1887
2019-11-21,280.7363
2019-11-22,281.3606
2019-11-25,283.5412
2019-11-26,284.1837
2019-11-27,285.4504
2019-11-29,284.3917
2019-12-02,281.9759
2019-12-03,280.0848
2019-12-04,281.8130
2019-12-05,282.3197
2019-12-06,284.8985
2019-12-09,284.0027
2019-12-10,283.6860
2019-12-11,284.4913
2019-12-12,286.9434
2019-12-13,287.1153
2019-12-16,289.0877
2019-12-17,289.1511
2019-12-18,289.1692
2019-12-19,290.3545
2019-12-20,291.6275
2019-12-23,292.0730
2019-12-24,292.0821
2019-12-26,293.6369
2019-12-27,293.5642
2019-12-30,291.9457
2019-12-31,292.6549
2020-01-02,295.3918
2020-01-03,293.1550
2020-01-06,294.2734
2020-01-07,293.4460
2020-01-08,295.0099
2020-01-09,297.0103
2020-01-10,296.1555
2020-01-13,298.1923
2020-01-14,297.7377
2020-01-15,298.4105
2020-01-16,300.8929
2020-01-17,301.8293
2020-01-21,301.2383
2020-01-22,301.2747
2020-01-23,301.6202
2020-01-24,298.9378
2020-01-27,294.1460
2020-01-28,297.2285
2020-01-29,296.9829
2020-01-30,297.9467
2020-01-31,292.5367
2020-02-03,294.7098
2020-02-04,299.2016
2020-02-05,302.6568
2020-02-06,303.6752
2020-02-07,302.0568
2020-02-10,304.3116
2020-02-11,304.8390
2020-02-12,306.8030
2020-02-13,306.4757
2020-02-14,306.9666
2020-02-18,306.1756
2020-02-19,307.6395
2020-02-20,306.3756
2020-02-21,303.2205
2020-02-24,293.1642
2020-02-25,284.2806
2020-02-26,283.2350
2020-02-27,270.5144
2020-02-28,269.3778
2020-03-02,281.0436
2020-03-03,272.9966
2020-03-04,284.4716
2020-03-05,275.0153
2020-03-06,270.4689
2020-03-09,249.3467
2020-03-10,262.2493
2020-03-11,249.4649
2020-03-12,225.5969
2020-03-13,244.8823
2020-03-16,218.0864
2020-03-17,229.8613
2020-03-18,218.2227
2020-03-19,218.6865
2020-03-20,209.2624
2020-03-23,203.9119
2020-03-24,222.3870
2020-03-25,225.7161
2020-03-26,238.8957
2020-03-27,231.7800
2020-03-30,239.3072
2020-03-31,235.7402
2020-04-01,225.1308
2020-04-02,230.3258
2020-04-03,226.9966
2020-04-06,242.2431
2020-04-07,242.4901
2020-04-08,250.6301
2020-04-09,254.4440
2020-04-13,252.1209
2020-04-14,259.5567
2020-04-15,254.0416
2020-04-16,255.2672
2020-04-17,262.1633
2020-04-20,257.5446
2020-04-21,249.7247
2020-04-22,255.2672
2020-04-23,255.2489
2020-04-24,258.8067
2020-04-27,262.5382
2020-04-28,261.3310
2020-04-29,268.1723
2020-04-30,265.6754
2020-05-01,258.6421
2020-05-04,259.3554
2020-05-05,261.7518
2020-05-06,259.9773
2020-05-07,263.1145
2020-05-08,267.4681
2020-05-11,267.5229
2020-05-12,262.1907
2020-05-13,257.5536
2020-05-14,260.6359
2020-05-15,261.8341
2020-05-18,269.8094
2020-05-19,267.0381
2020-05-20,271.5746
2020-05-21,269.6997
2020-05-22,270.2118
2020-05-26,273.5410
2020-05-27,277.6111
2020-05-28,277.0988
2020-05-29,278.3335
2020-06-01,279.4584
2020-06-02,281.7725
2020-06-03,285.5224
2020-06-04,284.7725
2020-06-05,292.0710
2020-06-08,295.6013
2020-06-09,293.3972
2020-06-10,291.7600
2020-06-11,274.9404
2020-06-12,278.2330
2020-06-15,280.8304
2020-06-16,286.2358
2020-06-17,285.0468
2020-06-18,285.1564
2020-06-19,283.5269
2020-06-22,285.3458
2020-06-23,286.6594
2020-06-24,279.3471
2020-06-25,282.3418
2020-06-26,275.6359
2020-06-29,279.6870
2020-06-30,283.2697
2020-07-01,285.2540
2020-07-02,286.8248
2020-07-06,291.2526
2020-07-07,288.2487
2020-07-08,290.4534
2020-07-09,288.7999
2020-07-10,291.7487
2020-07-13,289.2224
2020-07-14,292.9705
2020-07-15,295.6620
2020-07-16,294.6883
2020-07-17,295.5426
2020-07-20,297.9311
2020-07-21,298.5650
2020-07-22,300.2644
2020-07-23,296.6817
2020-07-24,294.7709
2020-07-27,296.9205
2020-07-28,295.0373
2020-07-29,298.6660
2020-07-30,297.6004
2020-07-31,299.9520
2020-08-03,302.0374
2020-08-04,303.2040
2020-08-05,305.0872
2020-08-06,307.1265
2020-08-07,307.3471
2020-08-10,308.2657
2020-08-11,305.7210
2020-08-12,309.9835
2020-08-13,309.4232
2020-08-14,309.4323
2020-08-17,310.4153
2020-08-18,311.0859
2020-08-19,309.7906
2020-08-20,310.7552
2020-08-21,311.8576
2020-08-24,315.0177
2020-08-25,316.1200
2020-08-26,319.2892
2020-08-27,319.9874
2020-08-28,322.0543
2020-08-31,320.8877
2020-09-01,323.9100
2020-09-02,328.5951
2020-09-03,317.2867
2020-09-04,314.6961
2020-09-08,306.0977
2020-09-09,312.1423
2020-09-10,306.7224
2020-09-11,306.8786
2020-09-14,310.9205
2020-09-15,312.4913
2020-09-16,311.2513
2020-09-17,308.5137
2020-09-18,304.9619
2020-09-21,301.5678
2020-09-22,304.6390
2020-09-23,297.5742
2020-09-24,298.3674
2020-09-25,303.1910
2020-09-28,308.2269
2020-09-29,306.5483
2020-09-30,308.8724
2020-10-01,310.8554
2020-10-02,307.9041
2020-10-05,313.3642
2020-10-06,308.9094
2020-10-07,314.2864
2020-10-08,317.0718
2020-10-09,319.9034
2020-10-12,325.0498
2020-10-13,322.9285
2020-10-14,320.8994
2020-10-15,320.5029
2020-10-16,320.3091
2020-10-19,315.4393
2020-10-20,316.7029
2020-10-21,316.1034
2020-10-22,317.8373
2020-10-23,318.9165
2020-10-26,313.0229
2020-10-27,311.9438
2020-10-28,301.2820
2020-10-29,304.3440
2020-10-30,301.1712
2020-11-02,304.5469
2020-11-03,309.9239
2020-11-04,316.8505
2020-11-05,323.0300
2020-11-06,322.9562
2020-11-09,327.0143
2020-11-10,326.5347
2020-11-11,328.9604
2020-11-12,325.7692
2020-11-13,330.2793
2020-11-16,334.4020
2020-11-17,332.6035
2020-11-18,328.6007
2020-11-19,329.9842
2020-11-20,327.7245
2020-11-23,329.6891
2020-11-24,335.0015
2020-11-25,334.4850
2020-11-27,335.4166
2020-11-30,333.9316
2020-12-01,337.5840
2020-12-02,338.2941
2020-12-03,338.2020
2020-12-04,341.1165
2020-12-07,340.4154
2020-12-08,341.4116
2020-12-09,338.3495
2020-12-10,338.2388
2020-12-11,337.8422
2020-12-14,336.3296
2020-12-15,340.8767
2020-12-16,341.4116
2020-12-17,343.3207
2020-12-18,341.9499
2020-12-21,340.7273
2020-12-22,340.1530
2020-12-23,340.4587
2020-12-24,341.7833
2020-12-28,344.7195
2020-12-29,344.0618
2020-12-30,344.5527
2020-12-31,346.3033
2021-01-04,341.5887
2021-01-05,343.9414
2021-01-06,345.9976
2021-01-07,351.1382
2021-01-08,353.1389
2021-01-11,350.7585
2021-01-12,350.8326
2021-01-13,351.7774
2021-01-14,350.5454
2021-01-15,347.9890
2021-01-19,350.7214
2021-01-20,355.5750
2021-01-21,355.8991
2021-01-22,354.6395
2021-01-25,356.0381
2021-01-26,355.4823
2021-01-27,346.7943
2021-01-28,349.7767
2021-01-29,342.7743
2021-02-01,348.4799
2021-02-02,353.4076
2021-02-03,353.6854
2021-02-04,357.7052
2021-02-05,359.1132
2021-02-08,361.7067
2021-02-09,361.4658
2021-02-10,361.3083
2021-02-11,361.8919
2021-02-12,363.6796
2021-02-16,363.3647
2021-02-17,363.4480
2021-02-18,361.9012
2021-02-19,361.2621
2021-02-22,358.4833
2021-02-23,358.9186
2021-02-24,362.8737
2021-02-25,354.1299
2021-02-26,352.3053
2021-03-01,360.8452
2021-03-02,358.0294
2021-03-03,353.2872
2021-03-04,348.9153
2021-03-05,355.3341
2021-03-08,353.5650
2021-03-09,358.6130
2021-03-10,360.8452
2021-03-11,364.5039
2021-03-12,364.9949
2021-03-15,367.1715
2021-03-16,366.7084
2021-03-17,367.9588
2021-03-18,362.6051
2021-03-19,361.9342
2021-03-22,364.8242
2021-03-23,361.9528
2021-03-24,360.1128
2021-03-25,362.1386
2021-03-26,367.9745
2021-03-29,367.7886
2021-03-30,366.8129
2021-03-31,368.2997
2021-04-01,372.2770
2021-04-05,377.6204
2021-04-06,377.3973
2021-04-07,377.8341
2021-04-08,379.6275
2021-04-09,382.3875
2021-04-12,382.5270
2021-04-13,383.6606
2021-04-14,382.3504
2021-04-15,386.4578
2021-04-16,387.7495
2021-04-19,385.8445
2021-04-20,383.0194
2021-04-21,386.6436
2021-04-22,383.1124
2021-04-23,387.2662
2021-04-26,388.0747
2021-04-27,387.9910
2021-04-28,387.8795
2021-04-29,390.3514
2021-04-30,387.7867
2021-05-03,388.6230
2021-05-04,386.2254
2021-05-05,386.3463
2021-05-06,389.4315
2021-05-07,392.2658
2021-05-10,388.3813
2021-05-11,384.9152
2021-05-12,376.7376
2021-05-13,381.2631
2021-05-14,387.1176
2021-05-17,386.1325
2021-05-18,382.8057
2021-05-19,381.8020
2021-05-20,385.9095
2021-05-21,385.5935
2021-05-24,389.5244
2021-05-25,388.6601
2021-05-26,389.4315
2021-05-27,389.6359
2021-05-28,390.3329
2021-06-01,389.9890
2021-06-02,390.6024
2021-06-03,389.1526
2021-06-04,392.7118
2021-06-07,392.3309
2021-06-08,392.4144
2021-06-09,391.8290
2021-06-10,393.6503
2021-06-11,394.3009
2021-06-14,395.1837
2021-06-15,394.4589
2021-06-16,392.2564
2021-06-17,392.1264
2021-06-18,386.8364
2021-06-21,392.3744
2021-06-22,394.4720
2021-06-23,393.9966
2021-06-24,396.3274
2021-06-25,397.7351
2021-06-28,398.5369
2021-06-29,398.7514
2021-06-30,399.0870
2021-07-01,401.2966
2021-07-02,404.3639
2021-07-06,403.6275
2021-07-07,405.0538
2021-07-08,401.7534
2021-07-09,406.0421
2021-07-12,407.4965
2021-07-13,406.1073
2021-07-14,406.7133
2021-07-15,405.3241
2021-07-16,402.1451
2021-07-19,396.2062
2021-07-20,401.8840
2021-07-21,405.1378
2021-07-22,405.9861
2021-07-23,410.1629
2021-07-26,411.1698
2021-07-27,409.2959
2021-07-28,409.1281
2021-07-29,410.8249
2021-07-30,408.8298
2021-08-02,407.9719
2021-08-03,411.2910
2021-08-04,409.2679
2021-08-05,411.8597
2021-08-06,412.5403
2021-08-09,412.2047
2021-08-10,412.7176
2021-08-11,413.7430
2021-08-12,414.9830
2021-08-13,415.7383
2021-08-16,416.7171
2021-08-17,413.9854
2021-08-18,409.4543
2021-08-19,410.0883
2021-08-20,413.3514
2021-08-23,416.9875
2021-08-24,417.6494
2021-08-25,418.5258
2021-08-26,416.0552
2021-08-27,419.7751
2021-08-30,421.6211
2021-08-31,420.9964
2021-09-01,421.2202
2021-09-02,422.5161
2021-09-03,422.4135
2021-09-07,420.9032
2021-09-08,420.3904
2021-09-09,418.5911
2021-09-10,415.2906
2021-09-13,416.3535
2021-09-14,414.1067
2021-09-15,417.5655
2021-09-16,416.9035
2021-09-17,412.8424
2021-09-20,405.9586
2021-09-21,405.5752
2021-09-22,409.5315
2021-09-23,414.5074
2021-09-24,415.1901
2021-09-27,414.0023
2021-09-28,405.6594
2021-09-29,406.3422
2021-09-30,401.3757
2021-10-01,406.1457
2021-10-04,400.9081
2021-10-05,405.0795
2021-10-06,406.7631
2021-10-07,410.2798
2021-10-08,409.5315
2021-10-11,406.5666
2021-10-12,405.5658
2021-10-13,407.0249
2021-10-14,413.8713
2021-10-15,417.0233
2021-10-18,418.2579
2021-10-19,421.4847
2021-10-20,423.1402
2021-10-21,424.2438
2021-10-22,423.8042
2021-10-25,426.0770
2021-10-26,426.4605
2021-10-27,424.5712
2021-10-28,428.6679
2021-10-29,429.5377
2021-11-01,430.2766
2021-11-02,432.0162
2021-11-03,434.6538
2021-11-04,436.7021
2021-11-05,438.2173
2021-11-08,438.5914
2021-11-09,437.1416
2021-11-10,433.6249
2021-11-11,433.7653
2021-11-12,437.0388
2021-11-15,437.1884
2021-11-16,438.9187
2021-11-17,437.8525
2021-11-18,439.3396
2021-11-19,438.5540
2021-11-22,437.3194
2021-11-23,437.8993
2021-11-24,439.0684
2021-11-26,429.2758
2021-11-29,434.5416
2021-11-30,426.0863
2021-12-01,421.3538
2021-12-02,427.8074
2021-12-03,424.0848
2021-12-06,429.1073
2021-12-07,437.9834
2021-12-08,439.1432
2021-12-09,436.1783
2021-12-10,440.2842
2021-12-13,436.3841
2021-12-14,433.3817
2021-12-15,440.1533
2021-12-16,436.2718
2021-12-17,431.6286
2021-12-20,427.0389
2021-12-21,434.6227
2021-12-22,438.9684
2021-12-23,441.6996
2021-12-27,447.9507
2021-12-28,447.5846
2021-12-29,448.1572
2021-12-30,446.9182
2021-12-31,445.7919
2022-01-03,448.3731
2022-01-04,448.2229
2022-01-05,439.6161
2022-01-06,439.2030
2022-01-07,437.4667
2022-01-10,436.9223
2022-01-11,440.9019
2022-01-12,442.0939
2022-01-13,436.0025
2022-01-14,436.1808
2022-01-18,428.4562
2022-01-19,424.0072
2022-01-20,419.3144
2022-01-21,411.0829
2022-01-24,412.8287
2022-01-25,407.7885
2022-01-26,406.7654
2022-01-27,404.7568
2022-01-28,414.8092
2022-01-31,422.2803
2022-02-01,425.1336
2022-02-02,429.2634
2022-02-03,419.1735
2022-02-04,421.1447
2022-02-07,419.7930
2022-02-08,423.2471
2022-02-09,429.4417
2022-02-10,421.7266
2022-02-11,413.4107
2022-02-14,412.0591
2022-02-15,418.7043
2022-02-16,419.1735
2022-02-17,410.2194
2022-02-18,407.5632
2022-02-22,403.1894
2022-02-23,396.0374
2022-02-24,401.9974
2022-02-25,410.8670
2022-02-28,409.8159
2022-03-01,403.5742
2022-03-02,410.9985
2022-03-03,408.9523
2022-03-04,405.6298
2022-03-07,393.6721
2022-03-08,390.6875
2022-03-09,401.1621
2022-03-10,399.3506
2022-03-11,394.2728
2022-03-14,391.3913
2022-03-15,399.9982
2022-03-16,408.8679
2022-03-17,413.9832
2022-03-18,418.5174
2022-03-21,418.3951
2022-03-22,423.2909
2022-03-23,417.8396
2022-03-24,424.1382
2022-03-25,426.2095
2022-03-28,429.2412
2022-03-29,434.5513
2022-03-30,431.8680
2022-03-31,425.2210
2022-04-01,426.4261
2022-04-04,430.0791
2022-04-05,424.6467
2022-04-06,420.4005
2022-04-07,422.5189
2022-04-08,421.3891
2022-04-11,414.1866
2022-04-12,412.6519
2022-04-13,417.3782
2022-04-14,412.1812
2022-04-18,412.3507
2022-04-19,419.0070
2022-04-20,418.6964
2022-04-21,412.4353
2022-04-22,401.1184
2022-04-25,403.4440
2022-04-26,391.7599
2022-04-27,392.8615
2022-04-28,402.7849
2022-04-29,387.8997
2022-05-02,390.2347
2022-05-03,392.0235
2022-05-04,403.9618
2022-05-05,389.6038
2022-05-06,387.2783
2022-05-09,374.8787
2022-05-10,375.7450
2022-05-11,369.7758
2022-05-12,369.3898
2022-05-13,378.2210
2022-05-16,376.6864
2022-05-17,384.4351
2022-05-18,368.9378
2022-05-19,366.6782
2022-05-20,366.8383
2022-05-23,373.7019
2022-05-24,370.8492
2022-05-25,374.1255
2022-05-26,381.6010
2022-05-27,390.9691
2022-05-31,388.7753
2022-06-01,385.6307
2022-06-02,392.9745
2022-06-03,386.5251
2022-06-06,387.7020
2022-06-07,391.4209
2022-06-08,387.1654
2022-06-09,377.9575
2022-06-10,366.9984
2022-06-13,353.0641
2022-06-14,352.0002
2022-06-15,357.0185
2022-06-16,345.2026
2022-06-17,345.9467
2022-06-21,354.6554
2022-06-22,354.0125
2022-06-23,357.4827
2022-06-24,368.8484
2022-06-27,367.4395
2022-06-28,359.9317
2022-06-29,359.6386
2022-06-30,356.7168
2022-07-01,360.4896
2022-07-05,361.1703
2022-07-06,362.3902
2022-07-07,367.8177
2022-07-08,367.5152
2022-07-11,363.3169
2022-07-12,360.1019
2022-07-13,358.2107
2022-07-14,357.3408
2022-07-15,364.1678
2022-07-18,361.1609
2022-07-19,370.9192
2022-07-20,373.2832
2022-07-21,377.0844
2022-07-22,373.5858
2022-07-25,374.0396
2022-07-26,369.6143
2022-07-27,379.2119
2022-07-28,383.9681
2022-07-29,389.5659
2022-08-01,388.4124
2022-08-02,385.8498
2022-08-03,391.8920
2022-08-04,391.6272
2022-08-05,390.9654
2022-08-08,390.5115
2022-08-09,388.9608
2022-08-10,397.1305
2022-08-11,397.1305
2022-08-12,403.8535
2022-08-15,405.5177
2022-08-16,406.3119
2022-08-17,403.4280
2022-08-18,404.6005
2022-08-19,399.1635
2022-08-22,390.8519
2022-08-23,389.9063
2022-08-24,391.1544
2022-08-25,396.6766
2022-08-26,383.2495
2022-08-29,380.7153
2022-08-30,376.5359
2022-08-31,373.6708
2022-09-01,374.8434
2022-09-02,370.8909
2022-09-06,369.4914
2022-09-07,376.1293
2022-09-08,378.5879
2022-09-09,384.4692
2022-09-12,388.6014
2022-09-13,371.7041
2022-09-14,373.1224
2022-09-15,368.8862
2022-09-16,366.0720
2022-09-19,368.9109
2022-09-20,364.6763
2022-09-21,358.3150
2022-09-22,355.3052
2022-09-23,349.3522
2022-09-26,345.8961
2022-09-27,345.0132
2022-09-28,351.8017
2022-09-29,344.4529
2022-09-30,339.1265
2022-10-03,348.0799
2022-10-04,358.8657
2022-10-05,358.0302
2022-10-06,354.3368
2022-10-07,344.4529
2022-10-10,341.8229
2022-10-11,339.6581
2022-10-12,338.5379
2022-10-13,347.4723
2022-10-14,339.5538
2022-10-17,348.2793
2022-10-18,352.3714
2022-10-19,349.8743
2022-10-20,346.9405
2022-10-21,355.3717
2022-10-24,359.7202
2022-10-25,365.4644
2022-10-26,362.7110
2022-10-27,360.7741
2022-10-28,369.3571
2022-10-31,366.6891
2022-11-01,365.0846
2022-11-02,355.9224
2022-11-03,352.2575
2022-11-04,357.3276
2022-11-07,360.7456
2022-11-08,362.6920
2022-11-09,355.2198
2022-11-10,374.7406
2022-11-11,378.3676
2022-11-14,375.1488
2022-11-15,378.3485
2022-11-16,375.4622
2022-11-17,374.3133
2022-11-18,376.0129
2022-11-21,374.6457
2022-11-22,379.6873
2022-11-23,382.0799
2022-11-25,381.9944
2022-11-28,375.8989
2022-11-29,375.2533
2022-11-30,387.0740
2022-12-01,386.7892
2022-12-02,386.3430
2022-12-05,379.3929
2022-12-06,373.9241
2022-12-07,373.2879
2022-12-08,376.2122
2022-12-09,373.4019
2022-12-12,378.7853
2022-12-13,381.6526
2022-12-14,379.2125
2022-12-15,369.9364
2022-12-16,365.5689
2022-12-19,362.4689
2022-12-20,362.9649
2022-12-21,368.3922
2022-12-22,363.1366
2022-12-23,365.2254
2022-12-27,363.7852
2022-12-28,359.2640
2022-12-29,365.7310
2022-12-30,364.7676
2023-01-03,363.2319
2023-01-04,366.0362
2023-01-05,361.8585
2023-01-06,370.1567
2023-01-09,369.9468
2023-01-10,372.5412
2023-01-11,377.2530
2023-01-12,378.6266
2023-01-13,380.0955
2023-01-17,379.3992
2023-01-18,373.4092
2023-01-19,370.6909
2023-01-20,377.5965
2023-01-23,382.1271
2023-01-24,381.7169
2023-01-25,381.8600
2023-01-26,386.0568
2023-01-27,386.9438
2023-01-30,382.0889
2023-01-31,387.7069
2023-02-01,391.8274
2023-02-02,397.5312
2023-02-03,393.3058
2023-02-06,390.9022
2023-02-07,396.0146
2023-02-08,391.6843
2023-02-09,388.2887
2023-02-10,389.1949
2023-02-13,393.7635
2023-02-14,393.5824
2023-02-15,394.8605
2023-02-16,389.4238
2023-02-17,388.4509
2023-02-21,380.6582
2023-02-22,380.1336
2023-02-23,382.1557
2023-02-24,378.0734
2023-02-27,379.3610
2023-02-28,377.9589
2023-03-01,376.5091
2023-03-02,379.4373
2023-03-03,385.5227
2023-03-06,385.7897
2023-03-07,379.8760
2023-03-08,380.4961
2023-03-09,373.4760
2023-03-10,368.0869
2023-03-13,367.5623
2023-03-14,373.6381
2023-03-15,371.3012
2023-03-16,377.8159
2023-03-17,373.3981
2023-03-20,376.9886
2023-03-21,381.9387
2023-03-22,375.4279
2023-03-23,376.4429
2023-03-24,378.9130
2023-03-27,379.6216
2023-03-28,378.7694
2023-03-29,384.2748
2023-03-30,386.5248
2023-03-31,391.9727
2023-04-03,393.4664
2023-04-04,391.2834
2023-04-05,390.2589
2023-04-06,391.7813
2023-04-10,392.1834
2023-04-11,392.2888
2023-04-12,390.6898
2023-04-13,395.8792
2023-04-14,394.9121
2023-04-17,396.3291
2023-04-18,396.5877
2023-04-19,396.5207
2023-04-20,394.3568
2023-04-21,394.6632
2023-04-24,395.0750
2023-04-25,388.8036
2023-04-26,387.1567
2023-04-27,394.8643
2023-04-28,398.2345
2023-05-01,397.8324
2023-05-02,393.3611
2023-05-03,390.6611
2023-05-04,387.8940
2023-05-05,395.0750
2023-05-08,395.1802
2023-05-09,393.4472
2023-05-10,395.2856
2023-05-11,394.5962
2023-05-12,394.0791
2023-05-15,395.4388
2023-05-16,392.7962
2023-05-17,397.5643
2023-05-18,401.3942
2023-05-19,400.8101
2023-05-22,400.9729
2023-05-23,396.4728
2023-05-24,393.6004
2023-05-25,397.0090
2023-05-26,402.1505
2023-05-30,402.3037
2023-05-31,400.0729
2023-06-01,403.8739
2023-06-02,409.7144
2023-06-05,408.9294
2023-06-06,409.8197
2023-06-07,408.4027
2023-06-08,410.8729
2023-06-09,411.6101
2023-06-12,415.3442
2023-06-13,418.0825
2023-06-14,418.5804
2023-06-15,423.7698
2023-06-16,422.3264
2023-06-20,420.1353
2023-06-21,417.9826
2023-06-22,419.4914
2023-06-23,416.3201
2023-06-26,414.6191
2023-06-27,419.1647
2023-06-28,419.3762
2023-06-29,421.0291
2023-06-30,425.9975
2023-07-03,426.4875
2023-07-05,425.8533
2023-07-06,422.5186
2023-07-07,421.4519
2023-07-10,422.5186
2023-07-11,425.2094
2023-07-12,428.6306
2023-07-13,432.0327
2023-07-14,431.7636
2023-07-17,433.2627
2023-07-18,436.4821
2023-07-19,437.4528
2023-07-20,434.5505
2023-07-21,434.5505
2023-07-24,436.4918
2023-07-25,437.6834
2023-07-26,437.7507
2023-07-27,434.8484
2023-07-28,439.1058
2023-07-31,439.9417
2023-08-01,438.6828
2023-08-02,432.5804
2023-08-03,431.3408
2023-08-04,429.3898
2023-08-07,433.1378
2023-08-08,431.2542
2023-08-09,428.3712
2023-08-10,428.5249
2023-08-11,428.2751
2023-08-14,430.6392
2023-08-15,425.6227
2023-08-16,422.4994
2023-08-17,419.2800
2023-08-18,419.4818
2023-08-21,422.2111
2023-08-22,421.0675
2023-08-23,425.7572
2023-08-24,419.8567
2023-08-25,422.8165
2023-08-28,425.4978
2023-08-29,431.6482
2023-08-30,433.4261
2023-08-31,432.7919
2023-09-01,433.5991
2023-09-05,431.7252
2023-09-06,428.8229
2023-09-07,427.5063
2023-09-08,428.1502
2023-09-11,430.9660
2023-09-12,428.6018
2023-09-13,429.1015
2023-09-14,432.8014
2023-09-15,427.5869
2023-09-18,427.8377
2023-09-19,426.9504
2023-09-20,423.0253
2023-09-21,416.0334
2023-09-22,415.0980
2023-09-25,416.8435
2023-09-26,410.7195
2023-09-27,410.8834
2023-09-28,413.2655
2023-09-29,412.2626
2023-10-02,412.0986
2023-10-03,406.5822
2023-10-04,409.5430
2023-10-05,409.3886
2023-10-06,414.2492
2023-10-09,416.9014
2023-10-10,419.0712
2023-10-11,420.7879
2023-10-12,418.2226
2023-10-13,416.1395
2023-10-16,420.5179
2023-10-17,420.4986
2023-10-18,414.8954
2023-10-19,411.2500
2023-10-20,406.1965
2023-10-23,405.4925
2023-10-24,408.5497
2023-10-25,402.6860
2023-10-26,397.8640
2023-10-27,396.0606
2023-10-30,400.7958
2023-10-31,403.3130
2023-11-01,407.6142
2023-11-02,415.4258
2023-11-03,419.2159
2023-11-06,420.1803
2023-11-07,421.3762
2023-11-08,421.6848
2023-11-09,418.3962
2023-11-10,424.9252
2023-11-13,424.5201
2023-11-14,432.7561
2023-11-15,433.6723
2023-11-16,434.2028
2023-11-17,434.7428
2023-11-20,438.0893
2023-11-21,437.1345
2023-11-22,438.8222
2023-11-24,439.0922
2023-11-27,438.3015
2023-11-28,438.7354
2023-11-29,438.4268
2023-11-30,440.1531
2023-12-01,442.7570
2023-12-04,440.4327
2023-12-05,440.3460
2023-12-06,438.5715
2023-12-07,441.9180
2023-12-08,443.8178
2023-12-11,445.5441
2023-12-12,447.5789
2023-12-13,453.7512
2023-12-14,455.2075
2023-12-15,454.4579
2023-12-18,457.0143
2023-12-19,459.7934
2023-12-20,453.4219
2023-12-21,457.7211
2023-12-22,458.6410
2023-12-26,460.5777
2023-12-27,461.4104
2023-12-28,461.5847
2023-12-29,460.2484
2024-01-02,457.6727
2024-01-03,453.9350
2024-01-04,452.4730
2024-01-05,453.0926
2024-01-08,459.5609
2024-01-09,458.8637
2024-01-10,461.4588
2024-01-11,461.2555
2024-01-12,461.5750
2024-01-16,459.8805
2024-01-17,457.3241
2024-01-18,461.3910
2024-01-19,467.1428
2024-01-22,468.1305
2024-01-23,469.4958
2024-01-24,470.0090
2024-01-25,472.5654
2024-01-26,471.9650
2024-01-29,475.7027
2024-01-30,475.3347
2024-01-31,467.5786
2024-02-01,473.6983
2024-02-02,478.6852
2024-02-05,476.9421
2024-02-06,478.3268
2024-02-07,482.3163
2024-02-08,482.5293
2024-02-09,485.3181
2024-02-12,485.1050
2024-02-13,478.4237
2024-02-14,482.7714
2024-02-15,486.1024
2024-02-16,483.6816
2024-02-20,481.0187
2024-02-21,481.4544
2024-02-22,491.4183
2024-02-23,491.7573
2024-02-26,489.9563
2024-02-27,490.8665
2024-02-28,490.2177
2024-02-29,491.9800
2024-03-01,496.5989
2024-03-04,496.0663
2024-03-05,491.1086
2024-03-06,493.5971
2024-03-07,498.4968
2024-03-08,495.5047
2024-03-11,495.0786
2024-03-12,500.4044
2024-03-13,499.6200
2024-03-14,498.6323
2024-03-15,495.2084
2024-03-18,498.1516
2024-03-19,500.9198
2024-03-20,505.5530
2024-03-21,507.2236
2024-03-22,506.2620
2024-03-25,504.8634
2024-03-26,503.9309
2024-03-27,508.1659
2024-03-28,508.0687
2024-04-01,507.1848
2024-04-02,503.9600
2024-04-03,504.5136
2024-04-04,498.3555
2024-04-05,503.5618
2024-04-08,503.8434
2024-04-09,504.4262
2024-04-10,499.3754
2024-04-11,503.1441
2024-04-12,496.1991
2024-04-15,489.9828
2024-04-16,489.0891
2024-04-17,486.1946
2024-04-18,485.1941
2024-04-19,480.9592
2024-04-22,485.3884
2024-04-23,491.1483
2024-04-24,490.9152
2024-04-25,489.0503
2024-04-26,493.6835
2024-04-29,495.4319
2024-04-30,487.5835
2024-05-01,486.0003
2024-05-02,490.5461
2024-05-03,496.6266
2024-05-06,501.7551
2024-05-07,502.3087
2024-05-08,502.3573
2024-05-09,505.2518
2024-05-10,505.9028
2024-05-13,505.9706
2024-05-14,508.2921
2024-05-15,514.5862
2024-05-16,513.5276
2024-05-17,514.2657
2024-05-20,514.8582
2024-05-21,516.1210
2024-05-22,514.6349
2024-05-23,510.8759
2024-05-24,514.2560
2024-05-28,514.6154
2024-05-29,511.0119
2024-05-30,507.6219
2024-05-31,512.2454
2024-06-03,512.6630
2024-06-04,513.2362
2024-06-05,519.3360
2024-06-06,519.3262
2024-06-07,518.6951
2024-06-10,520.2977
2024-06-11,521.5507
2024-06-12,525.8342
2024-06-13,526.8929
2024-06-14,527.2136
2024-06-17,531.4096
2024-06-18,532.7596
2024-06-20,531.3124
2024-06-21,530.6001
2024-06-24,528.8752
2024-06-25,530.9120
2024-06-26,531.5745
2024-06-27,532.4125
2024-06-28,530.3175
2024-07-01,531.4090
2024-07-02,534.9851
2024-07-03,537.3726
2024-07-05,540.4714
2024-07-08,541.0950
2024-07-09,541.6212
2024-07-10,546.9807
2024-07-11,542.2643
2024-07-12,545.6846
2024-07-15,547.1854
2024-07-16,550.4302
2024-07-17,542.7126
2024-07-18,538.5419
2024-07-19,534.9656
2024-07-22,540.4811
2024-07-23,539.6332
2024-07-24,527.4039
2024-07-25,524.6559
2024-07-26,530.5319
2024-07-29,530.8438
2024-07-30,528.1542
2024-07-31,536.7392
2024-08-01,529.1384
2024-08-02,519.2867
2024-08-05,504.1632
2024-08-06,508.8114
2024-08-07,505.4104
2024-08-08,517.0942
2024-08-09,519.3743
2024-08-12,519.6473
2024-08-13,528.1932
2024-08-14,529.8596
2024-08-15,538.9415
2024-08-16,540.1498
2024-08-19,545.3143
2024-08-20,544.4276
2024-08-21,546.2986
2024-08-22,542.0109
2024-08-23,547.7700
2024-08-26,546.4642
2024-08-27,547.2146
2024-08-28,544.0378
2024-08-29,544.0864
2024-08-30,549.2805
2024-09-03,537.9767
2024-09-04,536.8755
2024-09-05,535.5698
2024-09-06,526.5562
2024-09-09,532.4515
2024-09-10,534.7708
2024-09-11,540.2569
2024-09-12,544.8077
2024-09-13,547.6530
2024-09-16,548.4619
2024-09-17,548.6860
2024-09-18,547.0587
2024-09-19,556.3939
2024-09-20,555.4322
2024-09-23,556.8201
2024-09-24,558.4133
2024-09-25,557.1817
2024-09-26,559.3908
2024-09-27,558.5794
2024-09-30,560.8178
2024-10-01,555.7937
2024-10-02,556.0283
2024-10-03,555.0118
2024-10-04,560.0554
2024-10-07,554.9922
2024-10-08,560.2411
2024-10-09,564.1215
2024-10-10,563.1343
2024-10-11,566.5065
2024-10-14,571.1396
2024-10-15,566.7020
2024-10-16,569.1652
2024-10-17,569.2141
2024-10-18,571.4035
2024-10-21,570.4651
2024-10-22,570.1622
2024-10-23,564.9523
2024-10-24,566.1742
2024-10-25,565.9786
2024-10-28,567.7283
2024-10-29,568.6471
2024-10-30,566.9269
2024-10-31,555.8132
2024-11-01,558.1591
2024-11-04,556.9569
2024-11-05,563.6915
2024-11-06,577.7079
2024-11-07,582.1749
2024-11-08,584.6967
2024-11-11,585.2538
2024-11-12,583.4359
2024-11-13,583.7194
2024-11-14,579.9658
2024-11-15,572.5374
2024-11-18,574.8832
2024-11-19,576.9847
2024-11-20,577.1802
2024-11-21,580.2787
2024-11-22,582.0773
2024-11-25,584.0517
2024-11-26,587.1013
2024-11-27,585.3223
2024-11-29,588.9584
2024-12-02,590.0140
2024-12-03,590.2877
2024-12-04,593.9532
2024-12-05,592.9756
2024-12-06,594.0997
2024-12-09,591.0403
2024-12-10,589.2028
2024-12-11,593.7577
2024-12-12,590.6983
2024-12-13,590.5810
2024-12-16,593.1028
2024-12-17,590.6592
2024-12-18,573.0553
2024-12-19,572.8795
2024-12-20,579.7603
2024-12-23,583.2321
2024-12-24,589.7147
2024-12-26,589.7540
2024-12-27,583.5460
2024-12-30,576.8867
2024-12-31,574.7880
2025-01-02,573.3757
2025-01-03,580.5449
2025-01-06,583.8891
2025-01-07,577.2889
2025-01-08,578.1323
2025-01-10,569.3057
2025-01-13,570.1884
2025-01-14,570.9729
2025-01-15,581.3589
2025-01-16,580.2409
2025-01-17,586.0664
2025-01-21,591.4310
2025-01-22,594.7557
2025-01-23,598.0018
2025-01-24,596.2562
2025-01-27,587.8218
2025-01-28,592.8727
2025-01-29,590.2148
2025-01-30,593.3826
2025-01-31,590.2247
2025-02-03,586.2527
2025-02-04,590.1854
2025-02-05,592.5784
2025-02-06,594.6380
2025-02-07,589.1949
2025-02-10,593.1964
2025-02-11,593.6474
2025-02-12,591.7350
2025-02-13,597.9822
2025-02-14,597.9529
2025-02-18,599.7084
2025-02-19,601.1206
2025-02-20,598.6197
2025-02-21,588.3809
2025-02-24,585.7036
2025-02-25,582.7907
2025-02-26,583.0850
2025-02-27,573.7778
2025-02-28,582.7319
2025-03-03,572.5225
2025-03-04,565.7455
2025-03-05,571.8262
2025-03-06,561.6755
2025-03-07,564.8237
2025-03-10,549.7792
2025-03-11,545.2090
2025-03-12,548.1022
2025-03-13,540.7957
2025-03-14,551.9662
2025-03-17,556.2228
2025-03-18,550.2108
2025-03-19,556.2031
2025-03-20,554.5947
2025-03-21,554.7776
2025-03-24,564.7130
2025-03-25,566.0704
2025-03-26,559.3124
2025-03-27,557.8271
2025-03-28,546.5933
2025-03-31,550.2626
2025-04-01,551.8167
2025-04-02,555.3088
2025-04-03,527.9429
2025-04-04,497.0354
2025-04-07,496.1501
2025-04-08,488.3790
2025-04-09,539.6683
2025-04-10,516.0206
2025-04-11,525.2278
2025-04-14,530.3232
2025-04-15,528.8378
2025-04-16,517.0829
2025-04-17,517.8206
2025-04-21,505.4951
2025-04-22,518.6470
2025-04-23,526.6836
2025-04-24,537.7698
2025-04-25,541.6553
2025-04-28,541.8618
2025-04-29,545.2753
2025-04-30,545.4917
2025-05-01,549.3575
2025-05-02,557.5123
2025-05-05,554.3154
2025-05-06,549.6821
2025-05-07,551.9938
2025-05-08,555.8400
2025-05-09,555.1318
2025-05-12,573.4775
2025-05-13,577.2646
2025-05-14,578.0024
2025-05-15,580.8256
2025-05-16,584.5046
2025-05-19,585.1440
2025-05-20,583.1766
2025-05-21,573.3495
2025-05-22,573.5758
2025-05-23,569.6608
2025-05-27,581.5043
2025-05-28,578.1401
2025-05-29,580.4222
2025-05-30,579.7730
2025-06-02,583.0388
2025-06-03,586.3637
2025-06-04,586.2064
2025-06-05,583.3734
2025-06-06,589.3640
2025-06-09,589.8951
2025-06-10,593.2397
2025-06-11,591.5477
2025-06-12,593.8987
2025-06-13,587.2589
2025-06-16,592.8462
2025-06-17,587.7802
2025-06-18,587.6918
2025-06-20,586.3115
2025-06-23,592.1028
2025-06-24,598.6438
2025-06-25,598.9792
2025-06-26,603.6656
2025-06-27,606.6648
2025-06-30,609.5654
2025-07-01,609.3680
2025-07-02,612.1306
2025-07-03,616.9550
2025-07-07,612.3575
2025-07-08,612.0220
2025-07-09,615.6921
2025-07-10,617.4285
2025-07-11,615.2580
2025-07-14,616.4321
2025-07-15,613.7979
2025-07-16,615.8500
2025-07-17,619.6188
2025-07-18,619.1649
2025-07-21,620.3390
2025-07-22,620.4277
2025-07-23,625.7061
2025-07-24,625.9133
2025-07-25,628.5573
2025-07-28,628.3994
2025-07-29,626.7419
2025-07-30,625.9527
2025-07-31,623.6047
2025-08-01,613.3835
2025-08-04,622.7068
2025-08-05,619.5496
2025-08-06,624.2952
2025-08-07,623.7723
2025-08-08,628.6362
2025-08-11,627.3931
2025-08-12,634.0723
2025-08-13,636.2429
2025-08-14,636.3019
2025-08-15,634.8123
2025-08-18,634.6741
2025-08-19,631.2309
2025-08-20,629.5538
2025-08-21,627.0280
2025-08-22,636.6572
2025-08-25,633.8553
2025-08-26,636.5092
2025-08-27,637.9595
2025-08-28,640.2188
2025-08-29,636.4006
2025-09-02,631.6848
2025-09-03,635.1082
2025-09-04,640.4160
2025-09-05,638.5613
2025-09-08,640.1300
2025-09-09,641.6100
2025-09-10,643.4647
2025-09-11,648.8120
2025-09-12,648.5949
2025-09-15,652.0480
2025-09-16,651.1502
2025-09-17,650.3412
2025-09-18,653.3799
2025-09-19,656.6160
2025-09-22,659.7225
2025-09-23,656.1313
2025-09-24,654.0437
2025-09-25,651.0263
2025-09-26,654.7560
2025-09-29,656.5962
2025-09-30,659.0695
2025-10-01,661.3154
2025-10-02,662.0770
2025-10-03,662.0672
2025-10-06,664.4415
2025-10-07,661.9781
2025-10-08,665.9255
2025-10-09,663.9964
2025-10-10,646.0500
2025-10-13,655.9630
2025-10-14,655.1617
2025-10-15,658.0703
2025-10-16,653.5887
2025-10-17,657.2986
2025-10-20,664.1349
2025-10-21,664.1249
2025-10-22,660.6722
2025-10-23,664.5900
2025-10-24,670.0213
2025-10-27,677.9260
2025-10-28,679.7266
2025-10-29,680.0531
2025-10-30,672.5739
2025-10-31,674.7800
2025-11-03,676.0463
2025-11-04,668.0328
2025-11-05,670.3478
2025-11-06,663.1554
2025-11-07,663.8083
2025-11-10,674.1666
2025-11-11,675.7100
2025-11-12,676.0860
2025-11-13,664.8670
2025-11-14,664.7581
2025-11-17,658.5649
2025-11-18,653.0347
2025-11-19,655.5574
2025-11-20,645.5652
2025-11-21,651.9958
2025-11-24,661.5923
2025-11-25,667.8152
2025-11-26,672.4254
2025-11-28,676.0958
2025-12-01,673.0092
2025-12-02,674.2557
2025-12-03,676.5905
2025-12-04,677.0851
2025-12-05,678.3713
2025-12-08,676.3333
2025-12-09,675.7496
2025-12-10,680.2313
2025-12-11,681.8141
2025-12-12,674.4832
2025-12-15,673.4642
2025-12-16,671.6241
2025-12-17,664.2338
2025-12-18,669.2497
2025-12-19,675.3154
2025-12-22,679.5225
2025-12-23,682.6282
2025-12-24,685.0295
2025-12-26,684.9600
2025-12-29,682.5190
2025-12-30,681.6855
2025-12-31,676.6350
2026-01-02,677.8753
2026-01-05,682.3901
2026-01-06,686.4484
2026-01-07,684.2357
2026-01-08,684.1662
2026-01-09,688.6909
2026-01-12,689.7724
2026-01-13,688.3932
2026-01-14,685.0095
2026-01-15,686.8750
2026-01-16,686.2996
2026-01-20,672.3287
2026-01-21,680.0881
2026-01-22,683.6403
2026-01-23,683.8883
2026-01-26,687.3612
2026-01-27,690.0999
2026-01-28,690.0304
2026-01-29,688.6611
2026-01-30,686.6071
2026-02-02,690.0204
2026-02-03,684.1860
2026-02-04,680.8719
2026-02-05,672.3683
2026-02-06,685.2676
2026-02-09,688.5718
2026-02-10,686.7560
2026-02-11,686.5972
2026-02-12,675.9901
2026-02-13,676.4664
2026-02-17,677.5578
2026-02-18,680.9711
2026-02-19,679.1751
2026-02-20,684.0868
2026-02-23,677.1014
2026-02-24,682.0229
2026-02-25,687.7780
2026-02-26,683.9578
2026-02-27,680.6735
2026-03-02,681.0605
2026-03-03,675.0574
2026-03-04,679.8202
2026-03-05,676.0297
2026-03-06,667.1690
2026-03-09,673.0133
2026-03-10,671.9317
2026-03-11,671.0884
2026-03-12,660.8979
2026-03-13,657.1572
2026-03-16,663.8449
2026-03-17,665.5912
2026-03-18,656.3038
2026-03-19,654.6865
2026-03-20,645.3010
2026-03-23,652.0767
2026-03-24,649.8878
2026-03-25,653.5095
2026-03-26,641.8386
2026-03-27,630.8940
2026-03-30,628.7847
2026-03-31,647.0621
2026-04-01,651.9374
2026-04-02,652.5245
2026-04-06,655.6088
2026-04-07,655.8973
2026-04-08,672.6027
2026-04-09,676.4830
2026-04-10,676.0353
2026-04-13,682.6418
2026-04-14,690.9597
2026-04-15,696.4121
2026-04-16,698.1234
2026-04-17,706.5607
2026-04-20,705.1478
2026-04-21,700.5312
2026-04-22,707.6253
2026-04-23,704.8792
2026-04-24,710.3415
2026-04-27,711.5654
2026-04-28,708.1029
2026-04-29,707.9934
2026-04-30,715.0377
2026-05-01,717.0177
2026-05-04,714.3910
2026-05-05,720.1220
2026-05-06,730.1313
2026-05-07,727.8926
2026-05-08,733.9022
2026-05-11,735.5737
2026-05-12,734.4594
2026-05-13,738.5685
2026-05-14,744.3990
2026-05-15,735.4444
2026-05-18,734.9270
2026-05-19,730.0317
2026-05-20,737.5139
2026-05-21,738.9764
2026-05-22,741.8818
2026-05-26,746.8068
2026-05-27,746.6774
2026-05-28,750.7966
2026-05-29,752.6671
2026-06-01,754.7167
2026-06-02,755.7416
2026-06-03,750.4384
2026-06-04,753.2740
2026-06-05,733.8325
2026-06-08,735.4941
2026-06-09,733.3351
2026-06-10,721.7736
2026-06-11,734.0415
2026-06-12,738.0114
2026-06-15,751.0255
2026-06-16,746.5482
2026-06-17,737.2253
2026-06-18,744.8903
2026-06-22,742.5461
2026-06-23,731.7629
2026-06-24,731.4237
2026-06-25,732.4811
2026-06-26,727.1843
2026-06-29,739.1645
2026-06-30,744.9202
2026-07-01,743.9127
2026-07-02,742.9352
2026-07-06,749.4191
2026-07-07,745.8579
2026-07-08,743.5536
2026-07-09,749.8480
2026-07-10,753.0800
2026-07-13,747.3143
2026-07-14,749.9677
2026-07-15,752.9403
2026-07-16,748.8604
2026-07-17,741.4488
2026-07-20,740.2518
2026-07-21,746.4265
2026-07-22,745.5586
2026-07-23,736.3515
2026-07-24,737.0996
2026-07-27,737.2593
2026-07-28,739.0248
2026-07-29,727.6531
2026-07-30,739.8528
2026-07-31,745.1796
2026-08-03,755.7932
2026-08-04,769.4194
2026-08-05,767.8832
2026-08-06,766.6562
2026-08-07,771.3446
2026-08-10,771.1152
2026-08-11,768.6513
2026-08-12,770.5765
2026-08-13,775.9532
2026-08-14,774.4170
2026-08-17,770.7560
2026-08-18,765.5490
2026-08-19,767.1550
2026-08-20,760.7110
2026-08-21,763.8232
2026-08-24,761.5788
2026-08-25,764.0128
2026-08-26,764.1824
2026-08-27,769.1899
2026-08-28,767.4443
2026-08-31,765.1500
2026-09-01,759.8931
2026-09-02,763.2646
2026-09-03,771.2548
2026-09-04,768.2822
2026-09-08,764.0627
2026-09-09,760.5115
2026-09-10,755.9528
2026-09-11,762.3968
2026-09-14,758.9952
2026-09-15,755.5139
2026-09-16,752.1822
2026-09-17,760.7110
2026-09-18,761.6900
2026-09-21,773.5000
2026-09-22,773.3800
2026-09-23,767.8100
2026-09-24,767.1800
2026-09-25,771.3500
