date,adj_close
2003-01-02,38.3206
2003-01-03,38.4094
2003-01-06,38.3073
2003-01-07,38.4449
2003-01-08,38.6359
2003-01-09,37.8942
2003-01-10,37.9919
2003-01-13,38.0540
2003-01-14,38.1873
2003-01-15,38.3738
2003-01-16,38.4271
2003-01-17,38.6181
2003-01-21,38.8402
2003-01-22,39.0312
2003-01-23,38.8402
2003-01-24,39.0712
2003-01-27,38.9290
2003-01-28,38.9290
2003-01-29,38.7158
2003-01-30,39.0045
2003-01-31,39.1111
2003-02-03,39.1682
2003-02-04,39.3420
2003-02-05,39.0033
2003-02-06,39.3197
2003-02-07,39.4088
2003-02-10,39.1325
2003-02-11,39.1236
2003-02-12,39.2618
2003-02-13,39.4757
2003-02-14,39.1370
2003-02-18,39.1860
2003-02-19,39.4534
2003-02-20,39.5871
2003-02-21,39.3554
2003-02-24,39.5426
2003-02-25,39.7253
2003-02-26,40.0016
2003-02-27,40.0685
2003-02-28,40.3225
2003-03-03,40.3718
2003-03-04,40.3986
2003-03-05,40.5328
2003-03-06,40.3762
2003-03-07,40.5149
2003-03-10,40.7252
2003-03-11,40.6536
2003-03-12,40.8012
2003-03-13,40.0496
2003-03-14,40.2465
2003-03-17,39.7633
2003-03-18,39.3875
2003-03-19,39.0967
2003-03-20,39.0341
2003-03-21,38.4972
2003-03-24,39.1057
2003-03-25,39.0609
2003-03-26,39.1415
2003-03-27,39.1683
2003-03-28,39.2578
2003-03-31,39.7723
2003-04-01,39.6590
2003-04-02,39.2457
2003-04-03,39.2232
2003-04-04,39.1109
2003-04-07,39.0210
2003-04-08,39.3356
2003-04-09,39.4523
2003-04-10,39.2681
2003-04-11,39.2052
2003-04-14,39.0974
2003-04-15,39.3086
2003-04-16,39.4703
2003-04-17,39.5332
2003-04-21,39.4479
2003-04-22,39.4254
2003-04-23,39.5063
2003-04-24,39.8612
2003-04-25,39.9511
2003-04-28,39.8881
2003-04-29,39.8208
2003-04-30,40.1892
2003-05-01,40.2086
2003-05-02,39.8924
2003-05-05,40.1047
2003-05-06,40.3034
2003-05-07,40.7732
2003-05-08,40.8726
2003-05-09,40.9132
2003-05-12,41.1707
2003-05-13,41.2610
2003-05-14,41.8934
2003-05-15,42.0244
2003-05-16,42.3315
2003-05-19,42.1870
2003-05-20,42.8103
2003-05-21,42.8058
2003-05-22,43.1852
2003-05-23,43.2936
2003-05-27,42.5122
2003-05-28,42.4399
2003-05-29,42.8103
2003-05-30,42.7290
2003-06-02,42.4151
2003-06-03,42.7553
2003-06-04,42.8823
2003-06-05,42.5466
2003-06-06,42.7009
2003-06-09,42.9866
2003-06-10,43.4992
2003-06-11,43.4448
2003-06-12,43.7850
2003-06-13,44.0798
2003-06-16,43.6625
2003-06-17,43.3178
2003-06-18,42.7644
2003-06-19,42.6827
2003-06-20,42.5240
2003-06-23,42.7780
2003-06-24,43.1726
2003-06-25,42.4832
2003-06-26,41.9116
2003-06-27,41.7619
2003-06-30,41.9570
2003-07-01,41.7489
2003-07-02,41.8536
2003-07-03,41.2526
2003-07-07,40.9885
2003-07-08,41.0249
2003-07-09,41.1570
2003-07-10,41.1433
2003-07-11,41.3391
2003-07-14,40.8656
2003-07-15,39.9093
2003-07-16,40.1371
2003-07-17,40.0141
2003-07-18,39.9322
2003-07-21,39.0852
2003-07-22,39.2765
2003-07-23,39.4085
2003-07-24,39.0625
2003-07-25,38.9578
2003-07-28,38.4341
2003-07-29,37.9105
2003-07-30,38.3385
2003-07-31,37.7694
2003-08-01,37.7410
2003-08-04,38.0657
2003-08-05,37.5214
2003-08-06,38.2624
2003-08-07,38.4226
2003-08-08,38.2670
2003-08-11,38.0749
2003-08-12,37.8965
2003-08-13,37.1646
2003-08-14,37.5306
2003-08-15,37.5077
2003-08-18,37.6816
2003-08-19,38.2624
2003-08-20,38.0566
2003-08-21,37.9651
2003-08-22,38.1344
2003-08-25,37.8371
2003-08-26,38.1344
2003-08-27,37.9605
2003-08-28,38.3539
2003-08-29,38.2624
2003-09-02,37.7028
2003-09-03,37.7626
2003-09-04,37.9739
2003-09-05,38.6263
2003-09-08,38.2266
2003-09-09,38.5023
2003-09-10,38.8928
2003-09-11,38.6401
2003-09-12,38.9066
2003-09-15,38.8469
2003-09-16,38.7871
2003-09-17,39.2696
2003-09-18,39.2971
2003-09-19,39.3431
2003-09-22,39.0307
2003-09-23,39.2971
2003-09-24,39.6371
2003-09-25,39.8347
2003-09-26,40.1931
2003-09-29,39.8715
2003-09-30,40.5331
2003-10-01,40.3794
2003-10-02,40.1949
2003-10-03,39.3506
2003-10-06,39.5213
2003-10-07,39.0645
2003-10-08,39.0553
2003-10-09,38.7785
2003-10-10,39.0091
2003-10-13,38.8569
2003-10-14,38.5893
2003-10-15,38.4001
2003-10-16,38.2479
2003-10-17,38.5432
2003-10-20,38.6724
2003-10-21,38.8154
2003-10-22,39.1937
2003-10-23,38.9076
2003-10-24,39.3413
2003-10-27,39.2629
2003-10-28,39.4705
2003-10-29,39.1152
2003-10-30,38.9399
2003-10-31,39.3044
2003-11-03,39.1182
2003-11-04,39.3406
2003-11-05,39.0719
2003-11-06,38.7059
2003-11-07,38.6827
2003-11-10,38.6503
2003-11-11,38.6549
2003-11-12,38.9375
2003-11-13,39.5398
2003-11-14,39.8038
2003-11-17,39.8641
2003-11-18,40.1096
2003-11-19,39.6648
2003-11-20,40.0493
2003-11-21,40.0725
2003-11-24,39.7436
2003-11-25,39.9613
2003-11-26,39.7992
2003-11-28,39.4378
2003-12-01,39.2181
2003-12-02,39.3857
2003-12-03,39.2274
2003-12-04,39.3159
2003-12-05,39.9444
2003-12-08,39.6650
2003-12-09,39.3857
2003-12-10,39.4509
2003-12-11,39.7349
2003-12-12,39.8094
2003-12-15,39.7861
2003-12-16,39.9164
2003-12-17,40.1864
2003-12-18,40.5496
2003-12-19,40.5356
2003-12-22,40.4239
2003-12-23,39.9676
2003-12-24,40.3448
2003-12-26,40.4937
2003-12-29,40.1306
2003-12-30,39.9676
2003-12-31,39.9676
2004-01-02,39.4952
2004-01-05,39.3923
2004-01-06,39.8273
2004-01-07,39.9863
2004-01-08,39.9723
2004-01-09,40.6692
2004-01-12,40.6365
2004-01-13,40.9125
2004-01-14,41.1136
2004-01-15,41.2680
2004-01-16,40.9779
2004-01-20,40.9686
2004-01-21,41.0668
2004-01-22,41.3662
2004-01-23,40.8704
2004-01-26,40.6224
2004-01-27,40.8750
2004-01-28,40.5149
2004-01-29,40.4307
2004-01-30,40.7113
2004-02-02,40.6258
2004-02-03,40.8325
2004-02-04,40.7526
2004-02-05,40.5930
2004-02-06,41.0391
2004-02-09,41.1613
2004-02-10,40.9311
2004-02-11,41.2364
2004-02-12,41.0627
2004-02-13,41.2364
2004-02-17,41.2083
2004-02-18,41.2646
2004-02-19,41.3069
2004-02-20,41.0204
2004-02-23,41.2740
2004-02-24,41.3491
2004-02-25,41.4149
2004-02-26,41.2834
2004-02-27,41.6403
2004-03-01,41.6243
2004-03-02,41.3602
2004-03-03,41.2848
2004-03-04,41.4687
2004-03-05,42.2703
2004-03-08,42.5202
2004-03-09,42.8032
2004-03-10,42.7749
2004-03-11,42.8362
2004-03-12,42.5721
2004-03-15,42.6428
2004-03-16,42.9965
2004-03-17,42.9258
2004-03-18,42.6994
2004-03-19,42.6428
2004-03-22,42.9022
2004-03-23,42.9776
2004-03-24,42.9541
2004-03-25,42.7891
2004-03-26,42.3364
2004-03-29,42.0534
2004-03-30,42.0251
2004-03-31,42.2279
2004-04-01,42.0897
2004-04-02,41.0482
2004-04-05,40.7263
2004-04-06,40.9488
2004-04-07,40.8541
2004-04-08,40.7357
2004-04-12,40.5890
2004-04-13,40.1487
2004-04-14,40.1156
2004-04-15,39.8789
2004-04-16,40.0304
2004-04-19,39.9452
2004-04-20,39.5807
2004-04-21,39.7748
2004-04-22,40.0114
2004-04-23,39.7842
2004-04-26,39.8505
2004-04-27,40.0020
2004-04-28,39.6280
2004-04-29,39.4339
2004-04-30,39.5949
2004-05-03,39.6448
2004-05-04,39.3738
2004-05-05,39.2646
2004-05-06,39.1600
2004-05-07,38.6467
2004-05-10,38.5564
2004-05-11,38.7322
2004-05-12,38.4757
2004-05-13,38.3283
2004-05-14,38.6420
2004-05-17,38.9842
2004-05-18,38.8321
2004-05-19,38.7038
2004-05-20,39.0032
2004-05-21,38.8464
2004-05-24,38.9699
2004-05-25,39.0840
2004-05-26,39.2931
2004-05-27,39.6020
2004-05-28,39.4927
2004-06-01,39.1310
2004-06-02,39.0308
2004-06-03,39.1120
2004-06-04,38.8829
2004-06-07,38.8925
2004-06-08,38.9640
2004-06-09,38.7971
2004-06-10,38.8734
2004-06-14,38.5633
2004-06-15,39.3791
2004-06-16,39.2264
2004-06-17,39.4841
2004-06-18,39.3982
2004-06-21,39.4268
2004-06-22,39.3076
2004-06-23,39.3839
2004-06-24,39.6224
2004-06-25,39.6606
2004-06-28,39.2551
2004-06-29,39.5031
2004-06-30,39.9087
2004-07-01,39.9834
2004-07-02,40.4049
2004-07-06,40.3379
2004-07-07,40.3523
2004-07-08,40.3762
2004-07-09,40.4193
2004-07-12,40.4768
2004-07-13,40.3571
2004-07-14,40.3714
2004-07-15,40.4146
2004-07-16,40.9510
2004-07-19,40.9798
2004-07-20,40.6109
2004-07-21,40.5008
2004-07-22,40.5583
2004-07-23,40.6924
2004-07-26,40.5008
2004-07-27,39.9547
2004-07-28,39.9595
2004-07-29,40.0505
2004-07-30,40.5199
2004-08-02,40.5729
2004-08-03,40.7363
2004-08-04,40.7556
2004-08-05,40.8710
2004-08-06,41.5587
2004-08-09,41.4144
2004-08-10,41.2653
2004-08-11,41.4432
2004-08-12,41.5298
2004-08-13,41.6645
2004-08-16,41.5202
2004-08-17,41.7558
2004-08-18,41.5538
2004-08-19,41.6548
2004-08-20,41.6164
2004-08-23,41.3759
2004-08-24,41.3999
2004-08-25,41.5442
2004-08-26,41.7799
2004-08-27,41.7510
2004-08-30,41.9482
2004-08-31,42.2079
2004-09-01,42.2513
2004-09-02,41.8361
2004-09-03,41.8409
2004-09-07,41.7975
2004-09-08,42.1499
2004-09-09,41.9906
2004-09-10,42.0533
2004-09-13,42.2368
2004-09-14,42.2803
2004-09-15,42.1837
2004-09-16,42.6617
2004-09-17,42.4493
2004-09-20,42.7293
2004-09-21,42.8548
2004-09-22,43.2990
2004-09-23,43.1252
2004-09-24,43.1783
2004-09-27,43.3666
2004-09-28,43.1928
2004-09-29,42.7727
2004-09-30,42.6086
2004-10-01,42.3957
2004-10-04,42.4588
2004-10-05,42.4588
2004-10-06,42.2649
2004-10-07,42.0807
2004-10-08,42.6382
2004-10-11,42.6818
2004-10-12,42.7787
2004-10-13,42.9339
2004-10-14,43.1375
2004-10-15,42.9872
2004-10-18,43.0066
2004-10-19,43.1181
2004-10-20,43.4139
2004-10-21,43.4429
2004-10-22,43.5447
2004-10-25,43.5787
2004-10-26,43.4478
2004-10-27,43.0212
2004-10-28,43.1617
2004-10-29,43.3605
2004-11-01,43.0908
2004-11-02,43.1541
2004-11-03,43.1736
2004-11-04,43.2174
2004-11-05,42.7452
2004-11-08,42.5943
2004-11-09,42.5700
2004-11-10,42.4093
2004-11-11,42.3168
2004-11-12,42.7744
2004-11-15,42.8134
2004-11-16,42.8134
2004-11-17,43.1784
2004-11-18,43.3099
2004-11-19,42.9643
2004-11-22,43.1882
2004-11-23,43.2417
2004-11-24,43.2417
2004-11-26,42.9594
2004-11-29,42.5018
2004-11-30,42.3217
2004-12-01,42.2557
2004-12-02,42.0847
2004-12-03,42.7396
2004-12-06,42.8863
2004-12-07,42.9400
2004-12-08,43.6097
2004-12-09,43.3213
2004-12-10,43.4288
2004-12-13,43.5217
2004-12-14,43.6927
2004-12-15,44.0887
2004-12-16,43.4386
2004-12-17,43.3799
2004-12-20,43.4581
2004-12-21,43.5901
2004-12-22,43.4434
2004-12-23,43.3017
2004-12-27,42.9645
2004-12-28,42.9303
2004-12-29,42.8863
2004-12-30,43.1747
2004-12-31,43.4469
2005-01-03,43.5401
2005-01-04,43.0839
2005-01-05,43.3145
2005-01-06,43.3439
2005-01-07,43.4421
2005-01-10,43.5107
2005-01-11,43.7659
2005-01-12,43.8248
2005-01-13,44.2467
2005-01-14,44.2418
2005-01-18,44.3890
2005-01-19,44.5166
2005-01-20,44.6049
2005-01-21,44.6540
2005-01-24,44.8453
2005-01-25,44.4234
2005-01-26,44.5068
2005-01-27,44.4234
2005-01-28,44.8698
2005-01-31,44.9974
2005-02-01,44.9260
2005-02-02,45.0294
2005-02-03,45.0048
2005-02-04,45.6303
2005-02-07,45.9701
2005-02-08,46.2311
2005-02-09,46.3543
2005-02-10,45.7287
2005-02-11,45.6992
2005-02-14,45.8420
2005-02-15,45.6106
2005-02-16,45.4382
2005-02-17,45.1525
2005-02-18,44.7486
2005-02-22,44.5517
2005-02-23,44.6994
2005-02-24,44.6009
2005-02-25,44.8176
2005-02-28,44.3350
2005-03-01,44.3211
2005-03-02,44.2618
2005-03-03,44.2372
2005-03-04,44.7164
2005-03-07,44.8943
2005-03-08,44.4694
2005-03-09,43.7431
2005-03-10,44.0099
2005-03-11,43.6888
2005-03-14,43.9506
2005-03-15,43.6740
2005-03-16,43.9407
2005-03-17,44.0840
2005-03-18,43.8074
2005-03-21,43.6838
2005-03-22,43.3133
2005-03-23,43.5207
2005-03-24,43.6097
2005-03-28,43.3429
2005-03-29,43.5998
2005-03-30,43.8172
2005-03-31,44.1334
2005-04-01,44.2822
2005-04-04,44.2723
2005-04-05,44.1582
2005-04-06,44.3119
2005-04-07,43.9549
2005-04-08,44.1086
2005-04-11,44.3466
2005-04-12,44.7582
2005-04-13,44.6491
2005-04-14,44.5797
2005-04-15,45.1698
2005-04-18,45.1351
2005-04-19,45.5715
2005-04-20,45.4574
2005-04-21,44.9813
2005-04-22,45.3582
2005-04-25,45.4921
2005-04-26,45.4227
2005-04-27,45.5814
2005-04-28,45.9186
2005-04-29,45.8393
2005-05-02,45.8293
2005-05-03,45.9537
2005-05-04,45.5506
2005-05-05,45.6551
2005-05-06,45.3167
2005-05-09,45.3615
2005-05-10,45.6850
2005-05-11,45.8243
2005-05-12,46.0035
2005-05-13,46.1826
2005-05-16,46.1279
2005-05-17,46.2573
2005-05-18,46.5658
2005-05-19,46.4464
2005-05-20,46.5012
2005-05-23,46.8644
2005-05-24,46.9938
2005-05-25,46.6654
2005-05-26,46.6504
2005-05-27,46.7002
2005-05-31,47.2775
2005-06-01,47.8564
2005-06-02,47.9713
2005-06-03,47.5766
2005-06-06,47.8264
2005-06-07,48.2060
2005-06-08,47.9763
2005-06-09,47.9363
2005-06-10,47.3969
2005-06-13,47.1121
2005-06-14,46.8025
2005-06-15,46.8874
2005-06-16,47.1221
2005-06-17,47.1172
2005-06-20,47.0372
2005-06-21,47.3819
2005-06-22,47.9563
2005-06-23,47.9063
2005-06-24,48.1461
2005-06-27,48.2760
2005-06-28,47.9463
2005-06-29,47.8714
2005-06-30,48.3009
2005-07-01,47.7155
2005-07-05,47.2644
2005-07-06,47.5251
2005-07-07,47.6253
2005-07-08,47.4298
2005-07-11,47.4298
2005-07-12,47.1642
2005-07-13,47.0940
2005-07-14,46.9737
2005-07-15,47.0990
2005-07-18,46.7482
2005-07-19,46.9136
2005-07-20,47.1692
2005-07-21,46.5277
2005-07-22,46.8885
2005-07-25,46.7181
2005-07-26,46.7933
2005-07-27,46.7181
2005-07-28,47.1341
2005-07-29,46.6680
2005-08-01,46.4944
2005-08-02,46.3435
2005-08-03,46.5699
2005-08-04,46.4743
2005-08-05,46.1121
2005-08-08,46.0265
2005-08-09,46.1976
2005-08-10,46.1473
2005-08-11,46.4693
2005-08-12,46.9422
2005-08-15,46.8214
2005-08-16,47.1484
2005-08-17,46.8365
2005-08-18,47.1837
2005-08-19,47.1786
2005-08-22,47.1283
2005-08-23,47.3446
2005-08-24,47.3899
2005-08-25,47.5408
2005-08-26,47.5257
2005-08-29,47.5861
2005-08-30,47.8880
2005-08-31,48.2904
2005-09-01,47.9996
2005-09-02,48.0400
2005-09-06,47.7018
2005-09-07,47.2525
2005-09-08,47.3030
2005-09-09,47.4544
2005-09-12,47.1263
2005-09-13,47.3737
2005-09-14,47.1919
2005-09-15,46.8032
2005-09-16,46.4952
2005-09-19,46.5962
2005-09-20,46.7174
2005-09-21,47.1515
2005-09-22,47.1061
2005-09-23,46.7527
2005-09-26,46.5406
2005-09-27,46.6063
2005-09-28,46.9193
2005-09-29,46.7073
2005-09-30,46.5457
2005-10-03,46.1818
2005-10-04,46.3338
2005-10-05,46.5366
2005-10-06,46.3592
2005-10-07,46.5467
2005-10-10,46.5164
2005-10-11,46.4200
2005-10-12,45.9689
2005-10-13,45.8017
2005-10-14,45.7308
2005-10-17,45.7206
2005-10-18,45.7713
2005-10-19,45.7916
2005-10-20,45.9132
2005-10-21,46.3389
2005-10-24,45.9791
2005-10-25,45.5838
2005-10-26,45.2492
2005-10-27,45.4114
2005-10-28,45.4165
2005-10-31,45.5027
2005-11-01,45.4502
2005-11-02,45.2364
2005-11-03,44.9310
2005-11-04,44.8597
2005-11-07,45.0124
2005-11-08,45.4502
2005-11-09,44.9819
2005-11-10,45.5317
2005-11-11,45.5571
2005-11-14,45.2161
2005-11-15,45.5113
2005-11-16,45.9898
2005-11-17,46.1018
2005-11-18,45.8880
2005-11-21,46.0255
2005-11-22,46.0866
2005-11-23,45.9084
2005-11-25,46.0764
2005-11-28,46.3055
2005-11-29,45.8677
2005-11-30,45.8168
2005-12-01,45.7452
2005-12-02,45.7605
2005-12-05,45.5560
2005-12-06,46.0213
2005-12-07,45.8475
2005-12-08,46.1440
2005-12-09,45.7810
2005-12-12,45.6941
2005-12-13,45.8628
2005-12-14,46.3332
2005-12-15,46.2207
2005-12-16,46.3741
2005-12-19,46.4200
2005-12-20,46.3639
2005-12-21,46.2820
2005-12-22,46.6501
2005-12-23,46.9365
2005-12-27,47.3200
2005-12-28,47.1880
2005-12-29,47.2907
2005-12-30,47.1829
2006-01-03,47.1213
2006-01-04,47.2342
2006-01-05,47.1777
2006-01-06,47.0905
2006-01-09,47.1213
2006-01-10,46.7413
2006-01-11,46.6643
2006-01-12,46.9775
2006-01-13,47.2496
2006-01-17,47.4601
2006-01-18,47.4447
2006-01-19,47.3061
2006-01-20,47.4293
2006-01-23,47.4139
2006-01-24,47.1829
2006-01-25,46.6694
2006-01-26,46.4692
2006-01-27,46.4692
2006-01-30,46.4230
2006-01-31,46.5514
2006-02-01,46.3922
2006-02-02,46.4798
2006-02-03,46.8095
2006-02-06,46.9023
2006-02-07,46.6807
2006-02-08,46.5725
2006-02-09,46.7837
2006-02-10,46.5261
2006-02-13,46.5313
2006-02-14,46.3664
2006-02-15,46.4798
2006-02-16,46.4901
2006-02-17,46.8611
2006-02-21,46.7837
2006-02-22,47.1032
2006-02-23,46.9847
2006-02-24,46.9126
2006-02-27,46.8353
2006-02-28,47.0671
2006-03-01,46.7828
2006-03-02,46.4570
2006-03-03,46.1881
2006-03-06,45.7848
2006-03-07,45.8159
2006-03-08,45.8004
2006-03-09,45.8159
2006-03-10,45.6452
2006-03-13,45.6091
2006-03-14,45.9141
2006-03-15,45.6659
2006-03-16,46.0796
2006-03-17,45.9399
2006-03-20,46.0123
2006-03-21,45.7745
2006-03-22,45.8728
2006-03-23,45.7279
2006-03-24,46.0640
2006-03-27,45.8934
2006-03-28,45.4643
2006-03-29,45.2471
2006-03-30,44.9317
2006-03-31,44.9162
2006-04-03,44.9308
2006-04-04,44.8840
2006-04-05,44.9463
2006-04-06,44.6037
2006-04-07,44.1678
2006-04-10,44.2508
2006-04-11,44.4065
2006-04-12,44.1366
2006-04-13,43.8253
2006-04-17,43.9861
2006-04-18,44.0640
2006-04-19,43.7941
2006-04-20,43.7578
2006-04-21,44.0121
2006-04-24,44.1886
2006-04-25,43.6644
2006-04-26,43.5917
2006-04-27,43.6488
2006-04-28,43.6799
2006-05-01,43.3516
2006-05-02,43.4663
2006-05-03,43.3725
2006-05-04,43.2995
2006-05-05,43.5601
2006-05-08,43.5861
2006-05-09,43.5601
2006-05-10,43.6382
2006-05-11,43.4246
2006-05-12,43.0651
2006-05-15,43.2370
2006-05-16,43.5601
2006-05-17,43.2891
2006-05-18,43.8779
2006-05-19,43.9926
2006-05-22,44.0863
2006-05-23,44.0603
2006-05-24,44.0811
2006-05-25,43.9092
2006-05-26,43.8779
2006-05-30,43.8571
2006-05-31,43.5966
2006-06-01,43.7911
2006-06-02,44.3562
2006-06-05,44.2986
2006-06-06,44.5079
2006-06-07,44.5183
2006-06-08,44.6073
2006-06-09,44.8426
2006-06-12,44.8793
2006-06-13,44.9107
2006-06-14,44.4608
2006-06-15,44.2044
2006-06-16,44.1050
2006-06-19,44.0423
2006-06-20,43.9690
2006-06-21,43.9795
2006-06-22,43.7284
2006-06-23,43.6394
2006-06-26,43.5557
2006-06-27,43.7703
2006-06-28,43.5401
2006-06-29,43.6865
2006-06-30,44.1103
2006-07-03,44.0666
2006-07-05,43.7148
2006-07-06,43.9826
2006-07-07,44.2662
2006-07-10,44.3083
2006-07-11,44.4500
2006-07-12,44.4606
2006-07-13,44.6339
2006-07-14,44.6601
2006-07-17,44.7284
2006-07-18,44.3450
2006-07-19,44.7651
2006-07-20,44.8964
2006-07-21,44.8124
2006-07-24,44.7861
2006-07-25,44.6548
2006-07-26,44.8177
2006-07-27,44.7494
2006-07-28,45.0067
2006-07-31,45.0645
2006-08-01,45.0603
2006-08-02,45.2290
2006-08-03,45.2396
2006-08-04,45.5137
2006-08-07,45.5401
2006-08-08,45.4399
2006-08-09,45.2923
2006-08-10,45.2237
2006-08-11,45.0286
2006-08-14,44.9496
2006-08-15,45.3292
2006-08-16,45.6350
2006-08-17,45.6192
2006-08-18,45.7510
2006-08-21,45.9144
2006-08-22,45.9302
2006-08-23,45.9513
2006-08-24,46.0357
2006-08-25,46.1043
2006-08-28,46.1464
2006-08-29,46.2097
2006-08-30,46.3310
2006-08-31,46.4417
2006-09-01,46.4576
2006-09-05,46.1664
2006-09-06,46.1029
2006-09-07,46.1929
2006-09-08,46.2299
2006-09-11,46.1876
2006-09-12,46.4205
2006-09-13,46.4417
2006-09-14,46.3358
2006-09-15,46.2988
2006-09-18,46.2247
2006-09-19,46.7435
2006-09-20,46.8123
2006-09-21,47.2411
2006-09-22,47.4740
2006-09-25,47.8075
2006-09-26,47.6063
2006-09-27,47.4687
2006-09-28,47.3893
2006-09-29,47.3310
2006-10-02,47.4607
2006-10-03,47.3970
2006-10-04,47.7424
2006-10-05,47.4076
2006-10-06,46.9133
2006-10-09,47.0409
2006-10-10,46.6688
2006-10-11,46.5306
2006-10-12,46.5572
2006-10-13,46.3234
2006-10-16,46.5306
2006-10-17,46.5679
2006-10-18,46.6635
2006-10-19,46.5785
2006-10-20,46.5306
2006-10-23,46.3446
2006-10-24,46.3446
2006-10-25,46.7114
2006-10-26,47.0143
2006-10-27,47.2322
2006-10-30,47.3651
2006-10-31,47.7318
2006-11-01,47.9959
2006-11-02,47.7985
2006-11-03,47.2330
2006-11-06,47.3716
2006-11-07,47.5904
2006-11-08,47.7611
2006-11-09,47.7344
2006-11-10,47.9425
2006-11-13,47.9319
2006-11-14,48.1186
2006-11-15,47.9372
2006-11-16,47.7184
2006-11-17,47.9905
2006-11-20,48.0652
2006-11-21,48.1826
2006-11-22,48.2627
2006-11-24,48.3480
2006-11-27,48.5241
2006-11-28,48.6254
2006-11-29,48.5134
2006-11-30,48.8335
2006-12-01,48.9577
2006-12-04,49.0434
2006-12-05,48.8132
2006-12-06,48.7168
2006-12-07,48.6793
2006-12-08,48.3258
2006-12-11,48.5347
2006-12-12,48.6364
2006-12-13,48.2026
2006-12-14,48.0259
2006-12-15,48.0527
2006-12-18,48.0688
2006-12-19,48.0045
2006-12-20,47.9992
2006-12-21,48.2401
2006-12-22,47.8706
2006-12-26,48.0152
2006-12-27,47.6622
2006-12-28,47.5548
2006-12-29,47.5171
2007-01-03,47.8556
2007-01-04,48.1458
2007-01-05,47.9362
2007-01-08,48.0222
2007-01-09,48.0222
2007-01-10,47.8073
2007-01-11,47.5278
2007-01-12,47.3076
2007-01-16,47.4097
2007-01-17,47.2645
2007-01-18,47.4097
2007-01-19,47.2807
2007-01-22,47.3935
2007-01-23,47.0819
2007-01-24,47.0765
2007-01-25,46.7379
2007-01-26,46.7004
2007-01-29,46.5983
2007-01-30,46.6520
2007-01-31,47.0443
2007-02-01,46.9876
2007-02-02,47.0469
2007-02-05,47.1117
2007-02-06,47.3707
2007-02-07,47.5110
2007-02-08,47.5487
2007-02-09,47.2790
2007-02-12,47.1710
2007-02-13,47.0685
2007-02-14,47.5163
2007-02-15,47.6566
2007-02-16,47.8239
2007-02-20,47.9318
2007-02-21,47.8509
2007-02-22,47.5919
2007-02-23,47.9318
2007-02-26,48.2501
2007-02-27,48.8598
2007-02-28,48.6386
2007-03-01,48.6077
2007-03-02,48.8514
2007-03-05,48.9326
2007-03-06,48.7864
2007-03-07,48.9760
2007-03-08,48.9326
2007-03-09,48.4182
2007-03-12,48.6077
2007-03-13,48.9002
2007-03-14,48.6781
2007-03-15,48.6727
2007-03-16,48.6618
2007-03-19,48.5590
2007-03-20,48.5860
2007-03-21,48.6077
2007-03-22,48.2232
2007-03-23,48.0878
2007-03-26,48.1474
2007-03-27,48.0661
2007-03-28,47.9686
2007-03-29,47.9036
2007-03-30,47.8116
2007-04-02,47.8909
2007-04-03,47.8311
2007-04-04,47.8800
2007-04-05,47.7007
2007-04-09,47.3854
2007-04-10,47.5267
2007-04-11,47.4941
2007-04-12,47.5050
2007-04-13,47.3582
2007-04-16,47.6191
2007-04-17,47.8855
2007-04-18,48.1247
2007-04-19,48.0431
2007-04-20,47.9181
2007-04-23,48.0921
2007-04-24,48.2714
2007-04-25,48.1029
2007-04-26,47.7550
2007-04-27,47.7442
2007-04-30,48.2443
2007-05-01,48.2792
2007-05-02,48.2519
2007-05-03,48.1428
2007-05-04,48.3392
2007-05-07,48.4701
2007-05-08,48.3610
2007-05-09,48.1701
2007-05-10,48.2846
2007-05-11,48.1155
2007-05-14,47.9900
2007-05-15,47.9736
2007-05-16,47.9409
2007-05-17,47.7445
2007-05-18,47.4281
2007-05-21,47.5699
2007-05-22,47.3244
2007-05-23,47.1880
2007-05-24,47.2316
2007-05-25,47.1225
2007-05-29,47.1171
2007-05-30,47.2152
2007-05-31,47.1280
2007-06-01,46.8804
2007-06-04,47.0940
2007-06-05,46.7982
2007-06-06,46.7763
2007-06-07,45.9383
2007-06-08,45.9000
2007-06-11,45.7685
2007-06-12,45.1058
2007-06-13,45.6425
2007-06-14,45.5275
2007-06-15,45.8397
2007-06-18,45.7466
2007-06-19,46.1738
2007-06-20,45.8013
2007-06-21,45.5823
2007-06-22,45.8781
2007-06-25,46.1300
2007-06-26,46.1409
2007-06-27,46.1848
2007-06-28,46.1738
2007-06-29,46.6504
2007-07-02,46.8956
2007-07-03,46.6097
2007-07-05,46.0873
2007-07-06,45.9004
2007-07-09,46.0654
2007-07-10,46.8461
2007-07-11,46.3623
2007-07-12,46.2028
2007-07-13,46.3292
2007-07-16,46.7746
2007-07-17,46.6757
2007-07-18,46.8516
2007-07-19,46.8406
2007-07-20,47.2640
2007-07-23,47.1870
2007-07-24,47.3630
2007-07-25,47.4564
2007-07-26,47.8523
2007-07-27,47.9897
2007-07-30,47.8523
2007-07-31,48.1987
2007-08-01,48.0944
2007-08-02,48.2158
2007-08-03,48.5360
2007-08-06,48.1827
2007-08-07,48.1440
2007-08-08,47.5590
2007-08-09,47.6252
2007-08-10,47.5148
2007-08-13,47.6528
2007-08-14,47.7798
2007-08-15,47.6086
2007-08-16,48.0999
2007-08-17,47.9067
2007-08-20,47.9343
2007-08-21,48.1661
2007-08-22,48.0888
2007-08-23,48.2545
2007-08-24,48.4918
2007-08-27,48.7457
2007-08-28,48.8285
2007-08-29,48.6960
2007-08-30,49.0218
2007-08-31,49.0604
2007-09-04,49.0836
2007-09-05,49.4771
2007-09-06,49.3496
2007-09-07,50.0480
2007-09-10,50.4360
2007-09-11,50.3972
2007-09-12,50.2087
2007-09-13,49.7598
2007-09-14,49.8318
2007-09-17,50.0702
2007-09-18,49.6933
2007-09-19,49.2333
2007-09-20,48.3021
2007-09-21,48.7123
2007-09-24,48.8508
2007-09-25,48.6790
2007-09-26,48.7233
2007-09-27,49.0614
2007-09-28,49.1723
2007-10-01,49.4533
2007-10-02,49.6091
2007-10-03,49.4644
2007-10-04,49.6536
2007-10-05,49.1195
2007-10-08,49.0805
2007-10-09,49.0193
2007-10-10,49.0471
2007-10-11,48.9971
2007-10-12,48.7578
2007-10-15,48.7689
2007-10-16,48.7856
2007-10-17,49.3197
2007-10-18,49.5924
2007-10-19,50.3324
2007-10-22,50.3380
2007-10-23,50.2712
2007-10-24,50.6440
2007-10-25,50.4715
2007-10-26,50.3547
2007-10-29,50.5494
2007-10-30,50.5216
2007-10-31,50.0653
2007-11-01,50.7158
2007-11-02,50.8779
2007-11-05,50.8556
2007-11-06,50.6096
2007-11-07,50.6991
2007-11-08,50.6096
2007-11-09,51.0400
2007-11-12,51.2243
2007-11-13,51.0344
2007-11-14,51.0903
2007-11-15,51.5709
2007-11-16,51.6435
2007-11-19,51.9788
2007-11-20,51.9230
2007-11-21,52.2247
2007-11-23,52.3812
2007-11-26,53.4151
2007-11-27,52.9065
2007-11-28,52.5489
2007-11-29,53.0015
2007-11-30,52.7445
2007-12-03,53.1630
2007-12-04,53.1574
2007-12-05,52.5234
2007-12-06,52.0633
2007-12-07,51.4798
2007-12-10,51.1711
2007-12-11,52.1755
2007-12-12,51.6369
2007-12-13,51.0758
2007-12-14,50.8401
2007-12-17,51.2946
2007-12-18,51.6257
2007-12-19,52.3102
2007-12-20,52.1980
2007-12-21,51.4349
2007-12-24,51.1936
2007-12-26,50.7448
2007-12-27,51.2980
2007-12-28,52.0979
2007-12-31,52.4133
2008-01-02,53.1683
2008-01-03,53.0950
2008-01-04,53.1063
2008-01-07,53.3372
2008-01-08,53.2753
2008-01-09,53.3767
2008-01-10,52.6556
2008-01-11,53.0669
2008-01-14,53.2640
2008-01-15,53.8611
2008-01-16,53.4724
2008-01-17,54.1654
2008-01-18,53.7936
2008-01-22,54.3682
2008-01-23,54.2442
2008-01-24,53.1570
2008-01-25,54.0527
2008-01-28,53.8499
2008-01-29,53.4837
2008-01-30,53.1345
2008-01-31,53.5119
2008-02-01,53.8335
2008-02-04,53.2795
2008-02-05,53.6866
2008-02-06,53.5226
2008-02-07,52.3694
2008-02-08,52.9687
2008-02-11,53.1891
2008-02-12,52.8725
2008-02-13,52.3129
2008-02-14,51.5441
2008-02-15,51.9398
2008-02-19,51.4140
2008-02-20,51.7702
2008-02-21,52.3185
2008-02-22,52.0189
2008-02-25,51.4876
2008-02-26,51.5045
2008-02-27,51.5497
2008-02-28,52.4656
2008-02-29,53.2682
2008-03-03,53.1309
2008-03-04,52.6146
2008-03-05,51.9848
2008-03-06,52.2628
2008-03-07,52.3309
2008-03-10,53.1025
2008-03-11,52.6487
2008-03-12,53.6643
2008-03-13,53.2444
2008-03-14,53.9026
2008-03-17,54.3168
2008-03-18,54.1069
2008-03-19,55.0034
2008-03-20,55.1395
2008-03-24,54.0728
2008-03-25,54.2998
2008-03-26,54.0728
2008-03-27,53.6926
2008-03-28,54.2146
2008-03-31,54.4076
2008-04-01,53.5221
2008-04-02,53.6360
2008-04-03,53.7557
2008-04-04,54.2457
2008-04-07,53.9608
2008-04-08,53.7728
2008-04-09,54.3312
2008-04-10,54.1489
2008-04-11,54.5135
2008-04-14,54.1944
2008-04-15,53.5221
2008-04-16,52.9979
2008-04-17,52.9067
2008-04-18,52.8611
2008-04-21,53.0720
2008-04-22,53.2543
2008-04-23,53.0777
2008-04-24,52.6275
2008-04-25,52.3198
2008-04-28,52.4793
2008-04-29,52.6788
2008-04-30,53.0548
2008-05-01,53.0583
2008-05-02,52.3892
2008-05-05,52.3892
2008-05-06,52.0118
2008-05-07,52.2348
2008-05-08,52.7037
2008-05-09,52.8981
2008-05-12,52.8181
2008-05-13,52.2405
2008-05-14,52.2634
2008-05-15,52.7380
2008-05-16,52.5207
2008-05-19,52.5894
2008-05-20,52.8638
2008-05-21,52.8753
2008-05-22,52.2520
2008-05-23,52.4807
2008-05-27,52.1261
2008-05-28,51.6629
2008-05-29,51.2912
2008-05-30,51.6286
2008-06-02,51.8278
2008-06-03,52.2009
2008-06-04,51.7359
2008-06-05,51.4260
2008-06-06,52.0918
2008-06-09,52.0918
2008-06-10,51.7532
2008-06-11,51.6326
2008-06-12,51.1161
2008-06-13,51.0070
2008-06-16,51.0185
2008-06-17,51.1218
2008-06-18,51.5523
2008-06-19,51.2480
2008-06-20,51.5465
2008-06-23,51.6556
2008-06-24,52.0000
2008-06-25,52.0229
2008-06-26,52.3730
2008-06-27,52.9871
2008-06-30,52.9986
2008-07-01,52.8731
2008-07-02,53.1496
2008-07-03,53.0344
2008-07-07,53.2763
2008-07-08,53.6219
2008-07-09,53.8580
2008-07-10,53.8523
2008-07-11,53.0862
2008-07-14,53.5528
2008-07-15,53.5355
2008-07-16,52.5678
2008-07-17,52.2970
2008-07-18,52.1012
2008-07-21,52.3028
2008-07-22,52.0436
2008-07-23,51.9399
2008-07-24,52.4468
2008-07-25,51.9226
2008-07-28,52.4468
2008-07-29,52.2337
2008-07-30,52.2855
2008-07-31,52.8039
2008-08-01,52.9207
2008-08-04,52.7993
2008-08-05,52.4062
2008-08-06,52.1923
2008-08-07,53.0421
2008-08-08,53.1866
2008-08-11,52.6779
2008-08-12,53.1693
2008-08-13,52.9843
2008-08-14,53.3254
2008-08-15,53.7879
2008-08-18,54.0018
2008-08-19,53.7937
2008-08-20,53.9439
2008-08-21,53.8457
2008-08-22,53.8110
2008-08-25,54.3487
2008-08-26,54.3949
2008-08-27,54.4874
2008-08-28,54.4932
2008-08-29,54.2504
2008-09-02,54.7551
2008-09-03,54.9872
2008-09-04,55.4282
2008-09-05,55.3992
2008-09-08,55.6313
2008-09-09,56.1825
2008-09-10,55.8344
2008-09-11,55.8054
2008-09-12,55.0859
2008-09-15,56.8730
2008-09-16,56.8613
2008-09-17,57.1457
2008-09-18,56.3102
2008-09-19,54.5231
2008-09-22,54.5173
2008-09-23,54.3084
2008-09-24,54.5463
2008-09-25,54.4361
2008-09-26,54.8306
2008-09-29,56.4262
2008-09-30,55.0511
2008-10-01,55.7437
2008-10-02,56.1918
2008-10-03,56.6865
2008-10-06,57.7166
2008-10-07,57.5420
2008-10-08,56.7156
2008-10-09,56.2383
2008-10-10,55.8426
2008-10-13,55.1268
2008-10-14,54.7717
2008-10-15,55.2955
2008-10-16,55.0103
2008-10-17,54.6320
2008-10-20,55.0685
2008-10-21,55.3595
2008-10-22,56.4828
2008-10-23,56.9018
2008-10-24,56.2965
2008-10-27,56.3373
2008-10-28,55.5167
2008-10-29,55.2373
2008-10-30,54.7368
2008-10-31,54.0268
2008-11-03,54.1729
2008-11-04,55.1896
2008-11-05,55.8440
2008-11-06,55.4408
2008-11-07,55.0785
2008-11-10,55.3473
2008-11-11,55.5109
2008-11-12,55.8674
2008-11-13,54.5293
2008-11-14,55.6103
2008-11-17,55.8557
2008-11-18,56.5745
2008-11-19,58.0236
2008-11-20,61.0212
2008-11-21,60.1388
2008-11-24,59.1980
2008-11-25,60.9393
2008-11-26,61.0212
2008-11-28,61.7749
2008-12-01,64.1406
2008-12-02,64.3868
2008-12-03,64.5686
2008-12-04,65.8409
2008-12-05,64.7738
2008-12-08,64.6331
2008-12-09,65.9113
2008-12-10,65.7529
2008-12-11,65.8819
2008-12-12,65.8819
2008-12-15,66.6324
2008-12-16,68.2799
2008-12-17,70.1326
2008-12-18,71.6042
2008-12-19,71.6804
2008-12-22,71.1293
2008-12-23,71.0354
2008-12-24,70.8830
2008-12-26,71.1175
2008-12-29,71.0322
2008-12-30,71.7087
2008-12-31,70.2087
2009-01-02,68.4439
2009-01-05,66.6791
2009-01-06,66.0085
2009-01-07,66.2673
2009-01-08,66.2143
2009-01-09,66.3144
2009-01-12,67.0027
2009-01-13,67.0732
2009-01-14,68.1792
2009-01-15,68.2909
2009-01-16,67.2380
2009-01-20,67.2262
2009-01-21,65.1026
2009-01-22,63.8496
2009-01-23,63.3495
2009-01-26,62.7966
2009-01-27,64.2732
2009-01-28,62.6672
2009-01-29,61.2260
2009-01-30,61.0318
2009-02-02,62.1674
2009-02-03,60.6867
2009-02-04,60.4744
2009-02-05,60.5275
2009-02-06,60.3387
2009-02-09,60.5334
2009-02-10,61.8488
2009-02-11,62.6511
2009-02-12,62.0611
2009-02-13,60.4096
2009-02-17,62.2912
2009-02-18,61.7603
2009-02-19,60.7103
2009-02-20,61.3002
2009-02-23,61.8665
2009-02-24,61.8016
2009-02-25,61.0879
2009-02-26,60.4449
2009-02-27,60.0968
2009-03-02,61.0918
2009-03-03,60.6837
2009-03-04,60.4057
2009-03-05,62.0855
2009-03-06,61.6715
2009-03-09,61.3107
2009-03-10,60.1335
2009-03-11,60.7842
2009-03-12,61.0741
2009-03-13,60.7664
2009-03-16,59.8082
2009-03-17,59.4829
2009-03-18,61.7366
2009-03-19,61.8134
2009-03-20,61.4704
2009-03-23,60.9380
2009-03-24,61.5177
2009-03-25,60.6896
2009-03-26,61.3934
2009-03-27,61.8490
2009-03-30,62.0855
2009-03-31,62.5292
2009-04-01,63.0999
2009-04-02,62.3287
2009-04-03,61.0533
2009-04-06,60.7923
2009-04-07,60.9465
2009-04-08,61.4863
2009-04-09,60.7151
2009-04-13,61.2727
2009-04-14,61.5931
2009-04-15,61.4863
2009-04-16,60.9999
2009-04-17,60.3296
2009-04-20,61.2431
2009-04-21,60.6380
2009-04-22,60.2702
2009-04-23,60.2643
2009-04-24,59.6592
2009-04-27,59.9143
2009-04-28,58.9355
2009-04-29,58.4135
2009-04-30,58.1821
2009-05-01,57.7817
2009-05-04,57.9721
2009-05-05,57.9007
2009-05-06,57.7639
2009-05-07,56.3537
2009-05-08,56.4905
2009-05-11,57.2938
2009-05-12,57.5020
2009-05-13,58.1268
2009-05-14,58.3529
2009-05-15,58.3350
2009-05-18,57.4306
2009-05-19,57.1272
2009-05-20,57.7281
2009-05-21,56.2763
2009-05-22,55.6515
2009-05-26,54.8126
2009-05-27,53.8427
2009-05-28,54.6222
2009-05-29,56.0324
2009-06-01,54.3758
2009-06-02,54.6683
2009-06-03,55.1817
2009-06-04,54.0415
2009-06-05,53.6296
2009-06-08,53.4923
2009-06-09,53.4864
2009-06-10,52.6447
2009-06-11,53.2297
2009-06-12,53.7073
2009-06-15,54.1908
2009-06-16,55.1340
2009-06-17,54.8235
2009-06-18,53.9938
2009-06-19,54.7340
2009-06-22,55.2653
2009-06-23,55.9159
2009-06-24,55.3548
2009-06-25,56.3696
2009-06-26,56.4651
2009-06-29,56.5487
2009-06-30,56.4532
2009-07-01,56.3412
2009-07-02,56.4729
2009-07-06,56.3651
2009-07-07,56.7425
2009-07-08,57.7905
2009-07-09,57.1018
2009-07-10,57.6288
2009-07-13,57.3054
2009-07-14,56.3532
2009-07-15,54.9039
2009-07-16,55.4968
2009-07-17,54.6404
2009-07-20,54.9279
2009-07-21,56.0238
2009-07-22,55.5207
2009-07-23,54.5027
2009-07-24,54.7662
2009-07-27,54.1374
2009-07-28,54.6165
2009-07-29,54.9159
2009-07-30,55.6945
2009-07-31,56.7784
2009-08-03,55.9179
2009-08-04,55.4733
2009-08-05,54.6441
2009-08-06,54.8303
2009-08-07,54.3736
2009-08-10,55.0527
2009-08-11,55.6896
2009-08-12,55.0947
2009-08-13,55.8759
2009-08-14,56.0922
2009-08-17,56.9214
2009-08-18,56.5909
2009-08-19,57.0596
2009-08-20,57.5282
2009-08-21,56.3445
2009-08-24,57.3661
2009-08-25,57.6906
2009-08-26,57.9549
2009-08-27,57.7266
2009-08-28,57.9909
2009-08-31,58.0450
2009-09-01,57.9046
2009-09-02,58.7485
2009-09-03,58.3869
2009-09-04,57.3922
2009-09-08,56.9884
2009-09-09,56.9220
2009-09-10,57.9709
2009-09-11,58.2904
2009-09-14,57.7117
2009-09-15,57.4163
2009-09-16,57.5188
2009-09-17,58.2421
2009-09-18,57.7237
2009-09-21,57.8564
2009-09-22,57.9769
2009-09-23,58.1517
2009-09-24,58.3205
2009-09-25,59.0620
2009-09-28,59.5804
2009-09-29,59.5261
2009-09-30,59.4719
2009-10-01,60.2864
2009-10-02,59.8691
2009-10-05,59.8751
2009-10-06,59.2826
2009-10-07,59.9780
2009-10-08,59.3491
2009-10-09,57.9886
2009-10-12,58.0793
2009-10-13,58.3816
2009-10-14,57.5169
2009-10-15,57.2509
2009-10-16,57.7165
2009-10-19,58.1700
2009-10-20,58.4845
2009-10-21,58.1337
2009-10-22,57.8495
2009-10-23,57.4141
2009-10-26,56.6704
2009-10-27,57.4443
2009-10-28,57.7165
2009-10-29,57.0876
2009-10-30,57.9160
2009-11-02,57.6600
2009-11-03,57.0837
2009-11-04,56.5620
2009-11-05,56.5620
2009-11-06,56.6166
2009-11-09,56.6834
2009-11-10,56.5802
2009-11-11,56.8168
2009-11-12,56.7137
2009-11-13,56.9745
2009-11-16,57.6418
2009-11-17,57.9512
2009-11-18,57.6115
2009-11-19,57.7146
2009-11-20,57.7025
2009-11-23,57.6297
2009-11-24,57.9937
2009-11-25,58.2606
2009-11-27,58.4790
2009-11-30,58.6186
2009-12-01,57.9655
2009-12-02,58.0142
2009-12-03,57.4117
2009-12-04,56.8032
2009-12-07,56.8762
2009-12-08,56.9614
2009-12-09,56.6997
2009-12-10,56.0486
2009-12-11,56.0425
2009-12-14,56.1094
2009-12-15,55.8599
2009-12-16,55.7929
2009-12-17,56.7119
2009-12-18,56.4684
2009-12-21,55.4643
2009-12-22,55.1540
2009-12-23,55.1661
2009-12-24,54.5941
2009-12-28,54.4419
2009-12-29,54.8011
2009-12-30,55.1614
2009-12-31,54.8988
2010-01-04,54.8499
2010-01-05,55.2042
2010-01-06,54.4652
2010-01-07,54.5568
2010-01-08,54.5323
2010-01-11,54.2331
2010-01-12,55.1614
2010-01-13,54.5201
2010-01-14,55.2835
2010-01-15,55.6256
2010-01-19,55.4668
2010-01-20,56.0286
2010-01-21,56.2851
2010-01-22,56.1874
2010-01-25,55.9309
2010-01-26,55.9492
2010-01-27,55.9187
2010-01-28,55.8881
2010-01-29,56.3767
2010-02-01,55.8650
2010-02-02,56.0244
2010-02-03,55.3747
2010-02-04,56.2511
2010-02-05,56.3737
2010-02-08,56.4472
2010-02-09,55.8834
2010-02-10,55.3501
2010-02-11,55.0498
2010-02-12,55.2766
2010-02-16,55.3808
2010-02-17,54.7495
2010-02-18,54.5289
2010-02-19,54.8231
2010-02-22,54.5963
2010-02-23,55.4482
2010-02-24,55.5830
2010-02-25,55.8956
2010-02-26,56.1837
2010-03-01,56.1590
2010-03-02,56.0853
2010-03-03,55.9439
2010-03-04,56.2391
2010-03-05,55.5012
2010-03-08,55.2122
2010-03-09,55.2246
2010-03-10,55.0831
2010-03-11,55.2861
2010-03-12,55.6303
2010-03-15,55.5566
2010-03-16,55.9993
2010-03-17,56.2391
2010-03-18,56.0546
2010-03-19,56.1099
2010-03-22,56.1714
2010-03-23,55.9070
2010-03-24,54.8864
2010-03-25,54.5359
2010-03-26,54.6896
2010-03-29,54.4806
2010-03-30,54.6527
2010-03-31,55.0278
2010-04-01,54.8933
2010-04-05,53.9799
2010-04-06,54.0663
2010-04-07,54.7575
2010-04-08,54.7822
2010-04-09,54.9118
2010-04-12,55.2018
2010-04-13,55.3808
2010-04-14,54.9920
2010-04-15,55.0537
2010-04-16,55.4548
2010-04-19,55.3191
2010-04-20,55.5165
2010-04-21,55.9732
2010-04-22,55.8066
2010-04-23,55.6091
2010-04-26,55.6708
2010-04-27,56.4546
2010-04-28,55.9732
2010-04-29,56.2077
2010-04-30,56.8557
2010-05-03,56.7814
2010-05-04,57.8032
2010-05-05,58.1438
2010-05-06,59.9398
2010-05-07,59.1904
2010-05-10,57.9642
2010-05-11,57.8156
2010-05-12,57.3759
2010-05-13,57.7537
2010-05-14,58.7569
2010-05-17,58.5401
2010-05-18,59.4381
2010-05-19,59.6363
2010-05-20,60.8934
2010-05-21,60.9553
2010-05-24,60.7447
2010-05-25,61.0420
2010-05-26,60.8686
2010-05-27,59.4877
2010-05-28,59.7601
2010-06-01,60.1802
2010-06-02,59.6085
2010-06-03,59.1736
2010-06-04,60.7643
2010-06-07,61.2303
2010-06-08,60.9258
2010-06-09,60.8575
2010-06-10,59.7701
2010-06-11,60.5282
2010-06-14,60.2174
2010-06-15,59.9689
2010-06-16,60.3107
2010-06-17,60.8016
2010-06-18,60.7021
2010-06-21,60.5282
2010-06-22,61.2489
2010-06-23,61.6652
2010-06-24,61.2986
2010-06-25,61.5472
2010-06-28,62.1250
2010-06-29,62.8023
2010-06-30,63.2249
2010-07-01,63.3246
2010-07-02,62.8197
2010-07-06,63.3371
2010-07-07,62.5954
2010-07-08,62.1965
2010-07-09,61.8412
2010-07-12,61.8163
2010-07-13,61.2866
2010-07-14,61.9036
2010-07-15,62.5206
2010-07-16,62.8260
2010-07-19,62.4395
2010-07-20,62.5331
2010-07-21,63.5926
2010-07-22,62.8572
2010-07-23,62.1902
2010-07-26,62.0843
2010-07-27,61.4860
2010-07-28,61.6854
2010-07-29,61.6667
2010-07-30,62.6265
2010-08-02,61.7474
2010-08-03,62.1038
2010-08-04,61.6286
2010-08-05,61.9162
2010-08-06,62.5915
2010-08-09,62.3602
2010-08-10,62.4914
2010-08-11,63.3294
2010-08-12,63.1730
2010-08-13,63.9610
2010-08-16,65.5616
2010-08-17,65.1865
2010-08-18,65.3616
2010-08-19,66.3808
2010-08-20,66.3058
2010-08-23,66.3183
2010-08-24,67.3812
2010-08-25,67.1624
2010-08-26,67.7939
2010-08-27,65.8744
2010-08-30,67.1374
2010-08-31,67.8815
2010-09-01,66.4780
2010-09-02,65.7756
2010-09-03,64.9602
2010-09-07,66.2898
2010-09-08,65.7631
2010-09-09,64.4648
2010-09-10,64.1700
2010-09-13,64.4836
2010-09-14,65.1045
2010-09-15,64.1386
2010-09-16,63.5053
2010-09-17,63.7623
2010-09-20,64.1324
2010-09-21,65.0229
2010-09-22,65.6062
2010-09-23,65.7944
2010-09-24,64.9101
2010-09-27,66.0390
2010-09-28,66.4905
2010-09-29,66.2145
2010-09-30,66.1707
2010-10-01,65.8508
2010-10-04,66.0208
2010-10-05,65.6242
2010-10-06,66.4489
2010-10-07,65.8949
2010-10-08,65.6054
2010-10-11,65.6179
2010-10-12,64.9696
2010-10-13,64.8688
2010-10-14,63.8995
2010-10-15,63.1189
2010-10-18,63.6287
2010-10-19,64.0127
2010-10-20,64.1512
2010-10-21,63.3896
2010-10-22,63.8176
2010-10-25,64.0002
2010-10-26,63.0118
2010-10-27,62.4579
2010-10-28,62.6279
2010-10-29,63.2133
2010-11-01,62.9412
2010-11-02,63.7684
2010-11-03,62.4675
2010-11-04,62.9538
2010-11-05,61.8739
2010-11-08,62.1517
2010-11-09,60.7814
2010-11-10,60.8635
2010-11-11,60.8319
2010-11-12,60.5035
2010-11-15,59.2406
2010-11-16,60.7119
2010-11-17,60.3773
2010-11-18,60.6235
2010-11-19,60.9961
2010-11-22,61.2550
2010-11-23,61.5582
2010-11-24,60.4594
2010-11-26,61.2992
2010-11-29,61.8234
2010-11-30,62.1455
2010-12-01,60.7640
2010-12-02,60.6056
2010-12-03,60.1303
2010-12-06,60.9795
2010-12-07,59.6741
2010-12-08,59.0974
2010-12-09,59.3889
2010-12-10,59.0277
2010-12-13,59.2495
2010-12-14,58.3877
2010-12-15,57.6273
2010-12-16,58.0265
2010-12-17,59.0847
2010-12-20,59.0214
2010-12-21,59.4333
2010-12-22,59.0087
2010-12-23,58.8883
2010-12-27,59.4143
2010-12-28,58.2506
2010-12-29,59.2362
2010-12-30,59.1917
2010-12-31,59.8467
2011-01-03,59.3952
2011-01-04,59.4651
2011-01-05,58.1553
2011-01-06,58.4096
2011-01-07,58.7212
2011-01-10,59.0391
2011-01-11,58.7084
2011-01-12,58.2506
2011-01-13,58.7720
2011-01-14,58.3969
2011-01-18,58.1235
2011-01-19,58.5431
2011-01-20,57.7356
2011-01-21,58.1934
2011-01-24,58.2188
2011-01-25,58.7720
2011-01-26,57.8819
2011-01-27,58.1425
2011-01-28,58.4478
2011-01-31,58.0026
2011-02-01,57.7155
2011-02-02,57.7283
2011-02-03,57.2497
2011-02-04,56.6690
2011-02-07,56.9625
2011-02-08,56.4393
2011-02-09,56.9307
2011-02-10,56.2734
2011-02-11,57.0838
2011-02-14,57.1221
2011-02-15,57.3773
2011-02-16,57.1923
2011-02-17,57.2816
2011-02-18,57.1029
2011-02-22,57.9579
2011-02-23,58.1686
2011-02-24,58.5386
2011-02-25,58.8833
2011-02-28,58.9598
2011-03-01,59.1307
2011-03-02,58.2217
2011-03-03,57.6520
2011-03-04,58.1320
2011-03-07,57.7608
2011-03-08,57.4088
2011-03-09,57.9656
2011-03-10,58.9387
2011-03-11,58.6058
2011-03-14,58.5802
2011-03-15,59.4572
2011-03-16,60.1294
2011-03-17,59.6684
2011-03-18,59.8285
2011-03-21,59.4764
2011-03-22,59.6748
2011-03-23,59.5980
2011-03-24,59.1499
2011-03-25,59.0027
2011-03-28,59.0859
2011-03-29,58.6314
2011-03-30,59.0987
2011-03-31,58.9771
2011-04-01,59.2638
2011-04-04,59.3281
2011-04-05,59.0902
2011-04-06,58.2031
2011-04-07,58.0874
2011-04-08,57.7788
2011-04-11,57.8303
2011-04-12,58.4538
2011-04-13,58.8202
2011-04-14,58.7752
2011-04-15,59.5723
2011-04-18,59.7073
2011-04-19,59.9645
2011-04-20,59.5788
2011-04-21,59.5274
2011-04-25,59.7523
2011-04-26,60.3309
2011-04-27,59.7138
2011-04-28,60.1702
2011-04-29,60.3566
2011-05-02,60.4535
2011-05-03,60.7956
2011-05-04,61.0668
2011-05-05,61.6478
2011-05-06,61.3767
2011-05-09,61.3121
2011-05-10,60.8731
2011-05-11,61.2217
2011-05-12,60.8343
2011-05-13,61.3831
2011-05-16,61.7253
2011-05-17,62.3579
2011-05-18,61.5316
2011-05-19,61.5058
2011-05-20,61.5381
2011-05-23,61.8350
2011-05-24,62.0675
2011-05-25,61.7769
2011-05-26,62.3063
2011-05-27,62.2805
2011-05-31,62.4225
2011-06-01,63.2662
2011-06-02,62.0610
2011-06-03,62.4174
2011-06-06,61.9443
2011-06-07,62.2294
2011-06-08,62.7154
2011-06-09,62.4627
2011-06-10,62.9422
2011-06-13,62.6247
2011-06-14,61.6786
2011-06-15,62.7996
2011-06-16,63.0847
2011-06-17,62.7867
2011-06-20,62.8644
2011-06-21,62.5858
2011-06-22,62.6247
2011-06-23,63.1042
2011-06-24,62.8385
2011-06-27,61.9767
2011-06-28,61.4778
2011-06-29,61.0696
2011-06-30,60.9724
2011-07-01,60.8749
2011-07-05,61.0114
2011-07-06,61.3235
2011-07-07,61.1415
2011-07-08,62.0062
2011-07-11,62.9359
2011-07-12,63.1504
2011-07-13,63.3260
2011-07-14,62.4223
2011-07-15,62.5263
2011-07-18,61.9216
2011-07-19,63.2090
2011-07-20,62.4613
2011-07-21,61.9802
2011-07-22,62.4483
2011-07-25,61.7656
2011-07-26,62.1882
2011-07-27,62.1947
2011-07-28,62.4287
2011-07-29,63.6641
2011-08-01,64.3066
2011-08-02,66.2375
2011-08-03,66.3680
2011-08-04,68.7294
2011-08-05,66.7463
2011-08-08,68.8534
2011-08-09,69.0621
2011-08-10,71.1170
2011-08-11,67.5291
2011-08-12,68.8664
2011-08-15,68.1684
2011-08-16,69.2970
2011-08-17,70.5102
2011-08-18,71.9584
2011-08-19,72.5390
2011-08-22,72.3564
2011-08-23,71.3583
2011-08-24,69.3295
2011-08-25,70.0798
2011-08-26,70.7712
2011-08-29,69.7928
2011-08-30,70.9148
2011-08-31,69.8188
2011-09-01,71.2989
2011-09-02,73.6150
2011-09-06,74.3806
2011-09-07,72.9608
2011-09-08,73.6150
2011-09-09,74.4002
2011-09-12,74.4788
2011-09-13,73.4187
2011-09-14,74.0404
2011-09-15,72.9084
2011-09-16,73.4384
2011-09-19,74.8385
2011-09-20,75.1526
2011-09-21,77.6390
2011-09-22,80.5572
2011-09-23,79.0588
2011-09-26,77.7895
2011-09-27,76.5986
2011-09-28,76.5725
2011-09-29,77.1025
2011-09-30,79.0392
2011-10-03,81.2143
2011-10-04,80.1845
2011-10-05,79.6072
2011-10-06,78.1378
2011-10-07,77.5607
2011-10-10,76.4652
2011-10-11,76.2093
2011-10-12,75.1008
2011-10-13,75.8485
2011-10-14,74.7466
2011-10-17,76.0388
2011-10-18,75.5665
2011-10-19,75.5403
2011-10-20,75.0024
2011-10-21,74.2087
2011-10-24,74.3333
2011-10-25,76.2225
2011-10-26,74.8909
2011-10-27,72.3523
2011-10-28,73.1132
2011-10-31,76.0126
2011-11-01,78.5570
2011-11-02,77.5771
2011-11-03,76.5117
2011-11-04,76.6038
2011-11-07,77.0905
2011-11-08,76.1040
2011-11-09,77.6824
2011-11-10,76.5249
2011-11-11,76.0579
2011-11-14,77.2812
2011-11-15,77.1760
2011-11-16,77.8797
2011-11-17,78.5045
2011-11-18,78.4847
2011-11-21,78.9517
2011-11-22,79.8329
2011-11-23,80.6155
2011-11-25,79.4449
2011-11-28,79.4054
2011-11-29,78.7543
2011-11-30,77.5246
2011-12-01,77.1356
2011-12-02,78.2168
2011-12-05,78.0585
2011-12-06,77.3136
2011-12-07,77.5904
2011-12-08,78.5596
2011-12-09,76.9444
2011-12-12,77.8015
2011-12-13,78.5266
2011-12-14,80.0100
2011-12-15,79.7133
2011-12-16,80.6429
2011-12-19,81.6648
2011-12-20,79.6276
2011-12-21,78.5200
2011-12-22,78.8497
2011-12-23,77.9728
2011-12-27,78.3433
2011-12-28,79.7917
2011-12-29,79.9372
2011-12-30,80.1952
2012-01-03,78.9914
2012-01-04,78.0522
2012-01-05,77.9133
2012-01-06,78.5284
2012-01-09,78.3895
2012-01-10,78.2573
2012-01-11,79.2758
2012-01-12,79.1634
2012-01-13,79.9504
2012-01-17,80.3208
2012-01-18,79.3486
2012-01-19,78.2573
2012-01-20,77.3709
2012-01-23,76.8815
2012-01-24,77.0204
2012-01-25,76.8352
2012-01-26,77.8538
2012-01-27,78.0985
2012-01-30,79.0179
2012-01-31,79.9306
2012-02-01,79.0150
2012-02-02,78.9818
2012-02-03,77.2846
2012-02-06,78.0537
2012-02-07,77.0857
2012-02-08,77.1454
2012-02-09,76.5686
2012-02-10,77.5630
2012-02-13,77.6625
2012-02-14,78.0736
2012-02-15,77.9344
2012-02-16,77.3111
2012-02-17,77.2912
2012-02-21,76.4360
2012-02-22,77.3973
2012-02-23,77.3973
2012-02-24,77.9012
2012-02-27,78.5907
2012-02-28,78.3321
2012-02-29,77.8548
2012-03-01,77.1218
2012-03-02,77.8461
2012-03-05,77.2281
2012-03-06,78.1651
2012-03-07,77.6867
2012-03-08,76.9092
2012-03-09,77.0620
2012-03-12,77.0487
2012-03-13,75.6932
2012-03-14,73.7860
2012-03-15,73.8990
2012-03-16,74.0452
2012-03-19,73.1614
2012-03-20,73.4538
2012-03-21,74.2844
2012-03-22,74.5237
2012-03-23,75.2280
2012-03-26,74.8426
2012-03-27,75.3809
2012-03-28,75.2745
2012-03-29,75.8393
2012-03-30,74.5569
2012-04-02,74.9699
2012-04-03,73.6708
2012-04-04,74.6835
2012-04-05,75.2231
2012-04-09,76.9819
2012-04-10,77.8546
2012-04-11,76.9220
2012-04-12,76.6022
2012-04-13,77.8414
2012-04-16,77.7281
2012-04-17,77.6815
2012-04-18,77.9080
2012-04-19,77.9813
2012-04-20,77.9945
2012-04-23,78.5608
2012-04-24,78.0079
2012-04-25,77.6082
2012-04-26,78.0745
2012-04-27,78.1411
2012-04-30,78.1611
2012-05-01,77.7557
2012-05-02,78.3034
2012-05-03,78.2833
2012-05-04,78.8977
2012-05-07,78.9111
2012-05-08,79.3318
2012-05-09,79.3853
2012-05-10,79.1516
2012-05-11,79.8060
2012-05-14,80.9213
2012-05-15,81.2486
2012-05-16,81.4822
2012-05-17,82.9248
2012-05-18,82.9448
2012-05-21,82.7711
2012-05-22,81.8496
2012-05-23,82.4172
2012-05-24,82.1033
2012-05-25,82.4105
2012-05-29,82.1568
2012-05-30,84.2404
2012-05-31,85.2154
2012-06-01,87.2385
2012-06-04,86.5492
2012-06-05,85.3914
2012-06-06,83.6850
2012-06-07,83.8121
2012-06-08,83.7920
2012-06-11,84.1734
2012-06-12,83.4039
2012-06-13,84.2270
2012-06-14,84.1200
2012-06-15,84.5884
2012-06-18,85.0435
2012-06-19,83.9326
2012-06-20,84.3474
2012-06-21,84.7958
2012-06-22,83.6649
2012-06-25,84.8829
2012-06-26,84.5482
2012-06-27,84.6821
2012-06-28,84.8895
2012-06-29,83.7853
2012-07-02,84.6498
2012-07-03,83.9992
2012-07-05,84.4285
2012-07-06,85.2132
2012-07-09,85.9643
2012-07-10,86.1387
2012-07-11,86.2460
2012-07-12,86.8562
2012-07-13,86.6282
2012-07-16,87.0306
2012-07-17,86.3465
2012-07-18,86.3935
2012-07-19,86.1722
2012-07-20,87.2251
2012-07-23,87.7147
2012-07-24,88.4055
2012-07-25,88.6335
2012-07-26,87.8220
2012-07-27,86.1655
2012-07-30,86.8093
2012-07-31,86.9837
2012-08-01,86.5488
2012-08-02,87.0394
2012-08-03,85.6348
2012-08-06,85.6684
2012-08-07,84.5662
2012-08-08,84.1160
2012-08-09,84.0555
2012-08-10,84.4789
2012-08-13,84.3377
2012-08-14,83.1952
2012-08-15,82.0258
2012-08-16,81.3269
2012-08-17,81.7234
2012-08-20,81.8914
2012-08-21,82.2544
2012-08-22,83.6119
2012-08-23,83.9614
2012-08-24,83.8808
2012-08-27,84.3714
2012-08-28,84.5730
2012-08-29,84.2033
2012-08-30,84.6402
2012-08-31,85.8364
2012-09-04,85.7503
2012-09-05,85.3461
2012-09-06,83.9250
2012-09-07,83.5344
2012-09-10,83.7365
2012-09-11,83.2112
2012-09-12,82.1740
2012-09-13,81.8507
2012-09-14,79.6753
2012-09-17,80.6316
2012-09-18,81.0357
2012-09-19,81.5678
2012-09-20,81.7699
2012-09-21,81.8641
2012-09-24,82.5040
2012-09-25,83.3189
2012-09-26,84.2147
2012-09-27,83.6152
2012-09-28,83.6624
2012-10-01,83.9728
2012-10-02,83.8581
2012-10-03,83.8851
2012-10-04,82.8390
2012-10-05,81.7659
2012-10-08,82.4543
2012-10-09,82.3058
2012-10-10,82.8862
2012-10-11,83.4599
2012-10-12,83.6692
2012-10-15,83.4802
2012-10-16,82.3260
2012-10-17,81.5634
2012-10-18,81.0640
2012-10-19,82.1641
2012-10-22,81.6376
2012-10-23,82.8052
2012-10-24,81.9886
2012-10-25,81.5702
2012-10-26,82.7715
2012-10-31,83.2575
2012-11-01,82.5757
2012-11-02,82.5151
2012-11-05,82.9807
2012-11-06,82.1978
2012-11-07,83.6894
2012-11-08,84.9313
2012-11-09,85.0257
2012-11-12,85.1674
2012-11-13,85.4509
2012-11-14,85.5319
2012-11-15,85.3632
2012-11-16,85.2890
2012-11-19,84.8098
2012-11-20,83.9593
2012-11-21,83.9122
2012-11-23,83.8311
2012-11-26,84.2293
2012-11-27,84.5600
2012-11-28,84.4386
2012-11-29,84.4520
2012-11-30,84.2225
2012-12-03,84.3004
2012-12-04,84.7873
2012-12-05,84.7467
2012-12-06,84.9293
2012-12-07,84.1448
2012-12-10,84.5167
2012-12-11,83.8743
2012-12-12,82.9006
2012-12-13,82.9614
2012-12-14,83.5835
2012-12-17,82.3325
2012-12-18,81.4939
2012-12-19,81.7645
2012-12-20,81.7780
2012-12-21,82.6706
2012-12-24,82.5218
2012-12-26,82.8187
2012-12-27,83.0965
2012-12-28,83.5709
2012-12-31,82.1274
2013-01-02,81.0294
2013-01-03,79.9316
2013-01-04,80.2433
2013-01-07,80.2772
2013-01-08,80.8058
2013-01-09,80.7313
2013-01-10,80.5077
2013-01-11,81.2260
2013-01-14,81.0024
2013-01-15,81.3751
2013-01-16,81.5446
2013-01-17,80.7313
2013-01-18,81.3548
2013-01-22,81.5106
2013-01-23,81.3887
2013-01-24,81.1040
2013-01-25,79.9926
2013-01-28,79.7011
2013-01-29,79.2606
2013-01-30,79.1251
2013-01-31,79.5114
2013-02-01,78.4789
2013-02-04,79.4842
2013-02-05,78.7778
2013-02-06,79.4231
2013-02-07,79.2465
2013-02-08,79.5521
2013-02-11,79.4910
2013-02-12,79.2940
2013-02-13,78.6487
2013-02-14,79.3619
2013-02-15,79.1310
2013-02-19,78.7371
2013-02-20,78.9747
2013-02-21,79.4366
2013-02-22,79.4910
2013-02-25,81.0532
2013-02-26,80.5845
2013-02-27,80.3468
2013-02-28,80.4963
2013-03-01,80.9346
2013-03-04,80.5058
2013-03-05,80.2744
2013-03-06,79.5460
2013-03-07,78.9334
2013-03-08,78.1097
2013-03-11,78.1846
2013-03-12,78.7496
2013-03-13,78.6680
2013-03-14,78.4297
2013-03-15,78.7973
2013-03-18,79.3963
2013-03-19,79.9340
2013-03-20,79.0422
2013-03-21,79.8046
2013-03-22,79.8659
2013-03-25,79.7911
2013-03-26,79.8863
2013-03-27,80.5670
2013-03-28,80.1586
2013-04-01,80.7623
2013-04-02,80.4349
2013-04-03,81.1580
2013-04-04,82.1267
2013-04-05,83.7843
2013-04-08,83.1431
2013-04-09,82.9385
2013-04-10,81.7992
2013-04-11,81.9562
2013-04-12,83.1772
2013-04-15,83.9003
2013-04-16,83.2113
2013-04-17,83.7639
2013-04-18,83.9686
2013-04-19,83.7912
2013-04-22,83.8526
2013-04-23,83.5592
2013-04-24,83.7708
2013-04-25,83.4092
2013-04-26,84.1732
2013-04-29,83.8663
2013-04-30,83.9140
2013-05-01,84.7760
2013-05-02,84.6666
2013-05-03,82.6705
2013-05-06,82.4654
2013-05-07,82.1441
2013-05-08,82.2740
2013-05-09,82.0620
2013-05-10,81.1801
2013-05-13,80.5580
2013-05-14,79.6831
2013-05-15,80.2162
2013-05-16,81.0503
2013-05-17,80.0248
2013-05-20,79.9292
2013-05-21,80.5580
2013-05-22,79.3618
2013-05-23,79.7378
2013-05-24,79.8471
2013-05-28,77.8236
2013-05-29,78.6986
2013-05-30,78.5072
2013-05-31,78.2406
2013-06-03,78.6552
2013-06-04,77.9289
2013-06-05,79.0046
2013-06-06,78.9567
2013-06-07,77.5451
2013-06-10,77.1750
2013-06-11,78.0933
2013-06-12,76.9762
2013-06-13,78.1823
2013-06-14,77.9973
2013-06-17,77.5862
2013-06-18,77.6273
2013-06-19,76.8255
2013-06-20,75.5646
2013-06-21,74.2832
2013-06-24,74.5916
2013-06-25,73.9268
2013-06-26,74.4065
2013-06-27,75.1671
2013-06-28,75.6811
2013-07-01,75.8336
2013-07-02,75.7855
2013-07-03,75.5588
2013-07-05,72.9832
2013-07-08,73.6907
2013-07-09,73.7662
2013-07-10,73.1893
2013-07-11,74.0478
2013-07-12,73.9860
2013-07-15,74.3775
2013-07-16,74.6317
2013-07-17,74.7690
2013-07-18,73.8349
2013-07-19,75.0025
2013-07-22,75.1124
2013-07-23,74.7964
2013-07-24,73.8486
2013-07-25,73.8211
2013-07-26,74.2745
2013-07-29,73.7319
2013-07-30,73.7044
2013-07-31,73.9723
2013-08-01,72.5469
2013-08-02,73.3457
2013-08-05,72.7811
2013-08-06,72.9945
2013-08-07,73.5385
2013-08-08,73.7382
2013-08-09,73.8552
2013-08-12,73.3526
2013-08-13,72.2922
2013-08-14,72.4023
2013-08-15,71.4246
2013-08-16,71.1767
2013-08-19,70.5570
2013-08-20,71.1010
2013-08-21,70.3229
2013-08-22,71.0390
2013-08-23,71.8102
2013-08-26,72.1682
2013-08-27,73.0771
2013-08-28,72.4850
2013-08-29,73.0634
2013-08-30,72.9808
2013-09-03,71.9514
2013-09-04,71.7926
2013-09-05,70.7916
2013-09-06,71.1436
2013-09-09,71.1782
2013-09-10,70.6811
2013-09-11,71.3093
2013-09-12,71.2127
2013-09-13,71.4888
2013-09-16,71.0125
2013-09-17,71.5993
2013-09-18,72.4830
2013-09-19,72.0550
2013-09-20,72.4346
2013-09-23,72.9662
2013-09-24,73.7533
2013-09-25,73.9052
2013-09-26,73.3874
2013-09-27,73.5669
2013-09-30,73.4564
2013-10-01,73.2335
2013-10-02,73.3443
2013-10-03,73.2266
2013-10-04,73.1712
2013-10-07,73.4689
2013-10-08,73.4896
2013-10-09,72.9013
2013-10-10,73.0189
2013-10-11,72.9982
2013-10-14,72.4098
2013-10-15,72.3614
2013-10-16,73.2681
2013-10-17,73.9326
2013-10-18,74.0919
2013-10-21,73.8565
2013-10-22,74.6802
2013-10-23,74.9709
2013-10-24,74.6802
2013-10-25,74.9571
2013-10-28,74.7009
2013-10-29,74.7979
2013-10-30,74.3479
2013-10-31,74.5071
2013-11-01,73.7007
2013-11-04,73.7701
2013-11-05,72.8886
2013-11-06,72.9234
2013-11-07,73.5410
2013-11-08,71.7712
2013-11-11,71.5005
2013-11-12,71.8337
2013-11-13,72.0974
2013-11-14,72.5416
2013-11-15,72.6874
2013-11-18,73.1246
2013-11-19,72.5694
2013-11-20,71.3340
2013-11-21,71.4520
2013-11-22,72.1183
2013-11-25,72.3265
2013-11-26,72.5971
2013-11-27,72.4722
2013-11-29,72.4930
2013-12-02,71.9292
2013-12-03,72.1937
2013-12-04,71.5045
2013-12-05,71.3027
2013-12-06,71.6438
2013-12-09,71.8108
2013-12-10,72.3259
2013-12-11,71.7691
2013-12-12,71.4976
2013-12-13,71.8457
2013-12-16,71.5812
2013-12-17,71.9014
2013-12-18,71.5394
2013-12-19,71.4697
2013-12-20,72.5696
2013-12-23,72.1589
2013-12-24,71.5812
2013-12-26,71.3053
2013-12-27,71.1028
2013-12-30,71.5916
2013-12-31,71.1377
2014-01-02,71.3541
2014-01-03,71.3541
2014-01-06,71.6544
2014-01-07,71.8360
2014-01-08,71.6405
2014-01-09,72.0596
2014-01-10,72.9185
2014-01-13,73.2817
2014-01-14,72.9465
2014-01-15,72.8697
2014-01-16,73.3585
2014-01-17,73.6658
2014-01-21,73.7216
2014-01-22,73.5401
2014-01-23,74.5807
2014-01-24,75.0626
2014-01-27,74.5388
2014-01-28,74.7204
2014-01-29,75.3350
2014-01-30,75.1185
2014-01-31,75.6213
2014-02-03,76.5427
2014-02-04,75.7305
2014-02-05,75.0304
2014-02-06,74.7083
2014-02-07,74.7713
2014-02-10,74.9813
2014-02-11,74.5473
2014-02-12,74.1621
2014-02-13,74.5822
2014-02-14,74.6243
2014-02-18,74.7923
2014-02-19,74.4772
2014-02-20,74.2952
2014-02-21,74.6872
2014-02-24,74.4982
2014-02-25,75.1634
2014-02-26,75.5624
2014-02-27,75.9756
2014-02-28,76.0176
2014-03-03,76.5250
2014-03-04,75.3740
2014-03-05,75.5354
2014-03-06,74.7914
2014-03-07,74.3212
2014-03-10,74.4265
2014-03-11,74.6230
2014-03-12,75.1424
2014-03-13,76.1531
2014-03-14,76.1671
2014-03-17,75.5986
2014-03-18,75.8723
2014-03-19,75.2827
2014-03-20,75.1494
2014-03-21,75.9636
2014-03-24,76.5040
2014-03-25,76.2162
2014-03-26,76.8128
2014-03-27,77.1988
2014-03-28,76.7637
2014-03-31,76.5742
2014-04-01,75.9198
2014-04-02,75.4835
2014-04-03,75.8142
2014-04-04,76.3208
2014-04-07,76.7782
2014-04-08,76.9612
2014-04-09,76.5812
2014-04-10,77.2919
2014-04-11,77.9182
2014-04-14,77.7141
2014-04-15,78.1997
2014-04-16,78.2982
2014-04-17,77.4397
2014-04-21,77.3764
2014-04-22,77.6367
2014-04-23,78.0801
2014-04-24,78.2278
2014-04-25,78.3404
2014-04-28,77.9604
2014-04-29,77.8549
2014-04-30,78.1786
2014-05-01,79.0173
2014-05-02,79.5040
2014-05-05,79.0243
2014-05-06,79.3418
2014-05-07,79.0596
2014-05-08,78.7210
2014-05-09,78.4670
2014-05-12,78.1496
2014-05-13,78.8269
2014-05-14,79.6803
2014-05-15,80.3152
2014-05-16,80.0894
2014-05-19,79.4969
2014-05-20,79.6733
2014-05-21,79.1865
2014-05-22,79.0737
2014-05-23,79.4969
2014-05-27,79.9625
2014-05-28,80.9500
2014-05-29,80.5197
2014-05-30,80.4844
2014-06-02,79.8862
2014-06-03,78.9032
2014-06-04,78.8819
2014-06-05,78.9173
2014-06-06,78.9173
2014-06-09,78.8041
2014-06-10,78.5142
2014-06-11,78.6557
2014-06-12,79.3558
2014-06-13,79.3133
2014-06-16,79.5114
2014-06-17,78.8819
2014-06-18,79.4901
2014-06-19,78.4717
2014-06-20,79.0658
2014-06-23,78.8183
2014-06-24,79.6174
2014-06-25,79.8225
2014-06-26,80.2044
2014-06-27,80.0842
2014-06-30,80.2822
2014-07-01,79.6100
2014-07-02,78.7592
2014-07-03,78.4756
2014-07-07,79.0499
2014-07-08,79.9362
2014-07-09,80.0000
2014-07-10,80.0213
2014-07-11,80.5318
2014-07-14,80.1844
2014-07-15,80.0213
2014-07-16,80.4467
2014-07-17,81.4606
2014-07-18,81.1983
2014-07-21,81.6024
2014-07-22,81.7726
2014-07-23,81.6663
2014-07-24,81.0565
2014-07-25,82.0137
2014-07-28,81.9002
2014-07-29,82.1980
2014-07-30,81.0565
2014-07-31,80.8154
2014-08-01,81.4410
2014-08-04,81.2277
2014-08-05,81.4907
2014-08-06,81.5405
2014-08-07,82.3012
2014-08-08,82.1235
2014-08-11,82.1164
2014-08-12,81.5831
2014-08-13,82.1164
2014-08-14,82.7775
2014-08-15,83.6803
2014-08-18,82.8486
2014-08-19,82.5926
2014-08-20,82.4576
2014-08-21,82.9197
2014-08-22,83.3817
2014-08-25,83.6946
2014-08-26,83.4244
2014-08-27,84.1353
2014-08-28,84.5761
2014-08-29,84.6329
2014-09-02,83.1730
2014-09-03,83.6361
2014-09-04,82.6172
2014-09-05,82.4605
2014-09-08,82.4961
2014-09-09,82.4320
2014-09-10,81.9118
2014-09-11,81.6411
2014-09-12,80.7860
2014-09-15,80.9072
2014-09-16,80.5794
2014-09-17,80.3727
2014-09-18,80.6293
2014-09-19,81.6553
2014-09-22,81.7551
2014-09-23,82.2609
2014-09-24,81.8049
2014-09-25,82.7739
2014-09-26,82.6528
2014-09-29,83.3155
2014-09-30,82.8453
2014-10-01,84.4517
2014-10-02,83.7160
2014-10-03,84.0731
2014-10-06,84.1231
2014-10-07,85.2589
2014-10-08,85.2802
2014-10-09,84.9089
2014-10-10,85.7517
2014-10-13,86.2731
2014-10-14,86.8374
2014-10-15,87.5232
2014-10-16,86.9660
2014-10-17,86.4803
2014-10-20,86.7946
2014-10-21,86.1017
2014-10-22,86.1946
2014-10-23,85.4303
2014-10-24,85.5160
2014-10-27,85.6731
2014-10-28,85.1374
2014-10-29,85.3303
2014-10-30,85.4017
2014-10-31,85.1803
2014-11-03,85.1802
2014-11-04,85.4452
2014-11-05,85.3235
2014-11-06,84.7721
2014-11-07,85.7459
2014-11-10,84.9583
2014-11-11,85.0156
2014-11-12,84.9440
2014-11-13,85.1445
2014-11-14,85.5598
2014-11-17,85.3449
2014-11-18,85.5812
2014-11-19,85.0371
2014-11-20,85.4810
2014-11-21,85.9966
2014-11-24,86.0682
2014-11-25,86.7842
2014-11-26,87.0205
2014-11-28,87.7079
2014-12-01,87.1962
2014-12-02,86.3493
2014-12-03,86.6867
2014-12-04,87.4115
2014-12-05,86.9019
2014-12-08,87.9641
2014-12-09,88.4162
2014-12-10,89.0621
2014-12-11,89.4281
2014-12-12,90.6410
2014-12-15,90.4544
2014-12-16,91.5740
2014-12-17,90.7486
2014-12-18,89.1339
2014-12-19,90.3324
2014-12-22,90.4544
2014-12-23,88.6602
2014-12-24,89.1428
2014-12-26,89.4736
2014-12-29,90.1425
2014-12-30,90.3870
2014-12-31,90.5596
2015-01-02,91.5664
2015-01-05,93.0048
2015-01-06,94.6805
2015-01-07,94.4935
2015-01-08,93.2421
2015-01-09,94.2634
2015-01-12,94.8028
2015-01-13,94.8028
2015-01-14,95.5220
2015-01-15,97.0250
2015-01-16,95.7880
2015-01-20,97.0610
2015-01-21,95.9391
2015-01-22,95.5939
2015-01-23,96.9244
2015-01-26,96.6295
2015-01-27,96.7805
2015-01-28,98.3628
2015-01-29,97.7154
2015-01-30,99.4487
2015-02-02,99.0732
2015-02-03,96.9762
2015-02-04,97.1419
2015-02-05,96.0754
2015-02-06,94.3747
2015-02-09,94.2234
2015-02-10,93.4739
2015-02-11,93.6468
2015-02-12,93.3370
2015-02-13,92.3785
2015-02-17,90.9877
2015-02-18,91.5282
2015-02-19,90.9229
2015-02-20,91.1895
2015-02-23,92.2344
2015-02-24,93.4450
2015-02-25,93.8486
2015-02-26,92.5659
2015-02-27,93.3442
2015-03-02,91.6055
2015-03-03,91.2734
2015-03-04,91.3022
2015-03-05,91.1867
2015-03-06,89.1722
2015-03-09,89.9954
2015-03-10,91.1795
2015-03-11,91.8438
2015-03-12,91.7788
2015-03-13,91.4972
2015-03-16,92.3781
2015-03-17,93.1435
2015-03-18,94.9413
2015-03-19,94.4576
2015-03-20,94.9557
2015-03-23,94.8403
2015-03-24,95.7572
2015-03-25,94.9486
2015-03-26,93.4684
2015-03-27,94.6308
2015-03-30,94.1615
2015-03-31,94.3637
2015-04-01,95.6032
2015-04-02,94.5901
2015-04-06,94.0620
2015-04-07,94.8507
2015-04-08,94.8796
2015-04-09,93.6495
2015-04-10,93.7870
2015-04-13,93.9173
2015-04-14,94.5829
2015-04-15,94.5033
2015-04-16,94.0330
2015-04-17,95.1110
2015-04-20,94.2718
2015-04-21,93.8449
2015-04-22,92.4123
2015-04-23,92.8102
2015-04-24,93.3891
2015-04-27,93.3891
2015-04-28,92.1011
2015-04-29,90.9724
2015-04-30,91.1316
2015-05-01,89.9048
2015-05-04,89.0565
2015-05-05,88.9333
2015-05-06,87.4107
2015-05-07,88.5853
2015-05-08,88.8245
2015-05-11,86.6639
2015-05-12,86.8887
2015-05-13,86.1926
2015-05-14,86.4247
2015-05-15,88.1575
2015-05-18,86.6784
2015-05-19,85.9099
2015-05-20,86.0549
2015-05-21,87.2584
2015-05-22,87.2947
2015-05-26,88.7883
2015-05-27,88.9913
2015-05-28,88.7737
2015-05-29,88.9695
2015-06-01,88.0133
2015-06-02,86.7854
2015-06-03,85.3903
2015-06-04,86.5020
2015-06-05,85.4484
2015-06-08,85.3540
2015-06-09,84.6782
2015-06-10,83.9371
2015-06-11,85.7027
2015-06-12,85.7027
2015-06-15,85.8408
2015-06-16,86.5165
2015-06-17,85.8480
2015-06-18,85.4266
2015-06-19,86.5238
2015-06-22,84.7581
2015-06-23,84.2495
2015-06-24,84.9761
2015-06-25,84.6782
2015-06-26,83.7264
2015-06-29,85.9425
2015-06-30,85.3467
2015-07-01,84.1947
2015-07-02,84.4714
2015-07-06,86.0370
2015-07-07,86.8453
2015-07-08,87.5954
2015-07-09,85.8695
2015-07-10,84.5078
2015-07-13,84.2456
2015-07-14,84.5223
2015-07-15,85.4181
2015-07-16,86.0079
2015-07-17,86.4521
2015-07-20,86.0880
2015-07-21,86.5541
2015-07-22,87.0929
2015-07-23,88.1779
2015-07-24,88.3964
2015-07-27,88.8697
2015-07-28,88.2216
2015-07-29,87.8940
2015-07-30,88.5712
2015-07-31,89.2266
2015-08-03,90.1658
2015-08-04,89.4506
2015-08-05,88.7792
2015-08-06,89.5674
2015-08-07,90.7423
2015-08-10,89.6185
2015-08-11,91.0416
2015-08-12,90.5452
2015-08-13,90.2534
2015-08-14,90.4650
2015-08-17,90.8737
2015-08-18,90.1585
2015-08-19,91.0489
2015-08-20,91.9684
2015-08-21,92.2457
2015-08-24,92.2165
2015-08-25,90.7350
2015-08-26,88.9835
2015-08-27,89.0346
2015-08-28,89.2973
2015-08-31,88.6113
2015-09-01,89.2498
2015-09-02,88.4818
2015-09-03,88.9133
2015-09-04,89.7252
2015-09-08,88.4014
2015-09-09,88.8256
2015-09-10,88.2259
2015-09-11,88.7817
2015-09-14,88.9207
2015-09-15,87.2166
2015-09-16,86.8875
2015-09-17,87.9480
2015-09-18,89.3010
2015-09-21,87.8456
2015-09-22,89.0670
2015-09-23,89.0596
2015-09-24,89.6667
2015-09-25,88.8914
2015-09-28,90.4127
2015-09-29,90.6687
2015-09-30,90.3542
2015-10-01,90.7397
2015-10-02,91.2894
2015-10-05,90.0508
2015-10-06,90.4392
2015-10-07,90.1387
2015-10-08,89.3838
2015-10-09,89.6184
2015-10-12,90.3000
2015-10-13,90.4539
2015-10-14,91.2454
2015-10-15,90.7983
2015-10-16,90.8276
2015-10-19,90.5784
2015-10-20,90.0214
2015-10-21,90.9156
2015-10-22,91.0695
2015-10-23,90.2926
2015-10-26,90.8936
2015-10-27,91.1208
2015-10-28,90.7543
2015-10-29,89.3106
2015-10-30,89.9848
2015-11-02,89.5713
2015-11-03,88.8368
2015-11-04,88.9396
2015-11-05,88.7046
2015-11-06,87.4045
2015-11-09,86.9125
2015-11-10,87.1695
2015-11-11,86.9859
2015-11-12,87.4045
2015-11-13,87.9040
2015-11-16,87.8232
2015-11-17,87.9701
2015-11-18,88.1537
2015-11-19,88.7413
2015-11-20,88.4695
2015-11-23,88.7413
2015-11-24,88.7340
2015-11-25,88.9396
2015-11-27,88.8515
2015-11-30,89.2041
2015-12-01,90.4090
2015-12-02,90.4384
2015-12-03,87.9800
2015-12-04,88.7528
2015-12-07,89.6141
2015-12-08,89.6582
2015-12-09,89.5625
2015-12-10,89.6803
2015-12-11,91.0935
2015-12-14,89.9158
2015-12-15,89.3859
2015-12-16,89.1945
2015-12-17,90.2029
2015-12-18,90.7034
2015-12-21,90.6813
2015-12-22,90.0262
2015-12-23,89.3490
2015-12-24,89.8609
2015-12-28,90.1265
2015-12-29,88.6292
2015-12-30,88.5407
2015-12-31,88.9390
2016-01-04,89.5807
2016-01-05,89.2192
2016-01-06,90.4215
2016-01-07,90.5838
2016-01-08,90.9895
2016-01-11,89.9937
2016-01-12,91.2919
2016-01-13,92.1917
2016-01-14,91.3288
2016-01-15,92.7524
2016-01-19,92.4646
2016-01-20,93.4383
2016-01-21,92.8039
2016-01-22,92.4499
2016-01-25,92.9514
2016-01-26,92.9957
2016-01-27,92.9736
2016-01-28,93.1063
2016-01-29,93.8956
2016-02-01,93.6081
2016-02-02,95.3448
2016-02-03,94.5540
2016-02-04,95.0122
2016-02-05,95.1231
2016-02-08,97.1701
2016-02-09,97.2735
2016-02-10,98.1307
2016-02-11,98.8180
2016-02-12,97.1774
2016-02-16,96.1503
2016-02-17,95.5591
2016-02-18,96.7341
2016-02-19,96.8153
2016-02-22,96.7636
2016-02-23,97.1553
2016-02-24,96.9632
2016-02-25,97.3105
2016-02-26,96.3719
2016-02-29,96.7931
2016-03-01,95.0888
2016-03-02,95.4812
2016-03-03,95.8292
2016-03-04,95.2146
2016-03-07,95.1850
2016-03-08,96.2364
2016-03-09,95.6515
2016-03-10,95.2591
2016-03-11,94.2965
2016-03-14,94.5927
2016-03-15,94.6816
2016-03-16,94.9629
2016-03-17,95.3553
2016-03-18,95.5552
2016-03-21,94.8223
2016-03-22,94.8000
2016-03-23,95.8736
2016-03-24,95.9106
2016-03-28,96.0365
2016-03-29,97.0434
2016-03-30,96.0217
2016-03-31,96.7028
2016-04-01,96.9551
2016-04-04,97.0145
2016-04-05,98.0754
2016-04-06,97.3632
2016-04-07,98.5651
2016-04-08,97.9419
2016-04-11,97.8158
2016-04-12,97.1406
2016-04-13,97.4818
2016-04-14,97.0145
2016-04-15,97.8454
2016-04-18,97.4225
2016-04-19,97.1183
2016-04-20,96.0500
2016-04-21,95.4787
2016-04-22,95.2338
2016-04-25,94.8406
2016-04-26,94.4103
2016-04-27,95.3525
2016-04-28,95.7457
2016-04-29,95.9906
2016-05-02,95.0241
2016-05-03,96.2210
2016-05-04,96.7489
2016-05-05,97.3956
2016-05-06,96.9793
2016-05-09,97.2842
2016-05-10,97.2915
2016-05-11,97.8417
2016-05-12,97.3956
2016-05-13,98.3398
2016-05-16,97.4923
2016-05-17,97.6558
2016-05-18,96.2657
2016-05-19,96.6819
2016-05-20,96.7563
2016-05-23,96.9719
2016-05-24,96.5407
2016-05-25,96.1765
2016-05-26,96.6746
2016-05-27,96.5333
2016-05-31,96.7638
2016-06-01,97.1563
2016-06-02,97.8566
2016-06-03,99.2496
2016-06-06,98.5121
2016-06-07,98.7505
2016-06-08,99.2795
2016-06-09,99.9201
2016-06-10,100.4043
2016-06-13,100.8513
2016-06-14,100.7768
2016-06-15,101.1641
2016-06-16,101.6559
2016-06-17,101.0226
2016-06-20,99.9425
2016-06-21,99.4806
2016-06-22,99.6444
2016-06-23,98.5047
2016-06-24,101.1493
2016-06-27,103.6746
2016-06-28,103.8907
2016-06-29,103.0936
2016-06-30,103.4735
2016-07-01,104.9101
2016-07-05,106.2237
2016-07-06,106.3953
2016-07-07,106.3879
2016-07-08,107.1716
2016-07-11,106.2312
2016-07-12,104.4848
2016-07-13,105.7162
2016-07-14,104.1788
2016-07-15,103.2832
2016-07-18,103.1862
2016-07-19,103.7683
2016-07-20,103.2011
2016-07-21,103.4100
2016-07-22,103.5891
2016-07-25,103.5145
2016-07-26,103.6787
2016-07-27,104.9699
2016-07-28,104.7758
2016-07-29,105.6490
2016-08-01,104.5036
2016-08-02,103.4269
2016-08-03,103.4868
2016-08-04,104.2643
2016-08-05,103.1802
2016-08-08,103.3746
2016-08-09,104.3914
2016-08-10,104.7952
2016-08-11,103.8605
2016-08-12,104.7354
2016-08-15,103.7484
2016-08-16,103.4718
2016-08-17,104.0924
2016-08-18,104.2568
2016-08-19,103.7110
2016-08-22,104.5858
2016-08-23,104.6980
2016-08-24,104.4512
2016-08-25,104.0549
2016-08-26,103.4493
2016-08-29,104.8325
2016-08-30,104.4288
2016-08-31,104.5783
2016-09-01,104.6937
2016-09-02,103.8398
2016-09-06,104.5963
2016-09-07,104.5214
2016-09-08,103.2106
2016-09-09,101.5103
2016-09-12,101.5627
2016-09-13,100.4092
2016-09-14,100.5590
2016-09-15,100.1245
2016-09-16,100.9335
2016-09-19,100.6039
2016-09-20,100.9559
2016-09-21,101.7724
2016-09-22,102.5814
2016-09-23,102.4841
2016-09-26,103.1357
2016-09-27,103.8922
2016-09-28,103.6675
2016-09-29,103.9297
2016-09-30,103.0008
2016-10-03,102.6609
2016-10-04,101.4603
2016-10-05,100.9876
2016-10-06,100.4247
2016-10-07,100.4923
2016-10-10,99.8995
2016-10-11,99.6744
2016-10-12,99.7719
2016-10-13,100.1471
2016-10-14,98.7439
2016-10-17,99.3742
2016-10-18,99.6969
2016-10-19,99.7795
2016-10-20,99.8845
2016-10-21,100.0345
2016-10-24,99.5993
2016-10-25,99.8620
2016-10-26,99.1866
2016-10-27,98.1061
2016-10-28,97.8884
2016-10-31,98.4888
2016-11-01,98.4962
2016-11-02,98.9248
2016-11-03,98.1655
2016-11-04,99.0452
2016-11-07,98.2031
2016-11-08,97.8046
2016-11-09,93.6545
2016-11-10,92.2712
2016-11-11,91.7524
2016-11-14,91.2036
2016-11-15,91.6547
2016-11-16,92.4817
2016-11-17,91.1209
2016-11-18,90.8577
2016-11-21,91.0833
2016-11-22,91.0533
2016-11-23,90.6999
2016-11-25,90.8352
2016-11-28,91.5043
2016-11-29,91.8878
2016-11-30,90.3991
2016-12-01,89.4447
2016-12-02,90.1001
2016-12-05,90.0022
2016-12-06,89.9343
2016-12-07,90.7027
2016-12-08,89.6330
2016-12-09,88.5181
2016-12-12,88.6838
2016-12-13,89.0002
2016-12-14,88.0058
2016-12-15,88.4502
2016-12-16,88.2468
2016-12-19,89.1961
2016-12-20,88.7516
2016-12-21,89.1433
2016-12-22,88.9839
2016-12-23,89.1653
2016-12-27,88.8782
2016-12-28,89.5278
2016-12-29,89.8450
2016-12-30,89.9810
2017-01-03,90.3662
2017-01-04,90.7136
2017-01-05,92.1336
2017-01-06,91.2877
2017-01-09,92.0203
2017-01-10,91.9599
2017-01-11,92.2696
2017-01-12,92.0656
2017-01-13,91.6276
2017-01-17,92.5868
2017-01-18,91.4009
2017-01-19,90.7740
2017-01-20,90.5928
2017-01-23,91.4991
2017-01-24,90.8723
2017-01-25,89.7317
2017-01-26,90.0339
2017-01-27,90.3586
2017-01-30,90.0867
2017-01-31,90.7136
2017-02-01,90.1527
2017-02-02,90.1149
2017-02-03,90.0770
2017-02-06,90.6220
2017-02-07,91.2881
2017-02-08,92.5296
2017-02-09,91.4623
2017-02-10,91.4093
2017-02-13,91.1216
2017-02-14,90.4631
2017-02-15,90.0467
2017-02-16,90.5388
2017-02-17,91.0762
2017-02-21,90.9173
2017-02-22,91.0686
2017-02-23,91.3411
2017-02-24,92.3555
2017-02-27,91.8104
2017-02-28,92.1510
2017-03-01,90.6069
2017-03-02,90.2808
2017-03-03,90.5160
2017-03-06,90.0837
2017-03-07,89.8106
2017-03-08,89.3253
2017-03-09,88.6124
2017-03-10,88.9233
2017-03-13,88.3621
2017-03-14,88.7868
2017-03-15,89.8713
2017-03-16,89.4163
2017-03-17,89.9775
2017-03-20,90.3643
2017-03-21,91.1151
2017-03-22,91.4791
2017-03-23,91.3502
2017-03-24,91.6763
2017-03-27,92.0934
2017-03-28,91.4791
2017-03-29,92.0252
2017-03-30,91.2820
2017-03-31,91.5474
2017-04-03,92.4708
2017-04-04,91.9692
2017-04-05,92.2504
2017-04-06,92.1136
2017-04-07,91.7412
2017-04-10,92.1668
2017-04-11,93.0408
2017-04-12,93.5500
2017-04-13,93.8388
2017-04-17,93.5500
2017-04-18,94.7737
2017-04-19,94.2568
2017-04-20,93.8920
2017-04-21,93.8920
2017-04-24,93.4284
2017-04-25,92.3036
2017-04-26,92.8128
2017-04-27,92.7824
2017-04-28,92.9876
2017-05-01,92.2146
2017-05-02,92.6868
2017-05-03,92.7477
2017-05-04,92.2907
2017-05-05,92.3746
2017-05-08,91.8719
2017-05-09,91.8643
2017-05-10,91.7577
2017-05-11,91.7577
2017-05-12,92.4507
2017-05-15,92.1994
2017-05-16,92.5421
2017-05-17,93.8901
2017-05-18,93.9967
2017-05-19,94.2176
2017-05-22,93.9587
2017-05-23,93.3265
2017-05-24,93.8520
2017-05-25,93.8825
2017-05-26,94.0424
2017-05-30,94.5070
2017-05-31,94.7431
2017-06-01,94.7530
2017-06-02,95.8750
2017-06-05,95.2796
2017-06-06,95.7986
2017-06-07,95.3407
2017-06-08,95.0888
2017-06-09,94.9439
2017-06-12,94.9133
2017-06-13,94.9285
2017-06-14,96.3939
2017-06-15,96.2413
2017-06-16,96.4321
2017-06-19,96.2947
2017-06-20,97.1571
2017-06-21,97.3556
2017-06-22,97.5693
2017-06-23,97.5235
2017-06-26,97.8898
2017-06-27,96.8442
2017-06-28,96.5237
2017-06-29,95.7147
2017-06-30,95.4933
2017-07-03,95.1859
2017-07-05,95.2089
2017-07-06,94.4211
2017-07-07,93.8552
2017-07-10,93.9929
2017-07-11,94.1534
2017-07-12,94.8035
2017-07-13,94.2070
2017-07-14,94.3217
2017-07-17,94.5817
2017-07-18,95.4077
2017-07-19,95.4459
2017-07-20,95.7212
2017-07-21,96.1266
2017-07-24,95.7518
2017-07-25,94.5052
2017-07-26,94.6582
2017-07-27,94.1917
2017-07-28,94.7500
2017-07-31,94.8647
2017-08-01,95.5308
2017-08-02,95.5844
2017-08-03,96.5731
2017-08-04,95.7530
2017-08-07,95.8603
2017-08-08,95.5154
2017-08-09,96.0366
2017-08-10,96.8567
2017-08-11,96.9027
2017-08-14,96.4045
2017-08-15,95.9983
2017-08-16,96.3509
2017-08-17,97.0713
2017-08-18,97.0483
2017-08-21,97.2859
2017-08-22,96.9104
2017-08-23,97.5695
2017-08-24,97.2093
2017-08-25,97.5848
2017-08-28,97.5235
2017-08-29,97.8377
2017-08-30,97.8071
2017-08-31,98.0984
2017-09-01,97.3480
2017-09-05,98.8917
2017-09-06,98.2850
2017-09-07,99.2911
2017-09-08,99.0761
2017-09-11,97.8933
2017-09-12,97.3787
2017-09-13,96.9947
2017-09-14,97.3941
2017-09-15,97.4325
2017-09-18,96.8718
2017-09-19,96.6338
2017-09-20,96.7029
2017-09-21,96.6491
2017-09-22,96.9256
2017-09-25,97.5323
2017-09-26,97.3557
2017-09-27,95.8887
2017-09-28,95.6046
2017-09-29,95.8196
2017-10-02,95.6442
2017-10-03,95.7365
2017-10-04,95.7442
2017-10-05,95.3825
2017-10-06,95.1131
2017-10-09,95.4133
2017-10-10,95.5672
2017-10-11,95.7519
2017-10-12,96.1598
2017-10-13,96.8524
2017-10-16,96.7831
2017-10-17,96.9062
2017-10-18,96.2675
2017-10-19,96.4368
2017-10-20,95.4133
2017-10-23,95.5826
2017-10-24,94.9900
2017-10-25,94.5359
2017-10-26,94.2204
2017-10-27,94.8438
2017-10-30,95.7519
2017-10-31,95.7827
2017-11-01,96.2091
2017-11-02,96.6333
2017-11-03,96.8955
2017-11-06,97.2580
2017-11-07,97.6668
2017-11-08,97.4508
2017-11-09,97.1732
2017-11-10,95.7078
2017-11-13,95.9084
2017-11-14,96.5562
2017-11-15,97.6050
2017-11-16,96.7567
2017-11-17,97.4739
2017-11-20,97.4354
2017-11-21,97.7439
2017-11-22,98.0601
2017-11-24,97.7902
2017-11-27,97.6513
2017-11-28,97.7824
2017-11-29,96.8184
2017-11-30,96.4945
2017-12-01,97.7967
2017-12-04,97.8430
2017-12-05,98.3299
2017-12-06,98.6699
2017-12-07,97.8971
2017-12-08,97.9049
2017-12-11,97.7039
2017-12-12,97.6653
2017-12-13,98.3994
2017-12-14,98.8167
2017-12-15,99.1877
2017-12-18,98.2835
2017-12-19,97.0084
2017-12-20,95.9342
2017-12-21,96.4934
2017-12-22,96.6250
2017-12-26,96.9115
2017-12-27,98.1739
2017-12-28,98.0887
2017-12-29,98.2435
2018-01-02,97.1826
2018-01-03,97.6473
2018-01-04,97.6318
2018-01-05,97.3530
2018-01-08,97.2910
2018-01-09,95.9900
2018-01-10,95.8738
2018-01-11,96.2688
2018-01-12,96.4314
2018-01-16,96.8341
2018-01-17,96.7024
2018-01-18,95.8041
2018-01-19,95.3008
2018-01-22,95.3937
2018-01-23,95.8041
2018-01-24,95.2853
2018-01-25,96.0674
2018-01-26,95.7112
2018-01-29,95.0452
2018-01-30,94.4876
2018-01-31,95.0452
2018-02-01,93.6677
2018-02-02,92.7986
2018-02-05,93.6755
2018-02-06,93.0934
2018-02-07,92.2088
2018-02-08,92.1079
2018-02-09,91.5259
2018-02-12,91.9294
2018-02-13,92.3408
2018-02-14,91.3163
2018-02-15,91.6267
2018-02-16,92.1234
2018-02-20,91.7199
2018-02-21,90.5946
2018-02-22,90.8662
2018-02-23,91.6733
2018-02-26,91.7043
2018-02-27,91.5724
2018-02-28,92.1544
2018-03-01,92.7835
2018-03-02,92.0292
2018-03-05,91.7804
2018-03-06,91.8659
2018-03-07,91.7648
2018-03-08,92.2936
2018-03-09,91.6871
2018-03-12,92.2159
2018-03-13,92.6824
2018-03-14,93.4990
2018-03-15,93.4990
2018-03-16,93.1646
2018-03-19,92.8690
2018-03-20,92.4959
2018-03-21,92.5969
2018-03-22,93.5145
2018-03-23,93.4445
2018-03-26,93.0868
2018-03-27,94.0821
2018-03-28,94.3310
2018-03-29,94.7898
2018-04-02,94.9768
2018-04-03,94.2443
2018-04-04,94.0494
2018-04-05,93.3481
2018-04-06,94.3689
2018-04-09,94.5248
2018-04-10,94.3533
2018-04-11,94.6884
2018-04-12,93.9949
2018-04-13,94.2131
2018-04-16,94.2443
2018-04-17,94.5014
2018-04-18,93.7455
2018-04-19,92.9818
2018-04-20,92.3117
2018-04-23,92.3350
2018-04-24,91.9143
2018-04-25,91.2986
2018-04-26,91.9377
2018-04-27,92.6468
2018-04-30,92.8104
2018-05-01,92.4762
2018-05-02,92.3746
2018-05-03,92.7885
2018-05-04,92.9292
2018-05-07,92.7807
2018-05-08,92.6948
2018-05-09,92.1403
2018-05-10,92.8822
2018-05-11,93.1165
2018-05-14,92.6246
2018-05-15,91.5702
2018-05-16,91.2188
2018-05-17,90.7580
2018-05-18,91.5390
2018-05-21,91.5859
2018-05-22,91.4453
2018-05-23,92.1091
2018-05-24,92.8432
2018-05-25,93.4211
2018-05-29,95.4673
2018-05-30,94.8269
2018-05-31,94.6707
2018-06-01,94.1705
2018-06-04,93.4895
2018-06-05,93.7087
2018-06-06,92.9493
2018-06-07,93.8496
2018-06-08,93.5677
2018-06-11,93.3955
2018-06-12,93.4190
2018-06-13,93.3720
2018-06-14,94.1470
2018-06-15,94.2331
2018-06-18,94.1470
2018-06-19,94.6950
2018-06-20,93.8652
2018-06-21,94.3583
2018-06-22,94.3505
2018-06-25,94.5619
2018-06-26,94.6950
2018-06-27,95.5874
2018-06-28,95.6108
2018-06-29,95.2821
2018-07-02,95.2076
2018-07-03,95.7175
2018-07-05,95.9921
2018-07-06,96.3059
2018-07-09,95.6861
2018-07-10,95.6783
2018-07-11,96.0470
2018-07-12,96.0392
2018-07-13,96.2824
2018-07-16,95.8823
2018-07-17,95.7019
2018-07-18,95.3174
2018-07-19,95.9215
2018-07-20,94.7446
2018-07-23,93.5757
2018-07-24,93.8973
2018-07-25,93.7482
2018-07-26,93.5678
2018-07-27,93.7247
2018-07-30,93.4030
2018-07-31,93.9130
2018-08-01,93.1479
2018-08-02,93.2816
2018-08-03,93.7455
2018-08-06,93.8006
2018-08-07,93.3130
2018-08-08,93.4074
2018-08-09,94.1937
2018-08-10,94.8778
2018-08-13,94.6812
2018-08-14,94.4689
2018-08-15,95.0194
2018-08-16,95.0115
2018-08-17,95.1295
2018-08-20,95.7663
2018-08-21,95.4440
2018-08-22,95.8214
2018-08-23,95.9708
2018-08-24,96.1595
2018-08-27,95.6091
2018-08-28,95.0351
2018-08-29,95.1609
2018-08-30,95.3654
2018-08-31,95.1451
2018-09-04,94.5951
2018-09-05,94.3429
2018-09-06,94.6896
2018-09-07,93.8858
2018-09-10,94.2325
2018-09-11,93.5154
2018-09-12,93.7361
2018-09-13,93.8779
2018-09-14,93.4287
2018-09-17,93.4287
2018-09-18,92.4514
2018-09-19,91.8998
2018-09-20,92.3254
2018-09-21,92.2860
2018-09-24,92.0495
2018-09-25,91.9549
2018-09-26,92.6012
2018-09-27,92.6642
2018-09-28,92.4199
2018-10-01,91.7415
2018-10-02,92.3022
2018-10-03,90.6988
2018-10-04,90.0591
2018-10-05,89.2850
2018-10-08,88.9849
2018-10-09,89.8853
2018-10-10,89.6404
2018-10-11,90.7304
2018-10-12,90.4145
2018-10-15,90.3750
2018-10-16,90.5803
2018-10-17,90.0433
2018-10-18,90.0117
2018-10-19,89.8142
2018-10-22,89.6957
2018-10-23,89.9800
2018-10-24,90.6593
2018-10-25,90.2803
2018-10-26,90.8252
2018-10-29,90.6199
2018-10-30,90.1696
2018-10-31,89.7115
2018-11-01,89.7947
2018-11-02,88.6783
2018-11-05,89.0267
2018-11-06,88.9712
2018-11-07,89.0900
2018-11-08,89.0821
2018-11-09,89.7472
2018-11-12,90.3331
2018-11-13,90.2777
2018-11-14,90.3331
2018-11-15,90.2935
2018-11-16,90.8161
2018-11-19,91.0694
2018-11-20,91.1011
2018-11-21,91.0694
2018-11-23,91.1644
2018-11-26,90.9586
2018-11-27,91.0615
2018-11-28,90.6181
2018-11-29,90.9744
2018-11-30,91.3149
2018-12-03,91.9633
2018-12-04,93.5028
2018-12-06,93.7965
2018-12-07,93.9711
2018-12-10,94.3600
2018-12-11,94.3440
2018-12-12,93.9235
2018-12-13,93.7012
2018-12-14,94.0266
2018-12-17,94.5742
2018-12-18,95.1406
2018-12-19,96.3975
2018-12-20,96.0474
2018-12-21,96.0316
2018-12-24,96.5088
2018-12-26,95.4747
2018-12-27,95.4906
2018-12-28,96.2941
2018-12-31,96.6600
2019-01-02,97.1691
2019-01-03,98.2748
2019-01-04,97.1373
2019-01-07,96.8509
2019-01-08,96.5964
2019-01-09,96.4452
2019-01-10,95.8247
2019-01-11,96.1986
2019-01-14,95.8406
2019-01-15,95.4906
2019-01-16,95.5861
2019-01-17,95.6099
2019-01-18,95.1088
2019-01-22,95.7531
2019-01-23,95.7133
2019-01-24,96.3418
2019-01-25,95.8804
2019-01-28,95.7849
2019-01-29,96.2702
2019-01-30,96.1986
2019-01-31,97.0259
2019-02-01,96.4399
2019-02-04,96.0094
2019-02-05,96.4479
2019-02-06,96.4957
2019-02-07,97.1335
2019-02-08,97.5481
2019-02-11,97.1655
2019-02-12,96.9183
2019-02-13,96.5515
2019-02-14,97.1017
2019-02-15,97.2531
2019-02-19,97.5003
2019-02-20,97.2213
2019-02-21,96.3522
2019-02-22,96.9263
2019-02-25,96.6392
2019-02-26,97.1176
2019-02-27,96.0173
2019-02-28,95.6905
2019-03-01,94.8060
2019-03-04,95.5490
2019-03-05,95.7488
2019-03-06,96.1003
2019-03-07,96.7235
2019-03-08,97.1310
2019-03-11,96.8434
2019-03-12,97.5225
2019-03-13,97.3387
2019-03-14,96.6356
2019-03-15,97.2748
2019-03-18,97.2189
2019-03-19,97.0032
2019-03-20,98.0178
2019-03-21,98.2336
2019-03-22,99.7596
2019-03-25,99.9194
2019-03-26,99.8475
2019-03-27,100.7663
2019-03-28,101.1179
2019-03-29,101.0220
2019-04-01,99.5871
2019-04-02,99.7713
2019-04-03,98.9064
2019-04-04,99.1867
2019-04-05,99.3148
2019-04-08,98.9625
2019-04-09,99.2748
2019-04-10,99.5150
2019-04-11,98.9305
2019-04-12,98.2258
2019-04-15,98.4741
2019-04-16,97.8575
2019-04-17,97.8975
2019-04-18,98.4100
2019-04-22,97.9376
2019-04-23,98.1458
2019-04-24,98.9465
2019-04-25,98.8024
2019-04-26,99.1387
2019-04-29,98.5061
2019-04-30,99.0105
2019-05-01,99.4190
2019-05-02,98.9456
2019-05-03,99.2264
2019-05-06,99.4993
2019-05-07,100.2615
2019-05-08,99.8282
2019-05-09,100.2374
2019-05-10,100.1010
2019-05-13,100.8874
2019-05-14,100.5905
2019-05-15,101.2083
2019-05-16,100.8714
2019-05-17,101.0960
2019-05-20,100.8874
2019-05-21,100.7270
2019-05-22,101.3046
2019-05-23,102.4441
2019-05-24,102.5323
2019-05-28,103.2706
2019-05-29,103.5835
2019-05-30,104.4742
2019-05-31,105.7821
2019-06-03,106.4897
2019-06-04,105.2756
2019-06-05,104.6806
2019-06-06,105.0183
2019-06-07,105.9268
2019-06-10,104.9298
2019-06-11,104.9941
2019-06-12,105.0745
2019-06-13,105.4364
2019-06-14,105.7017
2019-06-17,105.8867
2019-06-18,106.4173
2019-06-19,106.5701
2019-06-20,106.8515
2019-06-21,105.6776
2019-06-24,106.4656
2019-06-25,106.7953
2019-06-26,106.1118
2019-06-27,106.8596
2019-06-28,106.7872
2019-07-01,106.5374
2019-07-02,107.3592
2019-07-03,108.1246
2019-07-05,106.6905
2019-07-08,106.8355
2019-07-09,106.7952
2019-07-10,106.2071
2019-07-11,104.7892
2019-07-12,104.9101
2019-07-15,105.5143
2019-07-16,105.2001
2019-07-17,106.3360
2019-07-18,106.3441
2019-07-19,106.0944
2019-07-22,106.2958
2019-07-23,105.7157
2019-07-24,106.1749
2019-07-25,105.6674
2019-07-26,105.9171
2019-07-29,105.9493
2019-07-30,106.2071
2019-07-31,107.0611
2019-08-01,109.1874
2019-08-02,110.1964
2019-08-05,112.1015
2019-08-06,112.9975
2019-08-07,113.0379
2019-08-08,113.2801
2019-08-09,113.0541
2019-08-12,115.4112
2019-08-13,115.0157
2019-08-14,117.6069
2019-08-15,118.9146
2019-08-16,117.9621
2019-08-19,116.2750
2019-08-20,117.4777
2019-08-21,116.6947
2019-08-22,115.9198
2019-08-23,117.8248
2019-08-26,117.3486
2019-08-27,119.1568
2019-08-28,119.3102
2019-08-29,118.8581
2019-08-30,118.8904
2019-09-03,119.0441
2019-09-04,119.2220
2019-09-05,117.0628
2019-09-06,117.8958
2019-09-09,115.8013
2019-09-10,113.7715
2019-09-11,113.5694
2019-09-12,112.8254
2019-09-13,110.4156
2019-09-16,111.8226
2019-09-17,112.4292
2019-09-18,112.9063
2019-09-19,113.2459
2019-09-20,114.7419
2019-09-23,114.7177
2019-09-24,116.1005
2019-09-25,114.4023
2019-09-26,115.1382
2019-09-27,115.4212
2019-09-30,115.7043
2019-10-01,116.0526
2019-10-02,116.3361
2019-10-03,117.3973
2019-10-04,118.2641
2019-10-07,117.2839
2019-10-08,117.5999
2019-10-09,116.9356
2019-10-10,115.1939
2019-10-11,113.7682
2019-10-14,114.5944
2019-10-15,113.2092
2019-10-16,113.3469
2019-10-17,113.0715
2019-10-18,113.0715
2019-10-21,112.2209
2019-10-22,112.8770
2019-10-23,112.9905
2019-10-24,112.7636
2019-10-25,112.2128
2019-10-28,111.1921
2019-10-29,111.2650
2019-10-30,112.8933
2019-10-31,114.4162
2019-11-01,114.0640
2019-11-04,112.5628
2019-11-05,111.2969
2019-11-06,111.9704
2019-11-07,109.9416
2019-11-08,109.4791
2019-11-11,109.5521
2019-11-12,110.0553
2019-11-13,110.7694
2019-11-14,111.9135
2019-11-15,111.7918
2019-11-18,111.9947
2019-11-19,112.9279
2019-11-20,114.0965
2019-11-21,113.3824
2019-11-22,113.5285
2019-11-25,113.8612
2019-11-26,114.5266
2019-11-27,114.1939
2019-11-29,113.9504
2019-12-02,112.4312
2019-12-03,114.7885
2019-12-04,113.6424
2019-12-05,113.0896
2019-12-06,112.4637
2019-12-09,112.7075
2019-12-10,112.7156
2019-12-11,113.6017
2019-12-12,111.7320
2019-12-13,113.0246
2019-12-16,112.0084
2019-12-17,111.8540
2019-12-18,110.9354
2019-12-19,111.1129
2019-12-20,111.2594
2019-12-23,111.0966
2019-12-24,111.4142
2019-12-26,111.6828
2019-12-27,111.8050
2019-12-30,111.3979
2019-12-31,110.3069
2020-01-02,111.5526
2020-01-03,113.2706
2020-01-06,112.6272
2020-01-07,112.0737
2020-01-08,111.3328
2020-01-09,111.7235
2020-01-10,112.7169
2020-01-13,112.3749
2020-01-14,112.9529
2020-01-15,113.7021
2020-01-16,113.3438
2020-01-17,112.3749
2020-01-21,113.5555
2020-01-22,113.9545
2020-01-23,114.7523
2020-01-24,115.6805
2020-01-27,117.4799
2020-01-28,116.5598
2020-01-29,117.6997
2020-01-30,117.7160
2020-01-31,118.7907
2020-02-03,118.6945
2020-02-04,117.0960
2020-02-05,115.8156
2020-02-06,116.3376
2020-02-07,117.7892
2020-02-10,118.1155
2020-02-11,117.5201
2020-02-12,116.9247
2020-02-13,117.3733
2020-02-14,117.8871
2020-02-18,118.6945
2020-02-19,118.6863
2020-02-20,119.6161
2020-02-21,120.7333
2020-02-24,122.5358
2020-02-25,123.1881
2020-02-26,122.5358
2020-02-27,123.8651
2020-02-28,126.6624
2020-03-02,125.7305
2020-03-03,127.6825
2020-03-04,126.3268
2020-03-05,129.4712
2020-03-06,136.2093
2020-03-09,139.9011
2020-03-10,132.7300
2020-03-11,127.8459
2020-03-12,128.6381
2020-03-13,125.7305
2020-03-16,133.8735
2020-03-17,124.9464
2020-03-18,117.8979
2020-03-19,121.1076
2020-03-20,130.2145
2020-03-23,135.5805
2020-03-24,133.0567
2020-03-25,132.7546
2020-03-26,133.4080
2020-03-27,136.9690
2020-03-30,135.8419
2020-03-31,134.7392
2020-04-01,136.6270
2020-04-02,137.4940
2020-04-03,137.8212
2020-04-06,137.4614
2020-04-07,136.0218
2020-04-08,135.0320
2020-04-09,135.2774
2020-04-13,134.0424
2020-04-14,134.0096
2020-04-15,137.5595
2020-04-16,139.1217
2020-04-17,137.2568
2020-04-20,138.3610
2020-04-21,140.1032
2020-04-22,138.6718
2020-04-23,139.4079
2020-04-24,139.7351
2020-04-27,137.1341
2020-04-28,138.7127
2020-04-29,137.9930
2020-04-30,136.3817
2020-05-01,137.5495
2020-05-04,136.9025
2020-05-05,136.0262
2020-05-06,133.8313
2020-05-07,136.0671
2020-05-08,134.2981
2020-05-11,133.2498
2020-05-12,134.6175
2020-05-13,135.5594
2020-05-14,136.8861
2020-05-15,136.5340
2020-05-18,133.5365
2020-05-19,134.0361
2020-05-20,134.4374
2020-05-21,134.7732
2020-05-22,135.5840
2020-05-26,133.7658
2020-05-27,133.5201
2020-05-28,133.0286
2020-05-29,133.9787
2020-06-01,133.0767
2020-06-02,132.5928
2020-06-03,130.8297
2020-06-04,128.9354
2020-06-05,128.0169
2020-06-08,128.5091
2020-06-09,129.9687
2020-06-10,131.8958
2020-06-11,134.3888
2020-06-12,133.0931
2020-06-15,133.1669
2020-06-16,131.1250
2020-06-17,131.6662
2020-06-18,133.0603
2020-06-19,133.1669
2020-06-22,133.1833
2020-06-23,132.2730
2020-06-24,133.6917
2020-06-25,134.0771
2020-06-26,135.5122
2020-06-29,135.0858
2020-06-30,134.4297
2020-07-01,134.1687
2020-07-02,134.3082
2020-07-06,133.7581
2020-07-07,135.6383
2020-07-08,135.0964
2020-07-09,137.2474
2020-07-10,136.5578
2020-07-13,137.0094
2020-07-14,137.2063
2020-07-15,136.5661
2020-07-16,137.2146
2020-07-17,136.9273
2020-07-20,137.2638
2020-07-21,137.3459
2020-07-22,137.7565
2020-07-23,139.3656
2020-07-24,139.3574
2020-07-27,138.8402
2020-07-28,139.8007
2020-07-29,139.5627
2020-07-30,140.4822
2020-07-31,140.3919
2020-08-03,139.6850
2020-08-04,141.0165
2020-08-05,139.7837
2020-08-06,140.5645
2020-08-07,139.6275
2020-08-10,139.0028
2020-08-11,137.3508
2020-08-12,136.1015
2020-08-13,134.6467
2020-08-14,134.1206
2020-08-17,134.4576
2020-08-18,135.4193
2020-08-19,134.5727
2020-08-20,135.7892
2020-08-21,136.6028
2020-08-24,136.3809
2020-08-25,135.3372
2020-08-26,134.8192
2020-08-27,132.5262
2020-08-28,132.4275
2020-08-31,133.3069
2020-09-01,134.8317
2020-09-02,136.1154
2020-09-03,136.5021
2020-09-04,133.9101
2020-09-08,134.7329
2020-09-09,134.3709
2020-09-10,135.0538
2020-09-11,135.3419
2020-09-14,135.3336
2020-09-15,135.0045
2020-09-16,134.6013
2020-09-17,135.0127
2020-09-18,134.5930
2020-09-21,135.2760
2020-09-22,135.1691
2020-09-23,135.3501
2020-09-24,135.8685
2020-09-25,135.8685
2020-09-28,135.4817
2020-09-29,135.6381
2020-09-30,134.3379
2020-10-01,134.5596
2020-10-02,134.0571
2020-10-05,131.4377
2020-10-06,132.1461
2020-10-07,131.1823
2020-10-08,131.8907
2020-10-09,131.8661
2020-10-12,132.2862
2020-10-13,133.2334
2020-10-14,133.5381
2020-10-15,133.3075
2020-10-16,132.9369
2020-10-19,132.4344
2020-10-20,131.1742
2020-10-21,130.7211
2020-10-22,129.3620
2020-10-23,130.1528
2020-10-26,131.3636
2020-10-27,132.2449
2020-10-28,132.3685
2020-10-29,131.0836
2020-10-30,129.7903
2020-11-02,130.7625
2020-11-03,130.0039
2020-11-04,132.8239
2020-11-05,133.0548
2020-11-06,131.4469
2020-11-09,128.6846
2020-11-10,127.9424
2020-11-11,128.4042
2020-11-12,130.5893
2020-11-13,130.4161
2020-11-16,130.1029
2020-11-17,130.9521
2020-11-18,131.3315
2020-11-19,132.0076
2020-11-20,133.1785
2020-11-23,132.5684
2020-11-24,131.2490
2020-11-25,130.8450
2020-11-27,132.1149
2020-11-30,131.9499
2020-12-01,130.0044
2020-12-02,128.9725
2020-12-03,130.0127
2020-12-04,128.1060
2020-12-07,129.2615
2020-12-08,129.8723
2020-12-09,129.4431
2020-12-10,130.5905
2020-12-11,131.0527
2020-12-14,130.6895
2020-12-15,130.2520
2020-12-16,129.9053
2020-12-17,129.5617
2020-12-18,129.1733
2020-12-21,129.6856
2020-12-22,130.3548
2020-12-23,129.4542
2020-12-24,129.9665
2020-12-28,130.0244
2020-12-29,129.8591
2020-12-30,130.1400
2020-12-31,130.3300
2021-01-04,130.1730
2021-01-05,129.2062
2021-01-06,126.5539
2021-01-07,125.4385
2021-01-08,125.0336
2021-01-11,124.8270
2021-01-12,124.7278
2021-01-13,126.1325
2021-01-14,124.9509
2021-01-15,125.4467
2021-01-19,125.8516
2021-01-20,125.9755
2021-01-21,125.0914
2021-01-22,125.4962
2021-01-25,126.9753
2021-01-26,126.7357
2021-01-27,127.0580
2021-01-28,126.3556
2021-01-29,125.5954
2021-02-01,125.7410
2021-02-02,124.9303
2021-02-03,123.8218
2021-02-04,123.4909
2021-02-05,122.4568
2021-02-08,122.9946
2021-02-09,123.0855
2021-02-10,123.9046
2021-02-11,123.2262
2021-02-12,121.6958
2021-02-16,119.8428
2021-02-17,120.6038
2021-02-18,120.1158
2021-02-19,118.5192
2021-02-22,117.6175
2021-02-23,117.2783
2021-02-24,116.5090
2021-02-25,114.6063
2021-02-26,118.3951
2021-03-01,116.8313
2021-03-02,116.8396
2021-03-03,115.5725
2021-03-04,114.8270
2021-03-05,115.0507
2021-03-08,114.1562
2021-03-09,115.7381
2021-03-10,115.9700
2021-03-11,115.1335
2021-03-12,112.6902
2021-03-15,113.3528
2021-03-16,112.8972
2021-03-17,112.0525
2021-03-18,110.9177
2021-03-19,111.6052
2021-03-22,112.8559
2021-03-23,113.8745
2021-03-24,114.4875
2021-03-25,113.5847
2021-03-26,113.1871
2021-03-29,112.2264
2021-03-30,112.8144
2021-03-31,112.1850
2021-04-01,114.0469
2021-04-05,113.5493
2021-04-06,114.3206
2021-04-07,113.5244
2021-04-08,114.4616
2021-04-09,114.0469
2021-04-12,113.9971
2021-04-13,114.8514
2021-04-14,114.4864
2021-04-15,116.4023
2021-04-16,115.4983
2021-04-19,115.1665
2021-04-20,115.6973
2021-04-21,115.9296
2021-04-22,116.4355
2021-04-23,116.1618
2021-04-26,115.9959
2021-04-27,114.9841
2021-04-28,115.0587
2021-04-29,114.7187
2021-04-30,114.9841
2021-05-03,115.0530
2021-05-04,115.8338
2021-05-05,116.0248
2021-05-06,116.2158
2021-05-07,115.6427
2021-05-10,114.4716
2021-05-11,113.8238
2021-05-12,112.6277
2021-05-13,112.8022
2021-05-14,113.8570
2021-05-17,113.6161
2021-05-18,113.3254
2021-05-19,113.0513
2021-05-20,113.9816
2021-05-21,114.3471
2021-05-24,114.7706
2021-05-25,115.8338
2021-05-26,115.6345
2021-05-27,115.1693
2021-05-28,114.9866
2021-06-01,114.9608
2021-06-02,115.2270
2021-06-03,114.7944
2021-06-04,116.3665
2021-06-07,116.0089
2021-06-08,116.8240
2021-06-09,117.8554
2021-06-10,118.5624
2021-06-11,118.3711
2021-06-14,117.4644
2021-06-15,117.3230
2021-06-16,117.2233
2021-06-17,118.9783
2021-06-18,121.2158
2021-06-21,119.1862
2021-06-22,119.4774
2021-06-23,119.1696
2021-06-24,119.3609
2021-06-25,118.1215
2021-06-28,119.3360
2021-06-29,119.5357
2021-06-30,120.0680
2021-07-01,120.0746
2021-07-02,120.7992
2021-07-06,122.2151
2021-07-07,123.2978
2021-07-08,123.7809
2021-07-09,122.0401
2021-07-12,121.8819
2021-07-13,120.9491
2021-07-14,122.3234
2021-07-15,123.6726
2021-07-16,123.4394
2021-07-19,126.1463
2021-07-20,124.9303
2021-07-21,123.3478
2021-07-22,124.5139
2021-07-23,123.6810
2021-07-26,123.3145
2021-07-27,124.6304
2021-07-28,124.6387
2021-07-29,123.9475
2021-07-30,124.5304
2021-08-02,125.6412
2021-08-03,125.7078
2021-08-04,125.9664
2021-08-05,125.3244
2021-08-06,123.2313
2021-08-09,122.7893
2021-08-10,122.2223
2021-08-11,122.1472
2021-08-12,121.9472
2021-08-13,123.8733
2021-08-16,124.1736
2021-08-17,124.1235
2021-08-18,124.5404
2021-08-19,125.4577
2021-08-20,125.5411
2021-08-23,125.4577
2021-08-24,124.4821
2021-08-25,123.4481
2021-08-26,123.7899
2021-08-27,124.6322
2021-08-30,124.9574
2021-08-31,124.1068
2021-09-01,124.3147
2021-09-02,124.8575
2021-09-03,123.7220
2021-09-07,122.6782
2021-09-08,123.5131
2021-09-09,125.0077
2021-09-10,123.9056
2021-09-13,124.6571
2021-09-14,126.1683
2021-09-15,125.7258
2021-09-16,125.1497
2021-09-17,124.5485
2021-09-20,126.0932
2021-09-21,125.9846
2021-09-22,126.7361
2021-09-23,123.8722
2021-09-24,122.6616
2021-09-27,122.2107
2021-09-28,120.3070
2021-09-29,120.5158
2021-09-30,120.4991
2021-10-01,121.5131
2021-10-04,121.2038
2021-10-05,120.0334
2021-10-06,120.7106
2021-10-07,119.4482
2021-10-08,118.6122
2021-10-11,118.3112
2021-10-12,120.3344
2021-10-13,121.5048
2021-10-14,121.9563
2021-10-15,121.2456
2021-10-18,121.8141
2021-10-19,120.1337
2021-10-20,119.3228
2021-10-21,119.1807
2021-10-22,120.4932
2021-10-25,120.3093
2021-10-26,121.3042
2021-10-27,123.5111
2021-10-28,123.0932
2021-10-29,123.4694
2021-11-01,122.5804
2021-11-02,123.1245
2021-11-03,121.8521
2021-11-04,123.1329
2021-11-05,124.9744
2021-11-08,124.7400
2021-11-09,126.3639
2021-11-10,124.0536
2021-11-11,123.8695
2021-11-12,123.3254
2021-11-15,121.7768
2021-11-16,121.4672
2021-11-17,122.4297
2021-11-18,122.8901
2021-11-19,124.1876
2021-11-22,122.7311
2021-11-23,120.9565
2021-11-24,122.8985
2021-11-26,126.0040
2021-11-29,124.9912
2021-11-30,126.8913
2021-12-01,127.6741
2021-12-02,127.8333
2021-12-03,129.3586
2021-12-06,127.5819
2021-12-07,126.5510
2021-12-08,124.3637
2021-12-09,125.0593
2021-12-10,124.7576
2021-12-13,126.6013
2021-12-14,126.2996
2021-12-15,125.0844
2021-12-16,125.1331
2021-12-17,126.5510
2021-12-20,125.6029
2021-12-21,125.1246
2021-12-22,125.7036
2021-12-23,124.6128
2021-12-27,124.9149
2021-12-28,124.4199
2021-12-29,123.0606
2021-12-30,124.0927
2021-12-31,124.3360
2022-01-03,121.0721
2022-01-04,120.5687
2022-01-05,119.9143
2022-01-06,120.2248
2022-01-07,119.3605
2022-01-10,119.6542
2022-01-11,120.4512
2022-01-12,119.9898
2022-01-13,121.0554
2022-01-14,119.2263
2022-01-18,117.5482
2022-01-19,118.3621
2022-01-20,119.0920
2022-01-21,120.5100
2022-01-24,119.5199
2022-01-25,119.3270
2022-01-26,117.8839
2022-01-27,120.0485
2022-01-28,120.0904
2022-01-31,119.4696
2022-02-01,119.0730
2022-02-02,119.4763
2022-02-03,118.5437
2022-02-04,116.7961
2022-02-07,116.8717
2022-02-08,116.0903
2022-02-09,116.3088
2022-02-10,114.4603
2022-02-11,116.1575
2022-02-14,114.7124
2022-02-15,113.4101
2022-02-16,114.0822
2022-02-17,114.9309
2022-02-18,116.1407
2022-02-22,116.4432
2022-02-23,114.8384
2022-02-24,114.9140
2022-02-25,114.9980
2022-02-28,117.5187
2022-03-01,118.8774
2022-03-02,114.8138
2022-03-03,115.9833
2022-03-04,117.9856
2022-03-07,117.0853
2022-03-08,115.9076
2022-03-09,114.7717
2022-03-10,113.1228
2022-03-11,113.5014
2022-03-14,110.8513
2022-03-15,110.6577
2022-03-16,111.7431
2022-03-17,110.9102
2022-03-18,112.2647
2022-03-21,109.6650
2022-03-22,108.2600
2022-03-23,110.6325
2022-03-24,109.7659
2022-03-25,108.2432
2022-03-28,109.1686
2022-03-29,109.9931
2022-03-30,110.8513
2022-03-31,111.1205
2022-04-01,111.5435
2022-04-04,110.7683
2022-04-05,108.2657
2022-04-06,107.3895
2022-04-07,106.5805
2022-04-08,105.4262
2022-04-11,103.7578
2022-04-12,103.6146
2022-04-13,103.8252
2022-04-14,101.7440
2022-04-18,101.2385
2022-04-19,100.4801
2022-04-20,102.5024
2022-04-21,101.7440
2022-04-22,101.1036
2022-04-25,102.1148
2022-04-26,103.1427
2022-04-27,101.8199
2022-04-28,101.9716
2022-04-29,100.6486
2022-05-02,98.9040
2022-05-03,99.5708
2022-05-04,100.1194
2022-05-05,97.3763
2022-05-06,95.9415
2022-05-09,96.7855
2022-05-10,97.6633
2022-05-11,99.5455
2022-05-12,99.3598
2022-05-13,97.8912
2022-05-16,97.7899
2022-05-17,96.6083
2022-05-18,98.6677
2022-05-19,98.9040
2022-05-20,100.0266
2022-05-23,98.3807
2022-05-24,100.3220
2022-05-25,100.7187
2022-05-26,100.2629
2022-05-27,100.5077
2022-05-31,98.3807
2022-06-01,98.2683
2022-06-02,98.3190
2022-06-03,98.1076
2022-06-06,96.2982
2022-06-07,97.3382
2022-06-08,96.4757
2022-06-09,96.7970
2022-06-10,96.1967
2022-06-13,93.1781
2022-06-14,92.0028
2022-06-15,93.7193
2022-06-16,94.4634
2022-06-17,94.7678
2022-06-21,93.1612
2022-06-22,95.7232
2022-06-23,96.5095
2022-06-24,95.1736
2022-06-27,94.3619
2022-06-28,94.8016
2022-06-29,96.2812
2022-06-30,97.1268
2022-07-01,98.1239
2022-07-05,98.8949
2022-07-06,97.2344
2022-07-07,96.3787
2022-07-08,95.3112
2022-07-11,96.9548
2022-07-12,97.5309
2022-07-13,98.6492
2022-07-14,97.8444
2022-07-15,98.3951
2022-07-18,97.3699
2022-07-19,96.8447
2022-07-20,97.0988
2022-07-21,98.7763
2022-07-22,100.4368
2022-07-25,99.4541
2022-07-26,99.5303
2022-07-27,98.9712
2022-07-28,99.7591
2022-07-29,99.4880
2022-08-01,101.8840
2022-08-02,99.7282
2022-08-03,101.2984
2022-08-04,101.2644
2022-08-05,98.8539
2022-08-08,100.4496
2022-08-09,100.0592
2022-08-10,99.4056
2022-08-11,97.0886
2022-08-12,98.0731
2022-08-15,97.9882
2022-08-16,98.3956
2022-08-17,97.3687
2022-08-18,97.5129
2022-08-19,95.9427
2022-08-22,95.6202
2022-08-23,95.0940
2022-08-24,94.3980
2022-08-25,95.7136
2022-08-26,96.4350
2022-08-29,95.6372
2022-08-30,95.8748
2022-08-31,94.9582
2022-09-01,93.2197
2022-09-02,93.7470
2022-09-06,91.4250
2022-09-07,92.8710
2022-09-08,91.9183
2022-09-09,92.1225
2022-09-12,91.3655
2022-09-13,91.5781
2022-09-14,91.8928
2022-09-15,91.8333
2022-09-16,91.0678
2022-09-19,91.2804
2022-09-20,90.3703
2022-09-21,91.8843
2022-09-22,89.5368
2022-09-23,89.9026
2022-09-26,88.1844
2022-09-27,85.8625
2022-09-28,88.7373
2022-09-29,88.2780
2022-09-30,87.1383
2022-10-03,88.5229
2022-10-04,88.2756
2022-10-05,87.4316
2022-10-06,86.9456
2022-10-07,86.1015
2022-10-10,84.7630
2022-10-11,85.1381
2022-10-12,85.5559
2022-10-13,84.7374
2022-10-14,84.0383
2022-10-17,83.6291
2022-10-18,83.8252
2022-10-19,82.2991
2022-10-20,80.8923
2022-10-21,79.4344
2022-10-24,78.7779
2022-10-25,81.0714
2022-10-26,82.2394
2022-10-27,83.1005
2022-10-28,82.5293
2022-10-31,81.9410
2022-11-01,82.7068
2022-11-02,82.3478
2022-11-03,81.9034
2022-11-04,80.5274
2022-11-07,79.7240
2022-11-08,80.5957
2022-11-09,80.8607
2022-11-10,83.9717
2022-11-11,83.6640
2022-11-14,83.4589
2022-11-15,84.8093
2022-11-16,86.6639
2022-11-17,85.7494
2022-11-18,85.1597
2022-11-21,85.5187
2022-11-22,86.7323
2022-11-23,88.2451
2022-11-25,87.9459
2022-11-28,88.1938
2022-11-29,87.1596
2022-11-30,87.8006
2022-12-01,90.6055
2022-12-02,91.7449
2022-12-05,90.4598
2022-12-06,91.6250
2022-12-07,93.7839
2022-12-08,93.5269
2022-12-09,91.0938
2022-12-12,91.3851
2022-12-13,92.2675
2022-12-14,92.6616
2022-12-15,93.0231
2022-12-16,91.9840
2022-12-19,90.4382
2022-12-20,88.8323
2022-12-21,89.0555
2022-12-22,89.0384
2022-12-23,87.7330
2022-12-27,85.9983
2022-12-28,85.4916
2022-12-29,86.4621
2022-12-30,85.5002
2023-01-03,87.1319
2023-01-04,88.3256
2023-01-05,88.6949
2023-01-06,90.3266
2023-01-09,90.8075
2023-01-10,89.3046
2023-01-11,90.7559
2023-01-12,92.5422
2023-01-13,91.6748
2023-01-17,91.0823
2023-01-18,93.2893
2023-01-19,92.7054
2023-01-20,91.2025
2023-01-23,90.7731
2023-01-24,92.0785
2023-01-25,92.3018
2023-01-26,91.8723
2023-01-27,91.6405
2023-01-30,91.3056
2023-01-31,92.0355
2023-02-01,93.1419
2023-02-02,93.2625
2023-02-03,91.8676
2023-02-06,91.1875
2023-02-07,90.4556
2023-02-08,90.8861
2023-02-09,90.0251
2023-02-10,89.0178
2023-02-13,89.7668
2023-02-14,89.5602
2023-02-15,88.7250
2023-02-16,87.4680
2023-02-17,88.1482
2023-02-21,86.4348
2023-02-22,87.2269
2023-02-23,88.0793
2023-02-24,86.9342
2023-02-27,87.1753
2023-02-28,87.5713
2023-03-01,86.6305
2023-03-02,85.8623
2023-03-03,87.9425
2023-03-06,87.2606
2023-03-07,87.7957
2023-03-08,87.8820
2023-03-09,88.0978
2023-03-10,91.1359
2023-03-13,91.3431
2023-03-14,89.8413
2023-03-15,91.5761
2023-03-16,90.8597
2023-03-17,92.2235
2023-03-20,91.4122
2023-03-21,90.6267
2023-03-22,91.8351
2023-03-23,91.8351
2023-03-24,92.2235
2023-03-27,90.0571
2023-03-28,90.2210
2023-03-29,90.0398
2023-03-30,90.4541
2023-03-31,91.8092
2023-04-03,92.2410
2023-04-04,92.6996
2023-04-05,93.6687
2023-04-06,93.9110
2023-04-10,92.3967
2023-04-11,92.5871
2023-04-12,92.4919
2023-04-13,91.7651
2023-04-14,90.9257
2023-04-17,89.8441
2023-04-18,90.1642
2023-04-19,90.0777
2023-04-20,90.8478
2023-04-21,90.3373
2023-04-24,91.2113
2023-04-25,92.5525
2023-04-26,91.5660
2023-04-27,90.6575
2023-04-28,92.1198
2023-05-01,89.4636
2023-05-02,91.6930
2023-05-03,92.2048
2023-05-04,91.2940
2023-05-05,90.9904
2023-05-08,89.7152
2023-05-09,89.3942
2023-05-10,90.2617
2023-05-11,91.2159
2023-05-12,90.4525
2023-05-15,89.5157
2023-05-16,89.2467
2023-05-17,88.9865
2023-05-18,88.3272
2023-05-19,87.7026
2023-05-22,87.3903
2023-05-23,87.6419
2023-05-24,87.2081
2023-05-25,86.9913
2023-05-26,87.6939
2023-05-30,88.5701
2023-05-31,89.3421
2023-06-01,89.6927
2023-06-02,88.7098
2023-06-05,88.5445
2023-06-06,89.0664
2023-06-07,87.7443
2023-06-08,88.7707
2023-06-09,88.6489
2023-06-12,88.9099
2023-06-13,88.0314
2023-06-14,88.7359
2023-06-15,89.5883
2023-06-16,89.2404
2023-06-20,89.8579
2023-06-21,90.0754
2023-06-22,88.9882
2023-06-23,89.8753
2023-06-26,89.9710
2023-06-27,89.7361
2023-06-28,90.1189
2023-06-29,88.4924
2023-06-30,89.5361
2023-07-03,89.0285
2023-07-05,88.1825
2023-07-06,86.9354
2023-07-07,86.4121
2023-07-10,86.5255
2023-07-11,86.9703
2023-07-12,87.9383
2023-07-13,88.8628
2023-07-14,88.3396
2023-07-17,88.3831
2023-07-18,88.7843
2023-07-19,89.7873
2023-07-20,88.6971
2023-07-21,88.7233
2023-07-24,88.4006
2023-07-25,88.2349
2023-07-26,88.3221
2023-07-27,86.6039
2023-07-28,87.0487
2023-07-31,87.2581
2023-08-01,85.8282
2023-08-02,84.9099
2023-08-03,82.9509
2023-08-04,84.4202
2023-08-07,83.5893
2023-08-08,84.5601
2023-08-09,84.9974
2023-08-10,83.5981
2023-08-11,83.4057
2023-08-14,83.2220
2023-08-15,82.7148
2023-08-16,82.0676
2023-08-17,81.7178
2023-08-18,82.0064
2023-08-21,80.9132
2023-08-22,81.5342
2023-08-23,83.5543
2023-08-24,83.0034
2023-08-25,83.2745
2023-08-28,83.3620
2023-08-29,84.2278
2023-08-30,84.1403
2023-08-31,84.5163
2023-09-01,83.1997
2023-09-05,82.0331
2023-09-06,82.2348
2023-09-07,82.4629
2023-09-08,82.7787
2023-09-11,82.1822
2023-09-12,82.6559
2023-09-13,82.6383
2023-09-14,82.0419
2023-09-15,81.5419
2023-09-18,82.0068
2023-09-19,81.4015
2023-09-20,81.6559
2023-09-21,79.5595
2023-09-22,80.1998
2023-09-25,78.2262
2023-09-26,77.9542
2023-09-27,77.5507
2023-09-28,77.7876
2023-09-29,77.7964
2023-10-02,76.4940
2023-10-03,74.8485
2023-10-04,75.9045
2023-10-05,75.5261
2023-10-06,74.6109
2023-10-09,76.3620
2023-10-10,76.2564
2023-10-11,77.8492
2023-10-12,75.7373
2023-10-13,77.0924
2023-10-16,75.8517
2023-10-17,75.0157
2023-10-18,74.3557
2023-10-19,72.8334
2023-10-20,73.2470
2023-10-23,74.1270
2023-10-24,75.1037
2023-10-25,73.4318
2023-10-26,74.5581
2023-10-27,74.2414
2023-10-30,73.9070
2023-10-31,73.5462
2023-11-01,75.1409
2023-11-02,76.8538
2023-11-03,77.3748
2023-11-06,76.6242
2023-11-07,77.7544
2023-11-08,79.0789
2023-11-09,77.2600
2023-11-10,77.6926
2023-11-13,77.5160
2023-11-14,79.2731
2023-11-15,78.1606
2023-11-16,79.1319
2023-11-17,79.5027
2023-11-20,79.9883
2023-11-21,79.9530
2023-11-22,80.2356
2023-11-24,79.2908
2023-11-27,80.6152
2023-11-28,80.7742
2023-11-29,81.7896
2023-11-30,80.8448
2023-12-01,82.3675
2023-12-04,82.0397
2023-12-05,83.8024
2023-12-06,84.9185
2023-12-07,84.4313
2023-12-08,83.7404
2023-12-11,83.5632
2023-12-12,83.8113
2023-12-13,85.7777
2023-12-14,88.0090
2023-12-15,88.1068
2023-12-18,87.4047
2023-12-19,87.8757
2023-12-20,88.4711
2023-12-21,87.9112
2023-12-22,87.5114
2023-12-26,87.7602
2023-12-27,89.3153
2023-12-28,88.6666
2023-12-29,87.8668
2024-01-02,87.3603
2024-01-03,87.7246
2024-01-04,86.3917
2024-01-05,85.5653
2024-01-08,86.4095
2024-01-09,85.8585
2024-01-10,85.4587
2024-01-11,85.9385
2024-01-12,85.7697
2024-01-16,84.2590
2024-01-17,84.1257
2024-01-18,83.3437
2024-01-19,83.6103
2024-01-22,84.1079
2024-01-23,83.4415
2024-01-24,82.9527
2024-01-25,83.4948
2024-01-26,83.3349
2024-01-29,84.2946
2024-01-30,85.0588
2024-01-31,85.8941
2024-02-01,87.5790
2024-02-02,85.6444
2024-02-05,83.9150
2024-02-06,84.7352
2024-02-07,84.3251
2024-02-08,83.8347
2024-02-09,83.6654
2024-02-12,83.7635
2024-02-13,82.3282
2024-02-14,82.7472
2024-02-15,83.1751
2024-02-16,82.6936
2024-02-20,82.7650
2024-02-21,82.1766
2024-02-22,82.5778
2024-02-23,83.6832
2024-02-26,83.4336
2024-02-27,82.8452
2024-02-28,83.3712
2024-02-29,83.9596
2024-03-01,84.4827
2024-03-04,84.1429
2024-03-05,85.3412
2024-03-06,85.8420
2024-03-07,85.7616
2024-03-08,85.6095
2024-03-11,85.5648
2024-03-12,84.8494
2024-03-13,84.4380
2024-03-14,83.1413
2024-03-15,83.1145
2024-03-18,82.8641
2024-03-19,83.0966
2024-03-20,83.0698
2024-03-21,83.2486
2024-03-22,84.0446
2024-03-25,83.6242
2024-03-26,83.8567
2024-03-27,84.6884
2024-03-28,84.6169
2024-04-01,83.0395
2024-04-02,82.5819
2024-04-03,82.5640
2024-04-04,83.1562
2024-04-05,81.9987
2024-04-08,81.9897
2024-04-09,82.7524
2024-04-10,80.9489
2024-04-11,80.5811
2024-04-12,81.0117
2024-04-15,79.7556
2024-04-16,79.2263
2024-04-17,80.1056
2024-04-18,79.7018
2024-04-19,79.9889
2024-04-22,79.8543
2024-04-23,79.8812
2024-04-24,79.3160
2024-04-25,78.7597
2024-04-26,79.1724
2024-04-29,79.8364
2024-04-30,79.1545
2024-05-01,79.7379
2024-05-02,80.0801
2024-05-03,80.8904
2024-05-06,81.2056
2024-05-07,81.7007
2024-05-08,81.2056
2024-05-09,81.6017
2024-05-10,81.1425
2024-05-13,81.3496
2024-05-14,81.8088
2024-05-15,82.9253
2024-05-16,82.8443
2024-05-17,82.2860
2024-05-20,82.0429
2024-05-21,82.4661
2024-05-22,82.5651
2024-05-23,82.0339
2024-05-24,82.2770
2024-05-28,81.0975
2024-05-29,80.1161
2024-05-30,80.8904
2024-05-31,81.4396
2024-06-03,82.7569
2024-06-04,83.7236
2024-06-05,84.3379
2024-06-06,84.2115
2024-06-07,82.6665
2024-06-10,82.1154
2024-06-11,82.9647
2024-06-12,83.5881
2024-06-13,84.8168
2024-06-14,85.5305
2024-06-17,84.6813
2024-06-18,85.4582
2024-06-20,84.8891
2024-06-21,84.8891
2024-06-24,85.2324
2024-06-25,85.3769
2024-06-26,84.1572
2024-06-27,84.4915
2024-06-28,82.9195
2024-07-01,81.4884
2024-07-02,82.1228
2024-07-03,83.2014
2024-07-05,83.8902
2024-07-08,84.0715
2024-07-09,83.6999
2024-07-10,83.9627
2024-07-11,84.7784
2024-07-12,85.1409
2024-07-15,84.1621
2024-07-16,85.3494
2024-07-17,85.3675
2024-07-18,84.7150
2024-07-19,84.2165
2024-07-22,83.9717
2024-07-23,83.8540
2024-07-24,82.9476
2024-07-25,83.6274
2024-07-26,84.2799
2024-07-29,84.7331
2024-07-30,85.0594
2024-07-31,85.9294
2024-08-01,86.6705
2024-08-02,89.3714
2024-08-05,89.8442
2024-08-06,87.8345
2024-08-07,87.2162
2024-08-08,86.6796
2024-08-09,87.5345
2024-08-12,87.8527
2024-08-13,88.4620
2024-08-14,89.0167
2024-08-15,88.2983
2024-08-16,88.6075
2024-08-19,89.0167
2024-08-20,89.7260
2024-08-21,89.7806
2024-08-22,88.8894
2024-08-23,89.4714
2024-08-26,89.2440
2024-08-27,89.0895
2024-08-28,88.9803
2024-08-29,88.6893
2024-08-30,87.7436
2024-09-03,89.1786
2024-09-04,90.3282
2024-09-05,90.8391
2024-09-06,90.8300
2024-09-09,91.2223
2024-09-10,91.8609
2024-09-11,91.7879
2024-09-12,91.3591
2024-09-13,91.6054
2024-09-16,92.4448
2024-09-17,91.9977
2024-09-18,90.8573
2024-09-19,90.5563
2024-09-20,90.2096
2024-09-23,90.0180
2024-09-24,89.9998
2024-09-25,89.2517
2024-09-26,89.4615
2024-09-27,89.9268
2024-09-30,89.4980
2024-10-01,90.1442
2024-10-02,89.3845
2024-10-03,88.5424
2024-10-04,87.4533
2024-10-07,86.7943
2024-10-08,86.9407
2024-10-09,86.4465
2024-10-10,86.1078
2024-10-11,85.7600
2024-10-14,85.8241
2024-10-15,86.8675
2024-10-16,87.2336
2024-10-17,85.8516
2024-10-18,85.9156
2024-10-21,84.4146
2024-10-22,84.4970
2024-10-23,84.2682
2024-10-24,84.8082
2024-10-25,84.3322
2024-10-28,84.1034
2024-10-29,84.2316
2024-10-30,84.4787
2024-10-31,84.6160
2024-11-01,83.4230
2024-11-04,84.7179
2024-11-05,85.1679
2024-11-06,82.8353
2024-11-07,83.8730
2024-11-08,84.9383
2024-11-11,84.5250
2024-11-12,83.2577
2024-11-13,82.4679
2024-11-14,82.9455
2024-11-15,82.7251
2024-11-18,82.8720
2024-11-19,83.2945
2024-11-20,83.0281
2024-11-21,82.9638
2024-11-22,83.0098
2024-11-25,85.1587
2024-11-26,84.8281
2024-11-27,85.4159
2024-11-29,86.2975
2024-12-02,86.5048
2024-12-03,85.7583
2024-12-04,86.6799
2024-12-05,86.8550
2024-12-06,86.9840
2024-12-09,86.1823
2024-12-10,85.7768
2024-12-11,84.9658
2024-12-12,83.9337
2024-12-13,83.0767
2024-12-16,83.3255
2024-12-17,83.5283
2024-12-18,82.4838
2024-12-19,81.2349
2024-12-20,81.6974
2024-12-23,80.9481
2024-12-24,81.2904
2024-12-26,81.2441
2024-12-27,80.5780
2024-12-30,81.2256
2024-12-31,80.7908
2025-01-02,81.0128
2025-01-03,80.7538
2025-01-06,80.3930
2025-01-07,79.4864
2025-01-08,79.5882
2025-01-10,79.0608
2025-01-13,79.0331
2025-01-14,78.9036
2025-01-15,80.2635
2025-01-16,80.5225
2025-01-17,80.6613
2025-01-21,81.3829
2025-01-22,80.9573
2025-01-23,80.3283
2025-01-24,80.6891
2025-01-27,81.6419
2025-01-28,81.5864
2025-01-29,81.4199
2025-01-30,81.7252
2025-01-31,81.1886
2025-02-03,81.8497
2025-02-04,82.1003
2025-02-05,83.4558
2025-02-06,83.4187
2025-02-07,82.8802
2025-02-10,82.6295
2025-02-11,82.1003
2025-02-12,80.9862
2025-02-13,82.3324
2025-02-14,82.7688
2025-02-18,81.7939
2025-02-19,81.8961
2025-02-20,82.2025
2025-02-21,83.1959
2025-02-24,83.4373
2025-02-25,84.8763
2025-02-26,85.3777
2025-02-27,84.7742
2025-02-28,85.8140
2025-03-03,86.2145
2025-03-04,85.1528
2025-03-05,84.4729
2025-03-06,84.1935
2025-03-07,83.9234
2025-03-10,84.7989
2025-03-11,84.1935
2025-03-12,83.6905
2025-03-13,84.4263
2025-03-14,83.9793
2025-03-17,84.3984
2025-03-18,84.4822
2025-03-19,84.9199
2025-03-20,84.9758
2025-03-21,84.4729
2025-03-24,83.6067
2025-03-25,83.5974
2025-03-26,83.0479
2025-03-27,82.8058
2025-03-28,83.9513
2025-03-31,84.7802
2025-04-01,85.5149
2025-04-02,85.4588
2025-04-03,85.8514
2025-04-04,86.7861
2025-04-07,84.1689
2025-04-08,82.5800
2025-04-09,83.0660
2025-04-10,80.7760
2025-04-11,81.2153
2025-04-14,81.7948
2025-04-15,82.0846
2025-04-16,82.5426
2025-04-17,81.8135
2025-04-21,80.3834
2025-04-22,80.8321
2025-04-23,81.6172
2025-04-24,82.4772
2025-04-25,83.0847
2025-04-28,83.6081
2025-04-29,84.3091
2025-04-30,83.6268
2025-05-01,83.2028
2025-05-02,82.3022
2025-05-05,81.8425
2025-05-06,82.1146
2025-05-07,82.4617
2025-05-08,81.5423
2025-05-09,81.6643
2025-05-12,80.9044
2025-05-13,80.5760
2025-05-14,80.0413
2025-05-15,80.7449
2025-05-16,80.9606
2025-05-19,80.7261
2025-05-20,80.1445
2025-05-21,78.7748
2025-05-22,79.1876
2025-05-23,79.3189
2025-05-27,80.4259
2025-05-28,80.0788
2025-05-29,80.8199
2025-05-30,80.9419
2025-06-02,80.1886
2025-06-03,80.0473
2025-06-04,81.3468
2025-06-05,81.4033
2025-06-06,80.3675
2025-06-09,80.4522
2025-06-10,80.8665
2025-06-11,81.1114
2025-06-12,82.0813
2025-06-13,81.2903
2025-06-16,80.4711
2025-06-17,81.4504
2025-06-18,81.5916
2025-06-20,81.4409
2025-06-23,81.7046
2025-06-24,82.2978
2025-06-25,82.4014
2025-06-26,82.8157
2025-06-27,82.2884
2025-06-30,83.0982
2025-07-01,83.3042
2025-07-02,82.7750
2025-07-03,82.1984
2025-07-07,81.4140
2025-07-08,81.3100
2025-07-09,82.1606
2025-07-10,82.2173
2025-07-11,81.0832
2025-07-14,80.9130
2025-07-15,80.3460
2025-07-16,80.4594
2025-07-17,80.4405
2025-07-18,80.5633
2025-07-21,81.2816
2025-07-22,81.7731
2025-07-23,81.3195
2025-07-24,81.1777
2025-07-25,81.6881
2025-07-28,81.1588
2025-07-29,82.5292
2025-07-30,82.1039
2025-07-31,82.1512
2025-08-01,83.3191
2025-08-04,83.5468
2025-08-05,83.8030
2025-08-06,83.3191
2025-08-07,83.1768
2025-08-08,82.8163
2025-08-11,82.9111
2025-08-12,82.4937
2025-08-13,83.1768
2025-08-14,82.5601
2025-08-15,81.9719
2025-08-18,81.7347
2025-08-19,82.2091
2025-08-20,82.3893
2025-08-21,81.9814
2025-08-22,82.5886
2025-08-25,82.3514
2025-08-26,82.3039
2025-08-27,82.2091
2025-08-28,82.7498
2025-08-29,82.1616
2025-09-02,81.5502
2025-09-03,82.4454
2025-09-04,83.0740
2025-09-05,84.3406
2025-09-08,85.4644
2025-09-09,84.9787
2025-09-10,85.4644
2025-09-11,86.0358
2025-09-12,85.6644
2025-09-15,85.8644
2025-09-16,86.0453
2025-09-17,85.8263
2025-09-18,84.9406
2025-09-19,84.7787
2025-09-22,84.4739
2025-09-23,85.0644
2025-09-24,84.7406
2025-09-25,84.7406
2025-09-26,84.6644
2025-09-29,85.3596
2025-09-30,85.1120
2025-10-01,85.3318
2025-10-02,85.5803
2025-10-03,85.4178
2025-10-06,84.7393
2025-10-07,85.2267
2025-10-08,85.2936
2025-10-09,85.2267
2025-10-10,86.6029
2025-10-13,86.5551
2025-10-14,86.8322
2025-10-15,86.6411
2025-10-16,87.2909
2025-10-17,87.1571
2025-10-20,87.4916
2025-10-21,87.9217
2025-10-22,87.9790
2025-10-23,87.3769
2025-10-24,87.4152
2025-10-27,87.7114
2025-10-28,87.9408
2025-10-29,87.0520
2025-10-30,86.5455
2025-10-31,86.2875
2025-11-03,86.0717
2025-11-04,86.2635
2025-11-05,85.3236
2025-11-06,86.0909
2025-11-07,85.9086
2025-11-10,85.8895
2025-11-11,86.2827
2025-11-12,86.4361
2025-11-13,85.7264
2025-11-14,85.2372
2025-11-17,85.4483
2025-11-18,85.4195
2025-11-19,85.2468
2025-11-20,85.5825
2025-11-21,85.8415
2025-11-24,86.3307
2025-11-25,86.5512
2025-11-26,86.9349
2025-11-28,86.5225
2025-12-01,85.4454
2025-12-02,85.4839
2025-12-03,85.7245
2025-12-04,85.2625
2025-12-05,84.8679
2025-12-08,84.5887
2025-12-09,84.6753
2025-12-10,85.0026
2025-12-11,84.8871
2025-12-12,84.0689
2025-12-15,84.1267
2025-12-16,84.5887
2025-12-17,84.5117
2025-12-18,84.9160
2025-12-19,84.5990
2025-12-22,84.4154
2025-12-23,84.5507
2025-12-24,85.0629
2025-12-26,84.7826
2025-12-29,85.1015
2025-12-30,84.8986
2025-12-31,84.2222
2026-01-02,84.0966
2026-01-05,84.5121
2026-01-06,84.3381
2026-01-07,84.8309
2026-01-08,84.4058
2026-01-09,84.9662
2026-01-12,84.7150
2026-01-13,84.8599
2026-01-14,85.3527
2026-01-15,85.3334
2026-01-16,84.8406
2026-01-20,83.7294
2026-01-21,84.3671
2026-01-22,84.7343
2026-01-23,84.9662
2026-01-26,85.3721
2026-01-27,84.8406
2026-01-28,84.6473
2026-01-29,84.6667
2026-01-30,84.1932
2026-02-02,83.9526
2026-02-03,84.1563
2026-02-04,83.9429
2026-02-05,84.8547
2026-02-06,84.9129
2026-02-09,84.8935
2026-02-10,85.8732
2026-02-11,85.4173
2026-02-12,86.5522
2026-02-13,87.0275
2026-02-17,87.1730
2026-02-18,86.8432
2026-02-19,86.9305
2026-02-20,86.7268
2026-02-23,87.0469
2026-02-24,87.2021
2026-02-25,87.2118
2026-02-26,87.5610
2026-02-27,88.0945
2026-03-02,87.2098
2026-03-03,87.0347
2026-03-04,86.7622
2026-03-05,86.4118
2026-03-06,86.0906
2026-03-09,86.8400
2026-03-10,85.9155
2026-03-11,84.8060
2026-03-12,84.6406
2026-03-13,84.2221
2026-03-16,84.8741
2026-03-17,85.1077
2026-03-18,84.6308
2026-03-19,85.1466
2026-03-20,83.5311
2026-03-23,84.0761
2026-03-24,83.7063
2026-03-25,84.5140
2026-03-26,83.8036
2026-03-27,83.3462
2026-03-30,84.4556
2026-03-31,84.3681
2026-04-01,84.2850
2026-04-02,84.8029
2026-04-06,84.6661
2026-04-07,84.6563
2026-04-08,84.9299
2026-04-09,84.7149
2026-04-10,84.5097
2026-04-13,84.7638
2026-04-14,85.2132
2026-04-15,84.8419
2026-04-16,84.3045
2026-04-17,85.0764
2026-04-20,85.0569
2026-04-21,84.5879
2026-04-22,84.7540
2026-04-23,84.5684
2026-04-24,84.7247
2026-04-27,84.3045
2026-04-28,84.3925
2026-04-29,83.7378
2026-04-30,83.6596
2026-05-01,83.9588
2026-05-04,83.3213
2026-05-05,83.7822
2026-05-06,84.4197
2026-05-07,83.9980
2026-05-08,84.4197
2026-05-11,83.9097
2026-05-12,83.3507
2026-05-13,83.1644
2026-05-14,83.2821
2026-05-15,82.0464
2026-05-18,81.9483
2026-05-19,81.4187
2026-05-20,82.2916
2026-05-21,82.5956
2026-05-22,83.0467
2026-05-26,83.4586
2026-05-27,83.6547
2026-05-28,84.0863
2026-05-29,84.1059
2026-06-01,84.1512
2026-06-02,84.3284
2026-06-03,83.9936
2026-06-04,84.1807
2026-06-05,83.7475
2026-06-08,83.3143
2026-06-09,83.8066
2026-06-10,83.5703
2026-06-11,84.6533
2026-06-12,84.4465
2026-06-15,84.3973
2026-06-16,84.8601
2026-06-17,84.9979
2026-06-18,85.4114
2026-06-22,84.7616
2026-06-23,84.8699
2026-06-24,86.0317
2026-06-25,86.0022
2026-06-26,86.0120
2026-06-29,86.1006
2026-06-30,85.0865
2026-07-01,84.5114
2026-07-02,84.5015
2026-07-06,84.4422
2026-07-07,83.5528
2026-07-08,83.3651
2026-07-09,83.4935
2026-07-10,83.4738
2026-07-13,82.9797
2026-07-14,83.0884
2026-07-15,83.2465
2026-07-16,83.2168
2026-07-17,83.5232
2026-07-20,82.9006
2026-07-21,82.6733
2026-07-22,82.4559
2026-07-23,82.1891
2026-07-24,82.2681
2026-07-27,82.7622
2026-07-28,83.2465
2026-07-29,81.8729
2026-07-30,81.8234
2026-07-31,81.2799
2026-08-03,81.5478
2026-08-04,82.1729
2026-08-05,82.3515
2026-08-06,81.8752
2026-08-07,82.1134
2026-08-10,81.4188
2026-08-11,81.5478
2026-08-12,81.4685
2026-08-13,81.9447
2026-08-14,81.3990
2026-08-17,80.7144
2026-08-18,81.0220
2026-08-19,82.3713
2026-08-20,81.6966
2026-08-21,81.4089
2026-08-24,81.9149
2026-08-25,82.8178
2026-08-26,82.6492
2026-08-27,82.4805
2026-08-28,82.2324
2026-08-31,81.8752
2026-09-01,81.5416
2026-09-02,81.6213
2026-09-03,81.7408
2026-09-04,81.8802
2026-09-08,81.8703
2026-09-09,81.4022
2026-09-10,80.4560
2026-09-11,80.5456
2026-09-14,80.6054
2026-09-15,80.3862
2026-09-16,80.5556
2026-09-17,81.4520
2026-09-18,80.9241
2026-09-21,81.4719
2026-09-22,81.4221
2026-09-23,80.1372
2026-09-24,79.1014
2026-09-25,79.0018
2026-09-28,78.3046
2026-09-29,77.9162
2026-09-30,77.4680
2026-10-01,77.7100
2026-10-02,77.4800
2026-10-05,77.1100
2026-10-06,77.2800
2026-10-07,77.1500
2026-10-08,77.8700
2026-10-09,77.9800
